{
  "intrinsic_value_pt": 6260055605778.116,
  "intrinsic_value_per_share": 578.1893050501632,
  "v0": 3293583248822.5586,
  "v0_adjusted": 3293583248822.5586,
  "alpha": 0.9006823671501419,
  "alpha_was_capped": false,
  "future_values": {
    "1年後": 761.67,
    "2年後": 1003.37,
    "3年後": 1321.78
  },
  "upside_percent": 147.5,
  "calculation_date": "2026-04-10",
  "formula": "Koichi式 v5.2（αキャップ＋RPO補正＋データガード）",
  "components": {
    "fcf_5yr_avg": 86683200000.0,
    "diluted_shares": 10827000000,
    "roe_10yr_avg": 0.18228095525657637,
    "current_price": 233.65,
    "fcf_list_raw": [
      46327000000,
      46752000000,
      84946000000,
      115877000000,
      139514000000
    ],
    "latest_revenue": 716924000000.0,
    "rpo": 0.0,
    "eps_data": {
      "ticker": "AMZN"
    },
    "high_growth_rate_used": 0.31733400692116587,
    "pv_high": 388169643988.6614,
    "pv_terminal": 2905413604833.897,
    "roe_used": 0.18228095525657637,
    "fcf_floor_applied": 0.0,
    "rpo_adjustment": 0.0,
    "alpha_uncapped": 0.9006823671501419
  }
}