{
  "intrinsic_value_pt": 4651114597063.337,
  "intrinsic_value_per_share": 186.49216507872242,
  "v0": 2323692288915.188,
  "v0_adjusted": 2325557298531.6685,
  "alpha": 1.0,
  "alpha_was_capped": true,
  "future_values": {
    "1年後": 279.74,
    "2年後": 419.61,
    "3年後": 629.41
  },
  "upside_percent": 1.4,
  "calculation_date": "2026-04-10",
  "formula": "Koichi式 v5.2（αキャップ＋RPO補正＋データガード）",
  "components": {
    "fcf_5yr_avg": 41929200000.0,
    "diluted_shares": 24940000000,
    "roe_10yr_avg": 0.4564387976956358,
    "current_price": 183.91,
    "fcf_list_raw": [
      9108000000,
      5641000000,
      28090000000,
      64089000000,
      102718000000
    ],
    "latest_revenue": 215938000000.0,
    "rpo": 2300000000.0,
    "eps_data": {
      "ticker": "NVDA"
    },
    "high_growth_rate_used": 0.5,
    "pv_high": 248894989382.29828,
    "pv_terminal": 2074797299532.8896,
    "roe_used": 0.4564387976956358,
    "fcf_floor_applied": 0.0,
    "rpo_adjustment": 1865009616.4806278,
    "alpha_uncapped": 2.255344647437259
  }
}