Price,NVDA
Ticker,NVDA
Date,
2011-01-03,0.36258843541145325
2011-01-04,0.3614424765110016
2011-01-05,0.38917502760887146
2011-01-06,0.44303634762763977
2011-01-07,0.4554128646850586
2011-01-10,0.4728316068649292
2011-01-11,0.4654974341392517
2011-01-12,0.5351731181144714
2011-01-13,0.5360899567604065
2011-01-14,0.5406737923622131
2011-01-18,0.5280681252479553
2011-01-19,0.5136287808418274
2011-01-20,0.5140871405601501
2011-01-21,0.5092740058898926
2011-01-24,0.5668023228645325
2011-01-25,0.5493831038475037
2011-01-26,0.5624474287033081
2011-01-27,0.560843288898468
2011-01-28,0.5445703268051147
2011-01-31,0.5482375025749207
2011-02-01,0.560843288898468
2011-02-02,0.586283802986145
2011-02-03,0.5752824544906616
2011-02-04,0.5883467197418213
2011-02-07,0.5638226270675659
2011-02-08,0.5470914244651794
2011-02-09,0.5337977409362793
2011-02-10,0.5230258703231812
2011-02-11,0.5379233360290527
2011-02-14,0.5296726226806641
2011-02-15,0.5168375968933105
2011-02-16,0.535860538482666
2011-02-17,0.5885758399963379
2011-02-18,0.587429940700531
2011-02-22,0.5319643616676331
2011-02-23,0.5067527890205383
2011-02-24,0.5191293358802795
2011-02-25,0.5299015045166016
2011-02-28,0.5193588733673096
2011-03-01,0.4962098300457001
2011-03-02,0.4755821228027344
2011-03-03,0.4783323407173157
2011-03-04,0.4758114218711853
2011-03-07,0.4691646695137024
2011-03-08,0.44807860255241394
2011-03-09,0.43868154287338257
2011-03-10,0.4107196033000946
2011-03-11,0.41369912028312683
2011-03-14,0.4171370267868042
2011-03-15,0.40476059913635254
2011-03-16,0.40178096294403076
2011-03-17,0.40934446454048157
2011-03-18,0.40384379029273987
2011-03-21,0.4070524573326111
2011-03-22,0.39994731545448303
2011-03-23,0.4081984758377075
2011-03-24,0.4407443404197693
2011-03-25,0.4269925653934479
2011-03-28,0.44280701875686646
2011-03-29,0.43936920166015625
2011-03-30,0.42286694049835205
2011-03-31,0.4230962097644806
2011-04-01,0.4171370267868042
2011-04-04,0.4022393524646759
2011-04-05,0.4029269516468048
2011-04-06,0.4001765251159668
2011-04-07,0.41484516859054565
2011-04-08,0.4022393524646759
2011-04-11,0.3969677984714508
2011-04-12,0.39811375737190247
2011-04-13,0.4070524573326111
2011-04-14,0.42424216866493225
2011-04-15,0.42882606387138367
2011-04-18,0.4146158695220947
2011-04-19,0.4130115509033203
2011-04-20,0.42561739683151245
2011-04-21,0.42447125911712646
2011-04-25,0.43111807107925415
2011-04-26,0.4423486590385437
2011-04-27,0.4423486590385437
2011-04-28,0.4471617639064789
2011-04-29,0.4583924114704132
2011-05-02,0.4522040784358978
2011-05-03,0.4306597113609314
2011-05-04,0.4274509847164154
2011-05-05,0.4276801347732544
2011-05-06,0.44280701875686646
2011-05-09,0.45266255736351013
2011-05-10,0.45335015654563904
2011-05-11,0.4554128646850586
2011-05-12,0.4698522388935089
2011-05-13,0.4185122549533844
2011-05-16,0.40567731857299805
2011-05-17,0.4040728509426117
2011-05-18,0.41346994042396545
2011-05-19,0.4075108766555786
2011-05-20,0.4146158695220947
2011-05-23,0.41415756940841675
2011-05-24,0.41576194763183594
2011-05-25,0.4208042621612549
2011-05-26,0.4313472509384155
2011-05-27,0.4469326436519623
2011-05-31,0.4593091607093811
2011-06-01,0.43868154287338257
2011-06-02,0.43661871552467346
2011-06-03,0.4230962097644806
2011-06-06,0.41415756940841675
2011-06-07,0.413928359746933
2011-06-08,0.40269774198532104
2011-06-09,0.39811375737190247
2011-06-10,0.3923839330673218
2011-06-13,0.3896336555480957
2011-06-14,0.3928423523902893
2011-06-15,0.38436198234558105
2011-06-16,0.3710685670375824
2011-06-17,0.3623591661453247
2011-06-20,0.35800451040267944
2011-06-21,0.3657970428466797
2011-06-22,0.3607547879219055
2011-06-23,0.3715270459651947
2011-06-24,0.3607547879219055
2011-06-27,0.3531913161277771
2011-06-28,0.355254203081131
2011-06-29,0.3607547879219055
2011-06-30,0.36533859372138977
2011-07-01,0.37015193700790405
2011-07-05,0.36396366357803345
2011-07-06,0.3591504991054535
2011-07-07,0.36052560806274414
2011-07-08,0.353649765253067
2011-07-11,0.34127309918403625
2011-07-12,0.3366892337799072
2011-07-13,0.33600157499313354
2011-07-14,0.3227083384990692
2011-07-15,0.32316654920578003
2011-07-18,0.3162907063961029
2011-07-19,0.32591712474823
2011-07-20,0.3217914402484894
2011-07-21,0.33691853284835815
2011-07-22,0.3437941372394562
2011-07-25,0.3382936120033264
2011-07-26,0.3300425708293915
2011-07-27,0.3176659941673279
2011-07-28,0.31697848439216614
2011-07-29,0.31697848439216614
2011-08-01,0.3339387774467468
2011-08-02,0.33050093054771423
2011-08-03,0.3394396901130676
2011-08-04,0.3071229159832001
2011-08-05,0.2968090772628784
2011-08-08,0.2734310030937195
2011-08-09,0.29635053873062134
2011-08-10,0.28282809257507324
2011-08-11,0.30735206604003906
2011-08-12,0.29520463943481445
2011-08-15,0.306435227394104
2011-08-16,0.2977258563041687
2011-08-17,0.2936004400253296
2011-08-18,0.2736603319644928
2011-08-19,0.2688470482826233
2011-08-22,0.2736603319644928
2011-08-23,0.30322664976119995
2011-08-24,0.298871785402298
2011-08-25,0.28603681921958923
2011-08-26,0.2981843054294586
2011-08-29,0.3062060475349426
2011-08-30,0.31354036927223206
2011-08-31,0.30506014823913574
2011-09-01,0.3043726682662964
2011-09-02,0.2961214780807495
2011-09-06,0.3020804822444916
2011-09-07,0.3266045153141022
2011-09-08,0.32500022649765015
2011-09-09,0.31812426447868347
2011-09-12,0.32568779587745667
2011-09-13,0.3330220878124237
2011-09-14,0.35021185874938965
2011-09-15,0.355254203081131
2011-09-16,0.35433733463287354
2011-09-19,0.3470030725002289
2011-09-20,0.33806443214416504
2011-09-21,0.33164697885513306
2011-09-22,0.3096439838409424
2011-09-23,0.31606146693229675
2011-09-26,0.3167491853237152
2011-09-27,0.31720757484436035
2011-09-28,0.3075813055038452
2011-09-29,0.3000178635120392
2011-09-30,0.28672438859939575
2011-10-03,0.2706807255744934
2011-10-04,0.295663058757782
2011-10-05,0.3062060475349426
2011-10-06,0.3183535039424896
2011-10-07,0.32431262731552124
2011-10-10,0.33875203132629395
2011-10-11,0.33508479595184326
2011-10-12,0.3348556458950043
2011-10-13,0.35433733463287354
2011-10-14,0.3602963984012604
2011-10-17,0.3424190580844879
2011-10-18,0.3547956943511963
2011-10-19,0.3476906716823578
2011-10-20,0.3302716910839081
2011-10-21,0.3318760395050049
2011-10-24,0.34425267577171326
2011-10-25,0.33118852972984314
2011-10-26,0.33508479595184326
2011-10-27,0.34952422976493835
2011-10-28,0.35754603147506714
2011-10-31,0.3392103612422943
2011-11-01,0.3222498297691345
2011-11-02,0.3167491853237152
2011-11-03,0.33577242493629456
2011-11-04,0.33966878056526184
2011-11-07,0.3378351926803589
2011-11-08,0.34562796354293823
2011-11-09,0.32820895314216614
2011-11-10,0.33164697885513306
2011-11-11,0.34333595633506775
2011-11-14,0.3366892337799072
2011-11-15,0.34104403853416443
2011-11-16,0.334168016910553
2011-11-17,0.3222498297691345
2011-11-18,0.31927040219306946
2011-11-21,0.335314005613327
2011-11-22,0.34562796354293823
2011-11-23,0.330959290266037
2011-11-25,0.3217914402484894
2011-11-28,0.3398979604244232
2011-11-29,0.3417315185070038
2011-11-30,0.35823363065719604
2011-12-01,0.36258843541145325
2011-12-02,0.3602963984012604
2011-12-05,0.3547956943511963
2011-12-06,0.3497534692287445
2011-12-07,0.3476906716823578
2011-12-08,0.3366892337799072
2011-12-09,0.34150242805480957
2011-12-12,0.3330220878124237
2011-12-13,0.3238541781902313
2011-12-14,0.31124845147132874
2011-12-15,0.3084980249404907
2011-12-16,0.3096439838409424
2011-12-19,0.301622211933136
2011-12-20,0.3185827434062958
2011-12-21,0.31445732712745667
2011-12-22,0.32797977328300476
2011-12-23,0.32477110624313354
2011-12-27,0.3222498297691345
2011-12-28,0.31422796845436096
2011-12-29,0.3201870918273926
2011-12-30,0.3176659941673279
2012-01-03,0.3217914402484894
2012-01-04,0.3254586458206177
2012-01-05,0.33714762330055237
2012-01-06,0.3332512676715851
2012-01-09,0.3332512676715851
2012-01-10,0.3318760395050049
2012-01-11,0.32522937655448914
2012-01-12,0.32316654920578003
2012-01-13,0.3146864175796509
2012-01-17,0.3098732531070709
2012-01-18,0.32041630148887634
2012-01-19,0.3288966119289398
2012-01-20,0.32591712474823
2012-01-23,0.3348556458950043
2012-01-24,0.3424190580844879
2012-01-25,0.3403562903404236
2012-01-26,0.33714762330055237
2012-01-27,0.3417315185070038
2012-01-30,0.3392103612422943
2012-01-31,0.338522732257843
2012-02-01,0.3421900272369385
2012-02-02,0.35502487421035767
2012-02-03,0.36258843541145325
2012-02-06,0.35983797907829285
2012-02-07,0.3607547879219055
2012-02-08,0.37381893396377563
2012-02-09,0.37358981370925903
2012-02-10,0.36442193388938904
2012-02-13,0.37015193700790405
2012-02-14,0.3722146451473236
2012-02-15,0.37061020731925964
2012-02-16,0.37702786922454834
2012-02-17,0.363275945186615
2012-02-21,0.3651095926761627
2012-02-22,0.36258843541145325
2012-02-23,0.3646511733531952
2012-02-24,0.36190077662467957
2012-02-27,0.3545666038990021
2012-02-28,0.3513577878475189
2012-02-29,0.34723228216171265
2012-03-01,0.34952422976493835
2012-03-02,0.3525036573410034
2012-03-05,0.3405855596065521
2012-03-06,0.33737683296203613
2012-03-07,0.3394396901130676
2012-03-08,0.3405855596065521
2012-03-09,0.33966878056526184
2012-03-12,0.33439722657203674
2012-03-13,0.3389812707901001
2012-03-14,0.3293548822402954
2012-03-15,0.334168016910553
2012-03-16,0.3346264064311981
2012-03-19,0.3355432450771332
2012-03-20,0.3300425708293915
2012-03-21,0.3314175605773926
2012-03-22,0.330959290266037
2012-03-23,0.3334805369377136
2012-03-26,0.33737683296203613
2012-03-27,0.33966878056526184
2012-03-28,0.34746140241622925
2012-03-29,0.3490658700466156
2012-03-30,0.3529621660709381
2012-04-02,0.3513577878475189
2012-04-03,0.34562796354293823
2012-04-04,0.33577242493629456
2012-04-05,0.335314005613327
2012-04-09,0.330959290266037
2012-04-10,0.3245418965816498
2012-04-11,0.32866740226745605
2012-04-12,0.336460143327713
2012-04-13,0.3245418965816498
2012-04-16,0.3206455111503601
2012-04-17,0.3213330805301666
2012-04-18,0.31789520382881165
2012-04-19,0.3130819797515869
2012-04-20,0.3068936765193939
2012-04-23,0.30322664976119995
2012-04-24,0.29382947087287903
2012-04-25,0.2997886836528778
2012-04-26,0.3000178635120392
2012-04-27,0.29749664664268494
2012-04-30,0.29795509576797485
2012-05-01,0.30322664976119995
2012-05-02,0.29451704025268555
2012-05-03,0.28947487473487854
2012-05-04,0.2809945344924927
2012-05-07,0.2858077585697174
2012-05-08,0.2855784296989441
2012-05-09,0.28672438859939575
2012-05-10,0.2846616804599762
2012-05-11,0.30276814103126526
2012-05-14,0.3009345829486847
2012-05-15,0.29795509576797485
2012-05-16,0.29199591279029846
2012-05-17,0.28993314504623413
2012-05-18,0.276868999004364
2012-05-21,0.28168219327926636
2012-05-22,0.2782441973686218
2012-05-23,0.2851201891899109
2012-05-24,0.27755656838417053
2012-05-25,0.28420326113700867
2012-05-29,0.29153749346733093
2012-05-30,0.2880997359752655
2012-05-31,0.2848910093307495
2012-06-01,0.2745770215988159
2012-06-04,0.2688470482826233
2012-06-05,0.27663978934288025
2012-06-06,0.2839740216732025
2012-06-07,0.27251434326171875
2012-06-08,0.2777858376502991
2012-06-11,0.2809945344924927
2012-06-12,0.28672438859939575
2012-06-13,0.27916091680526733
2012-06-14,0.27572306990623474
2012-06-15,0.28168219327926636
2012-06-18,0.28420326113700867
2012-06-19,0.30345579981803894
2012-06-20,0.3082689344882965
2012-06-21,0.29428791999816895
2012-06-22,0.29795509576797485
2012-06-25,0.28855809569358826
2012-06-26,0.2917667627334595
2012-06-27,0.30116385221481323
2012-06-28,0.30345579981803894
2012-06-29,0.3167491853237152
2012-07-02,0.3082689344882965
2012-07-03,0.3162907063961029
2012-07-05,0.3130819797515869
2012-07-06,0.3071229159832001
2012-07-09,0.302997350692749
2012-07-10,0.29382947087287903
2012-07-11,0.2890164256095886
2012-07-12,0.28420326113700867
2012-07-13,0.28787025809288025
2012-07-16,0.288787305355072
2012-07-17,0.2835157513618469
2012-07-18,0.29933029413223267
2012-07-19,0.3023097813129425
2012-07-20,0.2936004400253296
2012-07-23,0.29749664664268494
2012-07-24,0.29428791999816895
2012-07-25,0.3000178635120392
2012-07-26,0.3013930022716522
2012-07-27,0.30895641446113586
2012-07-30,0.3055185377597809
2012-07-31,0.31033164262771606
2012-08-01,0.3068936765193939
2012-08-02,0.3080397844314575
2012-08-03,0.31445732712745667
2012-08-06,0.32110387086868286
2012-08-07,0.32431262731552124
2012-08-08,0.32614627480506897
2012-08-09,0.33714762330055237
2012-08-10,0.33508479595184326
2012-08-13,0.3394396901130676
2012-08-14,0.33439722657203674
2012-08-15,0.3318760395050049
2012-08-16,0.33875203132629395
2012-08-17,0.33577242493629456
2012-08-20,0.33577242493629456
2012-08-21,0.3348556458950043
2012-08-22,0.3355432450771332
2012-08-23,0.32797977328300476
2012-08-24,0.3346264064311981
2012-08-27,0.3288966119289398
2012-08-28,0.32752135396003723
2012-08-29,0.32820895314216614
2012-08-30,0.3220207095146179
2012-08-31,0.3215622901916504
2012-09-04,0.3043726682662964
2012-09-05,0.3052893280982971
2012-09-06,0.3146864175796509
2012-09-07,0.3071229159832001
2012-09-10,0.3043726682662964
2012-09-11,0.3080397844314575
2012-09-12,0.3114776611328125
2012-09-13,0.31354036927223206
2012-09-14,0.31720757484436035
2012-09-17,0.3084980249404907
2012-09-18,0.3105608820915222
2012-09-19,0.31422796845436096
2012-09-20,0.31193608045578003
2012-09-21,0.31331127882003784
2012-09-24,0.3130819797515869
2012-09-25,0.30735206604003906
2012-09-26,0.3020804822444916
2012-09-27,0.3043726682662964
2012-09-28,0.3057476878166199
2012-10-01,0.3007054328918457
2012-10-02,0.30185142159461975
2012-10-03,0.298871785402298
2012-10-04,0.3121653199195862
2012-10-05,0.30483102798461914
2012-10-08,0.30185142159461975
2012-10-09,0.295433908700943
2012-10-10,0.2903915047645569
2012-10-11,0.29199591279029846
2012-10-12,0.28947487473487854
2012-10-15,0.2931419014930725
2012-10-16,0.301622211933136
2012-10-17,0.29933029413223267
2012-10-18,0.2947463095188141
2012-10-19,0.27755656838417053
2012-10-22,0.2743477523326874
2012-10-23,0.28259891271591187
2012-10-24,0.27893179655075073
2012-10-25,0.27916091680526733
2012-10-26,0.27618157863616943
2012-10-31,0.2745770215988159
2012-11-01,0.2876412272453308
2012-11-02,0.2862660884857178
2012-11-05,0.29841348528862
2012-11-06,0.2981843054294586
2012-11-07,0.2890164256095886
2012-11-08,0.2906208634376526
2012-11-09,0.27939000725746155
2012-11-12,0.27320200204849243
2012-11-13,0.27113911509513855
2012-11-14,0.26449236273765564
2012-11-15,0.26563844084739685
2012-11-16,0.2608253061771393
2012-11-19,0.26815953850746155
2012-11-20,0.2650454044342041
2012-11-21,0.2726578414440155
2012-11-23,0.274503231048584
2012-11-26,0.27934736013412476
2012-11-27,0.2805006802082062
2012-11-28,0.28280726075172424
2012-11-29,0.27773258090019226
2012-11-30,0.27611786127090454
2012-12-03,0.27104294300079346
2012-12-04,0.27911657094955444
2012-12-05,0.27588707208633423
2012-12-06,0.27634838223457336
2012-12-07,0.27588707208633423
2012-12-10,0.28511422872543335
2012-12-11,0.29180365800857544
2012-12-12,0.2888049781322479
2012-12-13,0.28903570771217346
2012-12-14,0.29041969776153564
2012-12-17,0.2892662286758423
2012-12-18,0.2897275984287262
2012-12-19,0.29180365800857544
2012-12-20,0.29157307744026184
2012-12-21,0.2848835289478302
2012-12-24,0.2825767993927002
2012-12-26,0.28234606981277466
2012-12-27,0.2805006802082062
2012-12-28,0.27911657094955444
2012-12-31,0.28280726075172424
2013-01-02,0.29341834783554077
2013-01-03,0.29364919662475586
2013-01-04,0.3033374547958374
2013-01-07,0.2945718765258789
2013-01-08,0.28811296820640564
2013-01-09,0.28165408968925476
2013-01-10,0.2821153998374939
2013-01-11,0.28165408968925476
2013-01-14,0.2814233899116516
2013-01-15,0.27634838223457336
2013-01-16,0.27888593077659607
2013-01-17,0.2825767993927002
2013-01-18,0.2807314097881317
2013-01-22,0.27934736013412476
2013-01-23,0.2798086702823639
2013-01-24,0.2811925709247589
2013-01-25,0.28626754879951477
2013-01-28,0.29088094830513
2013-01-29,0.2846528887748718
2013-01-30,0.2841915190219879
2013-01-31,0.28280726075172424
2013-02-01,0.28534483909606934
2013-02-04,0.2805006802082062
2013-02-05,0.28695958852767944
2013-02-06,0.2846528887748718
2013-02-07,0.2834993898868561
2013-02-08,0.28534483909606934
2013-02-11,0.2885742783546448
2013-02-12,0.28672879934310913
2013-02-13,0.28534483909606934
2013-02-14,0.29364919662475586
2013-02-15,0.29364919662475586
2013-02-19,0.2897275984287262
2013-02-20,0.2855754792690277
2013-02-21,0.2834993898868561
2013-02-22,0.2888049781322479
2013-02-25,0.2837301790714264
2013-02-26,0.28709539771080017
2013-02-27,0.2924334704875946
2013-02-28,0.2938261032104492
2013-03-01,0.29498642683029175
2013-03-04,0.2938261032104492
2013-03-05,0.2970753610134125
2013-03-06,0.2968432903289795
2013-03-07,0.2961469888687134
2013-03-08,0.2975394129753113
2013-03-11,0.29475435614585876
2013-03-12,0.2956826388835907
2013-03-13,0.2956826388835907
2013-03-14,0.2959149181842804
2013-03-15,0.2933618724346161
2013-03-18,0.2912730574607849
2013-03-19,0.28941628336906433
2013-03-20,0.29289767146110535
2013-03-21,0.288255900144577
2013-03-22,0.2896484136581421
2013-03-25,0.28802376985549927
2013-03-26,0.2901124954223633
2013-03-27,0.2935938537120819
2013-03-28,0.29777154326438904
2013-04-01,0.28802376985549927
2013-04-02,0.28500667214393616
2013-04-03,0.28152525424957275
2013-04-04,0.28431037068367004
2013-04-05,0.2891842722892761
2013-04-08,0.28848785161972046
2013-04-09,0.2931298017501831
2013-04-10,0.29777154326438904
2013-04-11,0.29637905955314636
2013-04-12,0.3038059175014496
2013-04-15,0.2975394129753113
2013-04-16,0.3007887303829193
2013-04-17,0.2968432903289795
2013-04-18,0.29104089736938477
2013-04-19,0.2917371988296509
2013-04-22,0.2922014594078064
2013-04-23,0.2998604476451874
2013-04-24,0.31007227301597595
2013-04-25,0.31262528896331787
2013-04-26,0.3112328052520752
2013-04-29,0.3149462938308716
2013-04-30,0.3195880651473999
2013-05-01,0.316802978515625
2013-05-02,0.3205163776874542
2013-05-03,0.3219088613986969
2013-05-06,0.32098057866096497
2013-05-07,0.316802978515625
2013-05-08,0.322605162858963
2013-05-09,0.32283729314804077
2013-05-10,0.3374589681625366
2013-05-13,0.330496221780777
2013-05-14,0.33537018299102783
2013-05-15,0.34117239713668823
2013-05-16,0.33954787254333496
2013-05-17,0.34511783719062805
2013-05-20,0.3444216549396515
2013-05-21,0.34803733229637146
2013-05-22,0.33590734004974365
2013-05-23,0.3412726819515228
2013-05-24,0.3391731083393097
2013-05-28,0.3389398157596588
2013-05-29,0.33684036135673523
2013-05-30,0.3412726819515228
2013-05-31,0.33754029870033264
2013-06-03,0.3370737135410309
2013-06-04,0.33754029870033264
2013-06-05,0.3303088843822479
2013-06-06,0.3324083089828491
2013-06-07,0.3370737135410309
2013-06-10,0.33684036135673523
2013-06-11,0.3305422067642212
2013-06-12,0.3277429938316345
2013-06-13,0.335207462310791
2013-06-14,0.33474108576774597
2013-06-17,0.33800676465034485
2013-06-18,0.33590734004974365
2013-06-19,0.34617117047309875
2013-06-20,0.33684036135673523
2013-06-21,0.3363739550113678
2013-06-24,0.3293757736682892
2013-06-25,0.33170855045318604
2013-06-26,0.32984235882759094
2013-06-27,0.32680994272232056
2013-06-28,0.32750967144966125
2013-07-01,0.328909307718277
2013-07-02,0.3286759555339813
2013-07-03,0.32960909605026245
2013-07-05,0.33217504620552063
2013-07-08,0.3305422067642212
2013-07-09,0.33217504620552063
2013-07-10,0.3366071283817291
2013-07-11,0.3412726819515228
2013-07-12,0.341505765914917
2013-07-15,0.34080588817596436
2013-07-16,0.3426722586154938
2013-07-17,0.34080588817596436
2013-07-18,0.33940640091896057
2013-07-19,0.33217504620552063
2013-07-22,0.3319418132305145
2013-07-23,0.33147525787353516
2013-07-24,0.33147525787353516
2013-07-25,0.3326416313648224
2013-07-26,0.3312419056892395
2013-07-29,0.3305422067642212
2013-07-30,0.33614060282707214
2013-07-31,0.33684036135673523
2013-08-01,0.341505765914917
2013-08-02,0.34430503845214844
2013-08-05,0.34593793749809265
2013-08-06,0.34080588817596436
2013-08-07,0.3405727744102478
2013-08-08,0.3429053723812103
2013-08-09,0.33800676465034485
2013-08-12,0.335207462310791
2013-08-13,0.3363739550113678
2013-08-14,0.35060325264930725
2013-08-15,0.3529359698295593
2013-08-16,0.35433560609817505
2013-08-19,0.34873709082603455
2013-08-20,0.35049545764923096
2013-08-21,0.34885433316230774
2013-08-22,0.35072994232177734
2013-08-23,0.35072994232177734
2013-08-26,0.35143327713012695
2013-08-27,0.3469788730144501
2013-08-28,0.3469788730144501
2013-08-29,0.3462754786014557
2013-08-30,0.34580668807029724
2013-09-03,0.3460410535335541
2013-09-04,0.34932318329811096
2013-09-05,0.3502610921859741
2013-09-06,0.34885433316230774
2013-09-09,0.354715496301651
2013-09-10,0.36221760511398315
2013-09-11,0.36831334233283997
2013-09-12,0.3680788278579712
2013-09-13,0.37042325735092163
2013-09-16,0.37065765261650085
2013-09-17,0.3718299865722656
2013-09-18,0.3751122057437897
2013-09-19,0.37347114086151123
2013-09-20,0.3701889216899872
2013-09-23,0.36667218804359436
2013-09-24,0.3680788278579712
2013-09-25,0.3685477375984192
2013-09-26,0.36737561225891113
2013-09-27,0.36526554822921753
2013-09-30,0.36479663848876953
2013-10-01,0.3645622134208679
2013-10-02,0.36432766914367676
2013-10-03,0.36057665944099426
2013-10-04,0.36549994349479675
2013-10-07,0.36549994349479675
2013-10-08,0.36245208978652954
2013-10-09,0.3568253815174103
2013-10-10,0.36081114411354065
2013-10-11,0.35776323080062866
2013-10-14,0.3631554841995239
2013-10-15,0.36128002405166626
2013-10-16,0.36573439836502075
2013-10-17,0.3664375841617584
2013-10-18,0.37065765261650085
2013-10-21,0.3715955913066864
2013-10-22,0.36971989274024963
2013-10-23,0.3633899986743927
2013-10-24,0.36081114411354065
2013-10-25,0.3572944104671478
2013-10-28,0.35659101605415344
2013-10-29,0.35705995559692383
2013-10-30,0.3568253815174103
2013-10-31,0.356122225522995
2013-11-01,0.35776323080062866
2013-11-04,0.3474477231502533
2013-11-05,0.3469788730144501
2013-11-06,0.34932318329811096
2013-11-07,0.34111782908439636
2013-11-08,0.36479663848876953
2013-11-11,0.36784452199935913
2013-11-12,0.3685477375984192
2013-11-13,0.37862879037857056
2013-11-14,0.38026997447013855
2013-11-15,0.3790977895259857
2013-11-18,0.3699544072151184
2013-11-19,0.3639437258243561
2013-11-20,0.35852229595184326
2013-11-21,0.3613508343696594
2013-11-22,0.3578152060508728
2013-11-25,0.36559373140335083
2013-11-26,0.36865800619125366
2013-11-27,0.3700721859931946
2013-11-29,0.36771515011787415
2013-12-02,0.3712509274482727
2013-12-03,0.3710152208805084
2013-12-04,0.3762008845806122
2013-12-05,0.3700721859931946
2013-12-06,0.3646508455276489
2013-12-09,0.35852229595184326
2013-12-10,0.36677229404449463
2013-12-11,0.36323654651641846
2013-12-12,0.3561650514602661
2013-12-13,0.35404375195503235
2013-12-16,0.3545151352882385
2013-12-17,0.3561650514602661
2013-12-18,0.3611151874065399
2013-12-19,0.3625294268131256
2013-12-20,0.36983662843704224
2013-12-23,0.37195807695388794
2013-12-24,0.37290096282958984
2013-12-26,0.3693651556968689
2013-12-27,0.371486634016037
2013-12-30,0.3764365315437317
2013-12-31,0.37761515378952026
2014-01-02,0.3738437592983246
2014-01-03,0.3693651556968689
2014-01-06,0.37431520223617554
2014-01-07,0.3804437816143036
2014-01-08,0.38562941551208496
2014-01-09,0.3712509274482727
2014-01-10,0.3707793056964874
2014-01-13,0.36205795407295227
2014-01-14,0.37337231636047363
2014-01-15,0.377379447221756
2014-01-16,0.3785580098628998
2014-01-17,0.37690818309783936
2014-01-21,0.3783222436904907
2014-01-22,0.3778509497642517
2014-01-23,0.3764365315437317
2014-01-24,0.36677229404449463
2014-01-27,0.36441510915756226
2014-01-28,0.3679508864879608
2014-01-29,0.36441510915756226
2014-01-30,0.3705437183380127
2014-01-31,0.3700721859931946
2014-02-03,0.3651222586631775
2014-02-04,0.3672437369823456
2014-02-05,0.3639437258243561
2014-02-06,0.36865800619125366
2014-02-07,0.3740796446800232
2014-02-10,0.3752581477165222
2014-02-11,0.3830365836620331
2014-02-12,0.3967079520225525
2014-02-13,0.4092009961605072
2014-02-14,0.422165185213089
2014-02-18,0.42192962765693665
2014-02-19,0.4275866746902466
2014-02-20,0.44267240166664124
2014-02-21,0.43937259912490845
2014-02-24,0.445736825466156
2014-02-25,0.4437241554260254
2014-02-26,0.44301387667655945
2014-02-27,0.4380413591861725
2014-02-28,0.43520012497901917
2014-03-03,0.43306902050971985
2014-03-04,0.43756788969039917
2014-03-05,0.44135648012161255
2014-03-06,0.43520012497901917
2014-03-07,0.43472644686698914
2014-03-10,0.42833346128463745
2014-03-11,0.4325956702232361
2014-03-12,0.43377944827079773
2014-03-13,0.42004624009132385
2014-03-14,0.4219403862953186
2014-03-17,0.4219403862953186
2014-03-18,0.4318851828575134
2014-03-19,0.4394620954990387
2014-03-20,0.4396989345550537
2014-03-21,0.438988596200943
2014-03-24,0.43685758113861084
2014-03-25,0.43685758113861084
2014-03-26,0.426912784576416
2014-03-27,0.4212300181388855
2014-03-28,0.42383477091789246
2014-03-31,0.42407140135765076
2014-04-01,0.4415931701660156
2014-04-02,0.438751757144928
2014-04-03,0.4434874653816223
2014-04-04,0.4297541081905365
2014-04-07,0.4311748147010803
2014-04-08,0.44656553864479065
2014-04-09,0.44609197974205017
2014-04-10,0.43520012497901917
2014-04-11,0.42904382944107056
2014-04-14,0.43377944827079773
2014-04-15,0.43685758113861084
2014-04-16,0.43780454993247986
2014-04-17,0.4394620954990387
2014-04-21,0.44301387667655945
2014-04-22,0.4468022584915161
2014-04-23,0.4520114064216614
2014-04-24,0.4560367166996002
2014-04-25,0.4434874653816223
2014-04-28,0.4415931701660156
2014-04-29,0.4425402581691742
2014-04-30,0.43733111023902893
2014-05-01,0.4396989345550537
2014-05-02,0.43638405203819275
2014-05-05,0.441119521856308
2014-05-06,0.43212196230888367
2014-05-07,0.4325956702232361
2014-05-08,0.4380413591861725
2014-05-09,0.4273863434791565
2014-05-12,0.4399356245994568
2014-05-13,0.432832270860672
2014-05-14,0.42857035994529724
2014-05-15,0.4262025058269501
2014-05-16,0.42525526881217957
2014-05-19,0.438988596200943
2014-05-20,0.4338742792606354
2014-05-21,0.4338742792606354
2014-05-22,0.4357773959636688
2014-05-23,0.4398210048675537
2014-05-27,0.4476708471775055
2014-05-28,0.4514767825603485
2014-05-29,0.45076319575309753
2014-05-30,0.45195239782333374
2014-06-02,0.4505251944065094
2014-06-03,0.4486224055290222
2014-06-04,0.4490981101989746
2014-06-05,0.45100098848342896
2014-06-06,0.45266610383987427
2014-06-09,0.45314183831214905
2014-06-10,0.4555204212665558
2014-06-11,0.4614672064781189
2014-06-12,0.46432170271873474
2014-06-13,0.46479740738868713
2014-06-16,0.46337026357650757
2014-06-17,0.46646246314048767
2014-06-18,0.4659866988658905
2014-06-19,0.455282598733902
2014-06-20,0.45028746128082275
2014-06-23,0.4450542628765106
2014-06-24,0.4381559491157532
2014-06-25,0.44267550110816956
2014-06-26,0.43672874569892883
2014-06-27,0.43720459938049316
2014-06-30,0.44101041555404663
2014-07-01,0.44600576162338257
2014-07-02,0.4443405866622925
2014-07-03,0.4483844041824341
2014-07-07,0.4448162615299225
2014-07-08,0.4412482976913452
2014-07-09,0.4545690417289734
2014-07-10,0.4521903693675995
2014-07-11,0.45314183831214905
2014-07-14,0.4588506519794464
2014-07-15,0.4607536494731903
2014-07-16,0.4602779150009155
2014-07-17,0.459088534116745
2014-07-18,0.4386317729949951
2014-07-21,0.4412482976913452
2014-07-22,0.43934541940689087
2014-07-23,0.4300684332847595
2014-07-24,0.43078213930130005
2014-07-25,0.42317020893096924
2014-07-28,0.4215050935745239
2014-07-29,0.42293238639831543
2014-07-30,0.4300684332847595
2014-07-31,0.4162719249725342
2014-08-01,0.42079153656959534
2014-08-04,0.419840008020401
2014-08-05,0.42007794976234436
2014-08-06,0.41960227489471436
2014-08-07,0.415320485830307
2014-08-08,0.45195239782333374
2014-08-11,0.4495737552642822
2014-08-12,0.4495737552642822
2014-08-13,0.4521903693675995
2014-08-14,0.4471951425075531
2014-08-15,0.45290401577949524
2014-08-18,0.459088534116745
2014-08-19,0.4627918601036072
2014-08-20,0.45992472767829895
2014-08-21,0.4556241035461426
2014-08-22,0.45586299896240234
2014-08-25,0.45657989382743835
2014-08-26,0.464703232049942
2014-08-27,0.45944690704345703
2014-08-28,0.4632696211338043
2014-08-29,0.464703232049942
2014-09-02,0.4658977687358856
2014-09-03,0.4701984226703644
2014-09-04,0.47856074571609497
2014-09-05,0.4771270751953125
2014-09-08,0.4728264808654785
2014-09-09,0.46685346961021423
2014-09-10,0.4685259163379669
2014-09-11,0.4637475311756134
2014-09-12,0.45681867003440857
2014-09-15,0.45060694217681885
2014-09-16,0.4572966396808624
2014-09-17,0.4575354754924774
2014-09-18,0.4644642472267151
2014-09-19,0.45586299896240234
2014-09-22,0.45132362842559814
2014-09-23,0.4494122564792633
2014-09-24,0.4520403742790222
2014-09-25,0.4422444999217987
2014-09-26,0.4432002604007721
2014-09-29,0.442483514547348
2014-09-30,0.44081103801727295
2014-10-01,0.43651047348976135
2014-10-02,0.43459901213645935
2014-10-03,0.4355548024177551
2014-10-06,0.43292659521102905
2014-10-07,0.4283871054649353
2014-10-08,0.436271607875824
2014-10-09,0.42790916562080383
2014-10-10,0.40258359909057617
2014-10-13,0.4011499881744385
2014-10-14,0.4104679524898529
2014-10-15,0.41667982935905457
2014-10-16,0.4169188439846039
2014-10-17,0.41620203852653503
2014-10-20,0.41978582739830017
2014-10-21,0.43770506978034973
2014-10-22,0.4274314045906067
2014-10-23,0.4369881749153137
2014-10-24,0.441527783870697
2014-10-27,0.441766619682312
2014-10-28,0.45227932929992676
2014-10-29,0.4494122564792633
2014-10-30,0.4465451240539551
2014-10-31,0.46685346961021423
2014-11-03,0.47473788261413574
2014-11-04,0.48094984889030457
2014-11-05,0.48094984889030457
2014-11-06,0.4831002354621887
2014-11-07,0.4728264808654785
2014-11-10,0.47832176089286804
2014-11-11,0.47258761525154114
2014-11-12,0.4694816768169403
2014-11-13,0.46709245443344116
2014-11-14,0.4728264808654785
2014-11-17,0.4706762433052063
2014-11-18,0.4819055497646332
2014-11-19,0.480105996131897
2014-11-20,0.4880237579345703
2014-11-21,0.4906632602214813
2014-11-24,0.4937821924686432
2014-11-25,0.49354231357574463
2014-11-26,0.5019400715827942
2014-11-28,0.5031394958496094
2014-12-01,0.4937821924686432
2014-12-02,0.4945019781589508
2014-12-03,0.5072187781333923
2014-12-04,0.5026598572731018
2014-12-05,0.5055391788482666
2014-12-08,0.4990607500076294
2014-12-09,0.49738118052482605
2014-12-10,0.4863443076610565
2014-12-11,0.4861043095588684
2014-12-12,0.47098860144615173
2014-12-15,0.46954917907714844
2014-12-16,0.4642704427242279
2014-12-17,0.4832251965999603
2014-12-18,0.485144704580307
2014-12-19,0.489943265914917
2014-12-22,0.4985808730125427
2014-12-23,0.49546173214912415
2014-12-24,0.49354231357574463
2014-12-26,0.49402227997779846
2014-12-29,0.4933023452758789
2014-12-30,0.4887436032295227
2014-12-31,0.4810659885406494
2015-01-02,0.482985258102417
2015-01-05,0.4748275876045227
2015-01-06,0.46043160557746887
2015-01-07,0.4592319130897522
2015-01-08,0.4765070974826813
2015-01-09,0.4784264862537384
2015-01-12,0.4724282920360565
2015-01-13,0.47170835733413696
2015-01-14,0.47362783551216125
2015-01-15,0.4702688455581665
2015-01-16,0.47890642285346985
2015-01-20,0.48034605383872986
2015-01-21,0.4870642423629761
2015-01-22,0.49546173214912415
2015-01-23,0.49690136313438416
2015-01-26,0.49474212527275085
2015-01-27,0.47098860144615173
2015-01-28,0.46331071853637695
2015-01-29,0.474587619304657
2015-01-30,0.46067139506340027
2015-02-02,0.4707486927509308
2015-02-03,0.4825054407119751
2015-02-04,0.48370498418807983
2015-02-05,0.49162280559539795
2015-02-06,0.48946353793144226
2015-02-09,0.48898378014564514
2015-02-10,0.5026598572731018
2015-02-11,0.4993008077144623
2015-02-12,0.535050630569458
2015-02-13,0.5352907776832581
2015-02-17,0.5369701981544495
2015-02-18,0.5307319760322571
2015-02-19,0.532171368598938
2015-02-20,0.5360105037689209
2015-02-23,0.5316917896270752
2015-02-24,0.537351667881012
2015-02-25,0.5332573652267456
2015-02-26,0.5347023606300354
2015-02-27,0.5313303470611572
2015-03-02,0.5443364381790161
2015-03-03,0.5342206358909607
2015-03-04,0.5402422547340393
2015-03-05,0.5505989193916321
2015-03-06,0.5431323647499084
2015-03-09,0.544577419757843
2015-03-10,0.5539709329605103
2015-03-11,0.5510808229446411
2015-03-12,0.5460225343704224
2015-03-13,0.546745240688324
2015-03-16,0.5532483458518982
2015-03-17,0.5599926114082336
2015-03-18,0.5508396625518799
2015-03-19,0.5592696666717529
2015-03-20,0.5652912855148315
2015-03-23,0.546985924243927
2015-03-24,0.5395195484161377
2015-03-25,0.5067628622055054
2015-03-26,0.5050768256187439
2015-03-27,0.5149523615837097
2015-03-30,0.517119824886322
2015-03-31,0.5041134357452393
2015-04-01,0.5060403943061829
2015-04-02,0.5072447657585144
2015-04-06,0.5219369530677795
2015-04-07,0.5265132784843445
2015-04-08,0.5303668975830078
2015-04-09,0.5426506996154785
2015-04-10,0.5481902956962585
2015-04-13,0.5431323647499084
2015-04-14,0.5385559797286987
2015-04-15,0.5450593829154968
2015-04-16,0.5416873693466187
2015-04-17,0.5347023606300354
2015-04-20,0.5320530533790588
2015-04-21,0.5313303470611572
2015-04-22,0.537351667881012
2015-04-23,0.5351841449737549
2015-04-24,0.5306078195571899
2015-04-27,0.5347023606300354
2015-04-28,0.537351667881012
2015-04-29,0.5332573652267456
2015-04-30,0.5347023606300354
2015-05-01,0.5479495525360107
2015-05-04,0.544577419757843
2015-05-05,0.5306078195571899
2015-05-06,0.5322936773300171
2015-05-07,0.5416873693466187
2015-05-08,0.5017051100730896
2015-05-11,0.49688780307769775
2015-05-12,0.5017051100730896
2015-05-13,0.5045952796936035
2015-05-14,0.5127843022346497
2015-05-15,0.5130253434181213
2015-05-18,0.5123026371002197
2015-05-19,0.5091089010238647
2015-05-20,0.5091089010238647
2015-05-21,0.505479097366333
2015-05-22,0.5047532320022583
2015-05-26,0.5016075968742371
2015-05-27,0.5284665822982788
2015-05-28,0.535725474357605
2015-05-29,0.5354835987091064
2015-06-01,0.5415328741073608
2015-06-02,0.5308860540390015
2015-06-03,0.5250792503356934
2015-06-04,0.5345158576965332
2015-06-05,0.5386291146278381
2015-06-08,0.5262887477874756
2015-06-09,0.5289503931999207
2015-06-10,0.5195134878158569
2015-06-11,0.5250792503356934
2015-06-12,0.5108025074005127
2015-06-15,0.5098345279693604
2015-06-16,0.5161257982254028
2015-06-17,0.5221752524375916
2015-06-18,0.5308860540390015
2015-06-19,0.529192328453064
2015-06-22,0.527014434337616
2015-06-23,0.5134642124176025
2015-06-24,0.5083827376365662
2015-06-25,0.5122544169425964
2015-06-26,0.5018495917320251
2015-06-29,0.48684725165367126
2015-06-30,0.48660537600517273
2015-07-01,0.49362245202064514
2015-07-02,0.4941064119338989
2015-07-06,0.48805713653564453
2015-07-07,0.4788621664047241
2015-07-08,0.47547468543052673
2015-07-09,0.46966713666915894
2015-07-10,0.47789424657821655
2015-07-13,0.48103997111320496
2015-07-14,0.48128193616867065
2015-07-15,0.47789424657821655
2015-07-16,0.4885411262512207
2015-07-17,0.48563745617866516
2015-07-20,0.4766843914985657
2015-07-21,0.4788621664047241
2015-07-22,0.46966713666915894
2015-07-23,0.47547468543052673
2015-07-24,0.46990934014320374
2015-07-27,0.4672475755214691
2015-07-28,0.4774104356765747
2015-07-29,0.4832177460193634
2015-07-30,0.48442763090133667
2015-07-31,0.48273375630378723
2015-08-03,0.49096065759658813
2015-08-04,0.49289658665657043
2015-08-05,0.49797797203063965
2015-08-06,0.4948323965072632
2015-08-07,0.5560513138771057
2015-08-10,0.5754088759422302
2015-08-11,0.5725053548812866
2015-08-12,0.5739570260047913
2015-08-13,0.5691176652908325
2015-08-14,0.5696015954017639
2015-08-17,0.5659719705581665
2015-08-18,0.5608206391334534
2015-08-19,0.5586336255073547
2015-08-20,0.538465678691864
2015-08-21,0.5216994285583496
2015-08-24,0.503231942653656
2015-08-25,0.49278348684310913
2015-08-26,0.5299609303474426
2015-08-27,0.5498862266540527
2015-08-28,0.5523161292076111
2015-08-31,0.5462411642074585
2015-09-01,0.5238860845565796
2015-09-02,0.539680540561676
2015-09-03,0.5411385893821716
2015-09-04,0.5285031199455261
2015-09-08,0.5511009693145752
2015-09-09,0.5401665568351746
2015-09-10,0.548671305179596
2015-09-11,0.5503719449043274
2015-09-14,0.5513441562652588
2015-09-15,0.557418704032898
2015-09-16,0.5613066554069519
2015-09-17,0.5664094686508179
2015-09-18,0.5659234523773193
2015-09-21,0.5717551112174988
2015-09-22,0.5562038421630859
2015-09-23,0.5588766932487488
2015-09-24,0.5695684552192688
2015-09-25,0.5736992955207825
2015-09-28,0.5661664009094238
2015-09-29,0.5761290192604065
2015-09-30,0.5989701151847839
2015-10-01,0.5873066186904907
2015-10-02,0.6026151180267334
2015-10-05,0.6176802515983582
2015-10-06,0.6256991624832153
2015-10-07,0.632259726524353
2015-10-08,0.6359044909477234
2015-10-09,0.6334747076034546
2015-10-12,0.6402784585952759
2015-10-13,0.641493558883667
2015-10-14,0.6648204326629639
2015-10-15,0.6665213704109192
2015-10-16,0.6769698858261108
2015-10-19,0.6757547855377197
2015-10-20,0.6747829914093018
2015-10-21,0.6660353541374207
2015-10-22,0.690091073513031
2015-10-23,0.6947081089019775
2015-10-26,0.6915491223335266
2015-10-27,0.6910631656646729
2015-10-28,0.6966519355773926
2015-10-29,0.6725960969924927
2015-10-30,0.6893621683120728
2015-11-02,0.6973810195922852
2015-11-03,0.692521333694458
2015-11-04,0.6811007857322693
2015-11-05,0.6733248829841614
2015-11-06,0.766633152961731
2015-11-09,0.7632312774658203
2015-11-10,0.7486519813537598
2015-11-11,0.7413620948791504
2015-11-12,0.7386892437934875
2015-11-13,0.7241102457046509
2015-11-16,0.7386892437934875
2015-11-17,0.7386892437934875
2015-11-18,0.7568605542182922
2015-11-19,0.759056031703949
2015-11-20,0.7656417489051819
2015-11-23,0.7541778087615967
2015-11-24,0.7602756023406982
2015-11-25,0.7592999935150146
2015-11-27,0.7656417489051819
2015-11-30,0.7736908197402954
2015-12-01,0.7988137602806091
2015-12-02,0.7927159070968628
2015-12-03,0.7910085916519165
2015-12-04,0.8232048749923706
2015-12-07,0.8075947165489197
2015-12-08,0.8185706734657288
2015-12-09,0.7978380918502808
2015-12-10,0.8044238090515137
2015-12-11,0.7924721837043762
2015-12-14,0.7944232821464539
2015-12-15,0.804179847240448
2015-12-16,0.8090579509735107
2015-12-17,0.7968624234199524
2015-12-18,0.7839349508285522
2015-12-21,0.8024724721908569
2015-12-22,0.8032041788101196
2015-12-23,0.8063752055168152
2015-12-24,0.8090579509735107
2015-12-28,0.8083263635635376
2015-12-29,0.8214974999427795
2015-12-30,0.8144240975379944
2015-12-31,0.8039356470108032
2016-01-04,0.7895449995994568
2016-01-05,0.8022282719612122
2016-01-06,0.7690563797950745
2016-01-07,0.7385674118995667
2016-01-08,0.7227129936218262
2016-01-11,0.7239327430725098
2016-01-12,0.7361282110214233
2016-01-13,0.713688313961029
2016-01-14,0.6992974877357483
2016-01-15,0.6612469553947449
2016-01-19,0.6666132211685181
2016-01-20,0.6702717542648315
2016-01-21,0.6780770421028137
2016-01-22,0.6939313411712646
2016-01-25,0.693199634552002
2016-01-26,0.7000292539596558
2016-01-27,0.691736102104187
2016-01-28,0.6841748356819153
2016-01-29,0.7144199013710022
2016-02-01,0.7146638631820679
2016-02-02,0.6844186782836914
2016-02-03,0.6878335475921631
2016-02-04,0.688077449798584
2016-02-05,0.644661009311676
2016-02-08,0.6151475310325623
2016-02-09,0.6217330694198608
2016-02-10,0.6202698349952698
2016-02-11,0.617098867893219
2016-02-12,0.627587080001831
2016-02-16,0.6583199501037598
2016-02-17,0.674662172794342
2016-02-18,0.7327134609222412
2016-02-19,0.7424700260162354
2016-02-22,0.7688124179840088
2016-02-23,0.7707639336585999
2016-02-24,0.7761300206184387
2016-02-25,0.7778370380401611
2016-02-26,0.7727152109146118
2016-02-29,0.7676966190338135
2016-03-01,0.8017240762710571
2016-03-02,0.8063753843307495
2016-03-03,0.7992759346961975
2016-03-04,0.7968280911445618
2016-03-07,0.7916872501373291
2016-03-08,0.7772437334060669
2016-03-09,0.7767540216445923
2016-03-10,0.7755303978919983
2016-03-11,0.7887493968009949
2016-03-14,0.7907078862190247
2016-03-15,0.7867908477783203
2016-03-16,0.81029212474823
2016-03-17,0.8034376502037048
2016-03-18,0.8276729583740234
2016-03-21,0.8301210403442383
2016-03-22,0.8286522030830383
2016-03-23,0.8428507447242737
2016-03-24,0.8440744876861572
2016-03-28,0.8526425957679749
2016-03-29,0.8663514852523804
2016-03-30,0.8754091262817383
2016-03-31,0.8722265958786011
2016-04-01,0.8849563598632812
2016-04-04,0.876388430595398
2016-04-05,0.8751646876335144
2016-04-06,0.876388430595398
2016-04-07,0.8673306703567505
2016-04-08,0.872961163520813
2016-04-11,0.8783467411994934
2016-04-12,0.8773673176765442
2016-04-13,0.8993996977806091
2016-04-14,0.9018477201461792
2016-04-15,0.9089470505714417
2016-04-18,0.9050301909446716
2016-04-19,0.8888730406761169
2016-04-20,0.8923006653785706
2016-04-21,0.8913211822509766
2016-04-22,0.8878941535949707
2016-04-25,0.8923006653785706
2016-04-26,0.893034815788269
2016-04-27,0.9133533835411072
2016-04-28,0.8861804008483887
2016-04-29,0.8697787523269653
2016-05-02,0.8812844157218933
2016-05-03,0.870758056640625
2016-05-04,0.8509290814399719
2016-05-05,0.8560697436332703
2016-05-06,0.8648826479911804
2016-05-09,0.863658607006073
2016-05-10,0.8803052306175232
2016-05-11,0.8827531933784485
2016-05-12,0.870758056640625
2016-05-13,1.0031955242156982
2016-05-16,1.0328164100646973
2016-05-17,1.0350196361541748
2016-05-18,1.0614579916000366
2016-05-19,1.0661089420318604
2016-05-20,1.085204005241394
2016-05-23,1.0869171619415283
2016-05-24,1.1133017539978027
2016-05-25,1.1086384057998657
2016-05-26,1.1204198598861694
2016-05-27,1.1265555620193481
2016-05-31,1.146681547164917
2016-06-01,1.1488906145095825
2016-06-02,1.1569896936416626
2016-06-03,1.1407910585403442
2016-06-06,1.1349003314971924
2016-06-07,1.1371091604232788
2016-06-08,1.1334278583526611
2016-06-09,1.1628801822662354
2016-06-10,1.1339185237884521
2016-06-13,1.1483991146087646
2016-06-14,1.1506085395812988
2016-06-15,1.1623895168304443
2016-06-16,1.1670526266098022
2016-06-17,1.146681547164917
2016-06-20,1.1672977209091187
2016-06-21,1.1601802110671997
2016-06-22,1.159198522567749
2016-06-23,1.190123200416565
2016-06-24,1.1223833560943604
2016-06-27,1.1103568077087402
2016-06-28,1.1265555620193481
2016-06-29,1.1449631452560425
2016-06-30,1.1537988185882568
2016-07-01,1.1452088356018066
2016-07-05,1.1621437072753906
2016-07-06,1.1695072650909424
2016-07-07,1.199940800666809
2016-07-08,1.2480467557907104
2016-07-11,1.2767630815505981
2016-07-12,1.2959070205688477
2016-07-13,1.295416235923767
2016-07-14,1.3086692094802856
2016-07-15,1.2934526205062866
2016-07-18,1.3000794649124146
2016-07-19,1.3135786056518555
2016-07-20,1.3307591676712036
2016-07-21,1.3062152862548828
2016-07-22,1.341803789138794
2016-07-25,1.3665927648544312
2016-07-26,1.389909029006958
2016-07-27,1.375918984413147
2016-07-28,1.3788650035858154
2016-07-29,1.401444911956787
2016-08-01,1.3923635482788086
2016-08-02,1.375428557395935
2016-08-03,1.3791102170944214
2016-08-04,1.4046355485916138
2016-08-05,1.4284428358078003
2016-08-08,1.4416965246200562
2016-08-09,1.4453781843185425
2016-08-10,1.4360514879226685
2016-08-11,1.4652584791183472
2016-08-12,1.5472344160079956
2016-08-15,1.5457619428634644
2016-08-16,1.5364352464675903
2016-08-17,1.5008468627929688
2016-08-18,1.5241634845733643
2016-08-19,1.5280901193618774
2016-08-22,1.5344717502593994
2016-08-23,1.546889066696167
2016-08-24,1.5230375528335571
2016-08-25,1.5129563808441162
2016-08-26,1.5252506732940674
2016-08-29,1.5242669582366943
2016-08-30,1.5154151916503906
2016-08-31,1.5082844495773315
2016-09-01,1.5527907609939575
2016-09-02,1.5375453233718872
2016-09-06,1.552052617073059
2016-09-07,1.5291849374771118
2016-09-08,1.5402504205703735
2016-09-09,1.463532567024231
2016-09-12,1.4937769174575806
2016-09-13,1.4721391201019287
2016-09-14,1.485170841217041
2016-09-15,1.541479468345642
2016-09-16,1.5451676845550537
2016-09-19,1.5655766725540161
2016-09-20,1.5513148307800293
2016-09-21,1.5948375463485718
2016-09-22,1.5987718105316162
2016-09-23,1.5970501899719238
2016-09-26,1.582051157951355
2016-09-27,1.636146903038025
2016-09-28,1.6420483589172363
2016-09-29,1.6572932004928589
2016-09-30,1.6848329305648804
2016-10-03,1.6831116676330566
2016-10-04,1.6794229745864868
2016-10-05,1.6777020692825317
2016-10-06,1.6558181047439575
2016-10-07,1.6437691450119019
2016-10-10,1.649916410446167
2016-10-11,1.6260648965835571
2016-10-12,1.6334421634674072
2016-10-13,1.6068861484527588
2016-10-14,1.6226235628128052
2016-10-17,1.613278865814209
2016-10-18,1.6378682851791382
2016-10-19,1.6344252824783325
2016-10-20,1.6654081344604492
2016-10-21,1.6607356071472168
2016-10-24,1.7386826276779175
2016-10-25,1.7672052383422852
2016-10-26,1.774336576461792
2016-10-27,1.737945318222046
2016-10-28,1.7349942922592163
2016-10-31,1.749747633934021
2016-11-01,1.6978650093078613
2016-11-02,1.6907341480255127
2016-11-03,1.6710631847381592
2016-11-04,1.6614733934402466
2016-11-07,1.7524524927139282
2016-11-08,1.749747633934021
2016-11-09,1.7202409505844116
2016-11-10,1.6663906574249268
2016-11-11,2.1630868911743164
2016-11-14,2.05661678314209
2016-11-15,2.119318723678589
2016-11-16,2.253082513809204
2016-11-17,2.271771192550659
2016-11-18,2.295620918273926
2016-11-21,2.286278009414673
2016-11-22,2.302752733230591
2016-11-23,2.314079761505127
2016-11-25,2.3187599182128906
2016-11-28,2.3175272941589355
2016-11-29,2.296349287033081
2016-11-30,2.2704925537109375
2016-12-01,2.1581997871398926
2016-12-02,2.1781466007232666
2016-12-05,2.2626123428344727
2016-12-06,2.299797773361206
2016-12-07,2.3411684036254883
2016-12-08,2.302014112472534
2016-12-09,2.2611351013183594
2016-12-12,2.20621919631958
2016-12-13,2.245128631591797
2016-12-14,2.375152587890625
2016-12-15,2.4308063983917236
2016-12-16,2.472670078277588
2016-12-19,2.5027146339416504
2016-12-20,2.589888334274292
2016-12-21,2.606142044067383
2016-12-22,2.637662410736084
2016-12-23,2.703413248062134
2016-12-27,2.8890905380249023
2016-12-28,2.690361499786377
2016-12-29,2.7440457344055176
2016-12-30,2.6285505294799805
2017-01-03,2.5120718479156494
2017-01-04,2.5706801414489746
2017-01-05,2.505422353744507
2017-01-06,2.538912773132324
2017-01-09,2.6418492794036865
2017-01-10,2.6219024658203125
2017-01-11,2.5896425247192383
2017-01-12,2.54728627204895
2017-01-13,2.5470402240753174
2017-01-17,2.489908218383789
2017-01-18,2.535219430923462
2017-01-19,2.5896425247192383
2017-01-20,2.5613231658935547
2017-01-23,2.5879180431365967
2017-01-24,2.643079996109009
2017-01-25,2.654407262802124
2017-01-26,2.7002110481262207
2017-01-27,2.7524187564849854
2017-01-30,2.7093231678009033
2017-01-31,2.6886377334594727
2017-02-01,2.8061022758483887
2017-02-02,2.8415637016296387
2017-02-03,2.8166918754577637
2017-02-06,2.888845443725586
2017-02-07,2.933664083480835
2017-02-08,2.920858383178711
2017-02-09,2.865943193435669
2017-02-10,2.797976493835449
2017-02-13,2.6689369678497314
2017-02-14,2.6787867546081543
2017-02-15,2.6842048168182373
2017-02-16,2.6411094665527344
2017-02-17,2.6406171321868896
2017-02-21,2.735180616378784
2017-02-22,2.7309892177581787
2017-02-23,2.4777634143829346
2017-02-24,2.501680374145508
2017-02-27,2.5744173526763916
2017-02-28,2.502173662185669
2017-03-01,2.5344738960266113
2017-03-02,2.4410240650177
2017-03-03,2.4269704818725586
2017-03-06,2.408231019973755
2017-03-07,2.4346137046813965
2017-03-08,2.43017578125
2017-03-09,2.429682493209839
2017-03-10,2.4439830780029297
2017-03-13,2.5112967491149902
2017-03-14,2.509570598602295
2017-03-15,2.5285563468933105
2017-03-16,2.5596237182617188
2017-03-17,2.6153485774993896
2017-03-20,2.6986887454986572
2017-03-21,2.611402988433838
2017-03-22,2.6646628379821777
2017-03-23,2.640498399734497
2017-03-24,2.6498677730560303
2017-03-27,2.669100046157837
2017-03-28,2.655292510986328
2017-03-29,2.6466622352600098
2017-03-30,2.697455406188965
2017-03-31,2.685866594314575
2017-04-03,2.6723053455352783
2017-04-04,2.4849138259887695
2017-04-05,2.466420888900757
2017-04-06,2.4844202995300293
2017-04-07,2.4738175868988037
2017-04-10,2.4106972217559814
2017-04-11,2.4193270206451416
2017-04-12,2.3993544578552246
2017-04-13,2.3544793128967285
2017-04-17,2.446695566177368
2017-04-18,2.4481754302978516
2017-04-19,2.457791328430176
2017-04-20,2.4967494010925293
2017-04-21,2.5071053504943848
2017-04-24,2.538419008255005
2017-04-25,2.582554340362549
2017-04-26,2.5648019313812256
2017-04-27,2.604746103286743
2017-04-28,2.5717051029205322
2017-05-01,2.6294026374816895
2017-05-02,2.5514869689941406
2017-05-03,2.5704736709594727
2017-05-04,2.560610771179199
2017-05-05,2.560856342315674
2017-05-08,2.5339810848236084
2017-05-09,2.538172721862793
2017-05-10,2.9906251430511475
2017-05-11,3.119086503982544
2017-05-12,3.153360366821289
2017-05-15,3.3116562366485596
2017-05-16,3.3732993602752686
2017-05-17,3.1491684913635254
2017-05-18,3.2810823917388916
2017-05-19,3.356858253479004
2017-05-22,3.428438901901245
2017-05-23,3.38228178024292
2017-05-24,3.420293092727661
2017-05-25,3.412641763687134
2017-05-26,3.5010058879852295
2017-05-30,3.575793981552124
2017-05-31,3.5629591941833496
2017-06-01,3.563206911087036
2017-06-02,3.5454351902008057
2017-06-05,3.653298854827881
2017-06-06,3.6367616653442383
2017-06-07,3.6806960105895996
2017-06-08,3.9477648735046387
2017-06-09,3.692544460296631
2017-06-12,3.701676368713379
2017-06-13,3.736973524093628
2017-06-14,3.744871139526367
2017-06-15,3.7609152793884277
2017-06-16,3.742403745651245
2017-06-19,3.8830957412719727
2017-06-20,3.877418279647827
2017-06-21,3.9361631870269775
2017-06-22,3.9090118408203125
2017-06-23,3.79695200920105
2017-06-26,3.7554852962493896
2017-06-27,3.61800217628479
2017-06-28,3.7456119060516357
2017-06-29,3.6204705238342285
2017-06-30,3.568143367767334
2017-07-03,3.4390528202056885
2017-07-05,3.530871868133545
2017-07-06,3.541485548019409
2017-07-07,3.6224451065063477
2017-07-10,3.79374361038208
2017-07-11,3.847552537918091
2017-07-12,4.011199474334717
2017-07-13,3.9647953510284424
2017-07-14,4.071424961090088
2017-07-17,4.054146766662598
2017-07-18,4.096354007720947
2017-07-19,4.075127124786377
2017-07-20,4.134365081787109
2017-07-21,4.149177074432373
2017-07-24,4.101042747497559
2017-07-25,4.081298351287842
2017-07-26,4.128443241119385
2017-07-27,3.9921929836273193
2017-07-28,4.05760383605957
2017-07-31,4.011199474334717
2017-08-01,4.060070037841797
2017-08-02,4.05760383605957
2017-08-03,4.109190940856934
2017-08-04,4.1272077560424805
2017-08-07,4.254079341888428
2017-08-08,4.2034783363342285
2017-08-09,4.248154163360596
2017-08-10,4.066241264343262
2017-08-11,3.849526882171631
2017-08-14,4.156580924987793
2017-08-15,4.121531963348389
2017-08-16,4.076360702514648
2017-08-17,3.9855282306671143
2017-08-18,3.98626971244812
2017-08-21,3.928265333175659
2017-08-22,4.015718936920166
2017-08-23,4.096007823944092
2017-08-24,4.080938339233398
2017-08-25,4.04684591293335
2017-08-28,4.075503826141357
2017-08-29,4.06883430480957
2017-08-30,4.093043804168701
2017-08-31,4.185932159423828
2017-09-01,4.211130619049072
2017-09-05,4.098724365234375
2017-09-06,4.096254825592041
2017-09-07,4.1152777671813965
2017-09-08,4.043883323669434
2017-09-11,4.17506217956543
2017-09-12,4.190133571624756
2017-09-13,4.2089080810546875
2017-09-14,4.184945583343506
2017-09-15,4.449530601501465
2017-09-18,4.633331775665283
2017-09-19,4.628390312194824
2017-09-20,4.591085433959961
2017-09-21,4.465587615966797
2017-09-22,4.422107696533203
2017-09-25,4.224472522735596
2017-09-26,4.248188018798828
2017-09-27,4.3413238525390625
2017-09-28,4.340088367462158
2017-09-29,4.416426658630371
2017-10-02,4.422107696533203
2017-10-03,4.431247711181641
2017-10-04,4.46830415725708
2017-10-05,4.465834617614746
2017-10-06,4.4789276123046875
2017-10-09,4.579968452453613
2017-10-10,4.667423248291016
2017-10-11,4.717080116271973
2017-10-12,4.719303607940674
2017-10-13,4.807251930236816
2017-10-16,4.889764785766602
2017-10-17,4.885317802429199
2017-10-18,4.88111686706543
2017-10-19,4.886552333831787
2017-10-20,4.864317893981934
2017-10-23,4.857403755187988
2017-10-24,4.9082932472229
2017-10-25,4.784276008605957
2017-10-26,4.8344268798828125
2017-10-27,4.986852645874023
2017-10-30,5.035767078399658
2017-10-31,5.109140396118164
2017-11-01,5.118775367736816
2017-11-02,5.087648391723633
2017-11-03,5.155585289001465
2017-11-06,5.178807735443115
2017-11-07,5.23809814453125
2017-11-08,5.167196750640869
2017-11-09,5.072330474853516
2017-11-10,5.339633464813232
2017-11-13,5.252920627593994
2017-11-14,5.291213035583496
2017-11-15,5.187451362609863
2017-11-16,5.227720737457275
2017-11-17,5.221545696258545
2017-11-20,5.288743019104004
2017-11-21,5.3374104499816895
2017-11-22,5.313429832458496
2017-11-24,5.363615036010742
2017-11-27,5.2938995361328125
2017-11-28,5.209104537963867
2017-11-29,4.855831146240234
2017-11-30,4.961886882781982
2017-12-01,4.886980056762695
2017-12-04,4.614548683166504
2017-12-05,4.6412482261657715
2017-12-06,4.678824424743652
2017-12-07,4.746313571929932
2017-12-08,4.73395299911499
2017-12-11,4.81232213973999
2017-12-12,4.717883586883545
2017-12-13,4.602680683135986
2017-12-14,4.6098504066467285
2017-12-15,4.735684394836426
2017-12-18,4.892420291900635
2017-12-19,4.848167419433594
2017-12-20,4.8652262687683105
2017-12-21,4.842729568481445
2017-12-22,4.827402114868164
2017-12-26,4.881047248840332
2017-12-27,4.8743720054626465
2017-12-28,4.880059242248535
2017-12-29,4.78364372253418
2018-01-02,4.928265571594238
2018-01-03,5.2526140213012695
2018-01-04,5.280302047729492
2018-01-05,5.32504940032959
2018-01-08,5.488211631774902
2018-01-09,5.486729621887207
2018-01-10,5.52974271774292
2018-01-11,5.539633274078369
2018-01-12,5.512439250946045
2018-01-16,5.441487789154053
2018-01-17,5.555455207824707
2018-01-18,5.548532962799072
2018-01-19,5.688705921173096
2018-01-22,5.77720832824707
2018-01-23,5.906256675720215
2018-01-24,5.829372406005859
2018-01-25,5.842968463897705
2018-01-26,6.015524864196777
2018-01-29,6.102544784545898
2018-01-30,6.000445365905762
2018-01-31,6.0765886306762695
2018-02-01,5.945563316345215
2018-02-02,5.773005962371826
2018-02-05,5.283021926879883
2018-02-06,5.57671594619751
2018-02-07,5.6563191413879395
2018-02-08,5.37746000289917
2018-02-09,5.737407207489014
2018-02-12,5.637284278869629
2018-02-13,5.751004219055176
2018-02-14,5.9683074951171875
2018-02-15,6.093892574310303
2018-02-16,6.028133869171143
2018-02-20,6.157675743103027
2018-02-21,5.9705328941345215
2018-02-22,5.990073204040527
2018-02-23,6.0835795402526855
2018-02-26,6.099658489227295
2018-02-27,6.086796283721924
2018-02-28,5.98636531829834
2018-03-01,5.744189739227295
2018-03-02,5.851300239562988
2018-03-05,5.829283714294434
2018-03-06,5.990320682525635
2018-03-07,5.982405662536621
2018-03-08,5.9660797119140625
2018-03-09,6.068737983703613
2018-03-12,6.178322792053223
2018-03-13,6.127613067626953
2018-03-14,6.153092861175537
2018-03-15,6.167935371398926
2018-03-16,6.196131706237793
2018-03-19,5.961625576019287
2018-03-20,6.1738715171813965
2018-03-21,6.14863920211792
2018-03-22,5.982654094696045
2018-03-23,5.762989521026611
2018-03-26,6.047711372375488
2018-03-27,5.578697204589844
2018-03-28,5.4755425453186035
2018-03-29,5.728851318359375
2018-04-02,5.468122959136963
2018-04-03,5.574491500854492
2018-04-04,5.596508026123047
2018-04-05,5.476284980773926
2018-04-06,5.2999114990234375
2018-04-09,5.328606128692627
2018-04-10,5.637818813323975
2018-04-11,5.596508026123047
2018-04-12,5.803310394287109
2018-04-13,5.726624011993408
2018-04-16,5.726377487182617
2018-04-17,5.876036643981934
2018-04-18,5.84709358215332
2018-04-19,5.665772438049316
2018-04-20,5.657609462738037
2018-04-23,5.53812837600708
2018-04-24,5.471833229064941
2018-04-25,5.359525680541992
2018-04-26,5.571277618408203
2018-04-27,5.5987348556518555
2018-04-30,5.563360691070557
2018-05-01,5.618772029876709
2018-05-02,5.598240375518799
2018-05-03,5.76348352432251
2018-05-04,5.913637638092041
2018-05-07,6.151607513427734
2018-05-08,6.194155693054199
2018-05-09,6.327240943908691
2018-05-10,6.434846878051758
2018-05-11,6.296318531036377
2018-05-14,6.316850662231445
2018-05-15,6.074428081512451
2018-05-16,6.085558891296387
2018-05-17,6.127613067626953
2018-05-18,6.083826065063477
2018-05-21,6.041774272918701
2018-05-22,6.0036797523498535
2018-05-23,6.127193450927734
2018-05-24,6.130906581878662
2018-05-25,6.170262813568115
2018-05-29,6.153183460235596
2018-05-30,6.262094020843506
2018-05-31,6.242292404174805
2018-06-01,6.3766984939575195
2018-06-04,6.555655479431152
2018-06-05,6.561101913452148
2018-06-06,6.563082218170166
2018-06-07,6.507389545440674
2018-06-08,6.492042541503906
2018-06-11,6.450953960418701
2018-06-12,6.499467849731445
2018-06-13,6.49501371383667
2018-06-14,6.606646537780762
2018-06-15,6.565805912017822
2018-06-18,6.561596393585205
2018-06-19,6.439815998077393
2018-06-20,6.492786407470703
2018-06-21,6.364074230194092
2018-06-22,6.211599826812744
2018-06-25,5.918780326843262
2018-06-26,5.9898176193237305
2018-06-27,5.834621429443359
2018-06-28,5.961848735809326
2018-06-29,5.863829612731934
2018-07-02,5.996006488800049
2018-07-03,5.862344264984131
2018-07-05,6.00813627243042
2018-07-06,6.12199592590332
2018-07-09,6.169519901275635
2018-07-10,6.268531322479248
2018-07-11,6.126946449279785
2018-07-12,6.218530178070068
2018-07-13,6.171253681182861
2018-07-16,6.143531322479248
2018-07-17,6.279420852661133
2018-07-18,6.230164051055908
2018-07-19,6.238332271575928
2018-07-20,6.2101149559021
2018-07-23,6.17348051071167
2018-07-24,6.156154155731201
2018-07-25,6.234372138977051
2018-07-26,6.307885646820068
2018-07-27,6.23808479309082
2018-07-30,6.042788982391357
2018-07-31,6.06085729598999
2018-08-01,6.100709438323975
2018-08-02,6.203432559967041
2018-08-03,6.24006462097168
2018-08-06,6.287837505340576
2018-08-07,6.360113620758057
2018-08-08,6.396500110626221
2018-08-09,6.347984790802002
2018-08-10,6.306649208068848
2018-08-13,6.339566707611084
2018-08-14,6.471004009246826
2018-08-15,6.412837028503418
2018-08-16,6.3722405433654785
2018-08-17,6.059867858886719
2018-08-20,6.13461971282959
2018-08-21,6.270262241363525
2018-08-22,6.5054097175598145
2018-08-23,6.60491418838501
2018-08-24,6.738082408905029
2018-08-27,6.829169273376465
2018-08-28,6.79154634475708
2018-08-29,6.897049427032471
2018-08-30,6.880207538604736
2018-08-31,6.951286315917969
2018-09-04,7.026078701019287
2018-09-05,6.895316123962402
2018-09-06,6.754149913787842
2018-09-07,6.732851982116699
2018-09-10,6.803929805755615
2018-09-11,6.75613260269165
2018-09-12,6.642209053039551
2018-09-13,6.719974040985107
2018-09-14,6.846031188964844
2018-09-17,6.784116744995117
2018-09-18,6.712047576904297
2018-09-19,6.735824108123779
2018-09-20,6.594659328460693
2018-09-21,6.524571418762207
2018-09-24,6.58029317855835
2018-09-25,6.647409439086914
2018-09-26,6.610507488250732
2018-09-27,6.622396469116211
2018-09-28,6.959705352783203
2018-10-01,7.166253566741943
2018-10-02,7.094929218292236
2018-10-03,7.101120471954346
2018-10-04,6.916863918304443
2018-10-05,6.683320045471191
2018-10-08,6.582027435302734
2018-10-09,6.576331615447998
2018-10-10,6.084728717803955
2018-10-11,5.82319974899292
2018-10-12,6.105780601501465
2018-10-15,5.8293914794921875
2018-10-16,6.088195323944092
2018-10-17,6.019594669342041
2018-10-18,5.932169437408447
2018-10-19,5.675595283508301
2018-10-22,5.726365089416504
2018-10-23,5.474745750427246
2018-10-24,4.938564300537109
2018-10-25,5.147341251373291
2018-10-26,4.910825729370117
2018-10-29,4.597042083740234
2018-10-30,5.027472972869873
2018-10-31,5.221390247344971
2018-11-01,5.4016852378845215
2018-11-02,5.3226823806762695
2018-11-05,5.244669437408447
2018-11-06,5.227085113525391
2018-11-07,5.294697284698486
2018-11-08,5.101523399353027
2018-11-09,5.093597888946533
2018-11-12,4.694124221801758
2018-11-13,4.936087131500244
2018-11-14,4.8835835456848145
2018-11-15,5.012365818023682
2018-11-16,4.0722527503967285
2018-11-19,3.583622694015503
2018-11-20,3.6920971870422363
2018-11-21,3.5838701725006104
2018-11-23,3.5910520553588867
2018-11-26,3.7904179096221924
2018-11-27,3.8072588443756104
2018-11-28,3.9642746448516846
2018-11-29,3.9010579586029053
2018-11-30,4.051537990570068
2018-12-03,4.215402603149414
2018-12-04,3.8948607444763184
2018-12-06,3.9241132736206055
2018-12-07,3.659348487854004
2018-12-10,3.76470947265625
2018-12-11,3.6737279891967773
2018-12-12,3.691329002380371
2018-12-13,3.6910812854766846
2018-12-14,3.630591869354248
2018-12-17,3.5594425201416016
2018-12-18,3.6427395343780518
2018-12-19,3.4337542057037354
2018-12-20,3.3492186069488525
2018-12-21,3.2121262550354004
2018-12-24,3.1503963470458984
2018-12-26,3.2996363639831543
2018-12-27,3.251790761947632
2018-12-28,3.3132710456848145
2018-12-31,3.3095526695251465
2019-01-02,3.376983404159546
2019-01-03,3.172956705093384
2019-01-04,3.3762404918670654
2019-01-07,3.554980754852295
2019-01-08,3.466477155685425
2019-01-09,3.5346519947052
2019-01-10,3.6003470420837402
2019-01-11,3.6895930767059326
2019-01-14,3.729506492614746
2019-01-15,3.715376615524292
2019-01-16,3.6898417472839355
2019-01-17,3.7612390518188477
2019-01-18,3.8903982639312744
2019-01-22,3.6881065368652344
2019-01-23,3.7009973526000977
2019-01-24,3.9129579067230225
2019-01-25,3.9702234268188477
2019-01-28,3.421358823776245
2019-01-29,3.262451171875
2019-01-30,3.4059879779815674
2019-01-31,3.563656806945801
2019-02-01,3.587951421737671
2019-02-04,3.698270082473755
2019-02-05,3.7173585891723633
2019-02-06,3.792971134185791
2019-02-07,3.6546380519866943
2019-02-08,3.673231601715088
2019-02-11,3.630591869354248
2019-02-12,3.74760365486145
2019-02-13,3.7899956703186035
2019-02-14,3.8309009075164795
2019-02-15,3.9005627632141113
2019-02-19,3.883208990097046
2019-02-20,3.930558681488037
2019-02-21,3.861640453338623
2019-02-22,3.946424961090088
2019-02-25,3.934030294418335
2019-02-26,3.8946120738983154
2019-02-27,3.8527164459228516
2019-02-28,3.828148365020752
2019-03-01,3.882495164871216
2019-03-04,3.8906850814819336
2019-03-05,3.884232997894287
2019-03-06,3.7733047008514404
2019-03-07,3.7040672302246094
2019-03-08,3.7383134365081787
2019-03-11,3.9988839626312256
2019-03-12,4.033130645751953
2019-03-13,4.184509754180908
2019-03-14,4.108572006225586
2019-03-15,4.214040756225586
2019-03-18,4.192698001861572
2019-03-19,4.360455513000488
2019-03-20,4.32794713973999
2019-03-21,4.564693450927734
2019-03-22,4.404876232147217
2019-03-25,4.31256103515625
2019-03-26,4.389243125915527
2019-03-27,4.38006067276001
2019-03-28,4.398673057556152
2019-03-29,4.455999374389648
2019-04-01,4.523499488830566
2019-04-02,4.541366100311279
2019-04-03,4.680832386016846
2019-04-04,4.671898365020752
2019-04-05,4.738655090332031
2019-04-08,4.759500980377197
2019-04-09,4.696714878082275
2019-04-10,4.7671942710876465
2019-04-11,4.7532958984375
2019-04-12,4.71532678604126
2019-04-15,4.583553314208984
2019-04-16,4.670657157897949
2019-04-17,4.6478271484375
2019-04-18,4.6232590675354
2019-04-22,4.677109241485596
2019-04-23,4.731706619262695
2019-04-24,4.744114398956299
2019-04-25,4.638396263122559
2019-04-26,4.41951847076416
2019-04-29,4.450289249420166
2019-04-30,4.491732597351074
2019-05-01,4.47858190536499
2019-05-02,4.546082019805908
2019-05-03,4.5416154861450195
2019-05-06,4.463194847106934
2019-05-07,4.295934677124023
2019-05-08,4.316035747528076
2019-05-09,4.223471164703369
2019-05-10,4.189472675323486
2019-05-13,3.9321281909942627
2019-05-14,4.021218776702881
2019-05-15,3.9601705074310303
2019-05-16,3.9753079414367676
2019-05-17,3.8844809532165527
2019-05-20,3.7658591270446777
2019-05-21,3.848001003265381
2019-05-22,3.777026653289795
2019-05-23,3.6559245586395264
2019-05-24,3.6020731925964355
2019-05-28,3.5569076538085938
2019-05-29,3.4827070236206055
2019-05-30,3.4561235904693604
2019-05-31,3.365440607070923
2019-06-03,3.323702096939087
2019-06-04,3.5527682304382324
2019-06-05,3.5100362300872803
2019-06-06,3.5721468925476074
2019-06-07,3.614880084991455
2019-06-10,3.687674045562744
2019-06-11,3.7453136444091797
2019-06-12,3.632270336151123
2019-06-13,3.683450937271118
2019-06-14,3.5935134887695312
2019-06-17,3.6032021045684814
2019-06-18,3.7982325553894043
2019-06-19,3.804194927215576
2019-06-20,3.8285422325134277
2019-06-21,3.7704062461853027
2019-06-24,3.7927663326263428
2019-06-25,3.7634499073028564
2019-06-26,3.956740140914917
2019-06-27,4.0553741455078125
2019-06-28,4.08021879196167
2019-07-01,4.128416538238525
2019-07-02,4.0305280685424805
2019-07-03,4.043447971343994
2019-07-05,3.980839729309082
2019-07-08,3.9058094024658203
2019-07-09,3.9082939624786377
2019-07-10,3.9766159057617188
2019-07-11,4.131150245666504
2019-07-12,4.164191722869873
2019-07-15,4.155745029449463
2019-07-16,4.151023864746094
2019-07-17,4.216365337371826
2019-07-18,4.228043556213379
2019-07-19,4.184813976287842
2019-07-22,4.256364822387695
2019-07-23,4.364191055297852
2019-07-24,4.438724040985107
2019-07-25,4.3075456619262695
2019-07-26,4.349532604217529
2019-07-29,4.343322277069092
2019-07-30,4.358973026275635
2019-07-31,4.191770076751709
2019-08-01,4.097360610961914
2019-08-02,4.004690647125244
2019-08-05,3.746307611465454
2019-08-06,3.785064697265625
2019-08-07,3.8233249187469482
2019-08-08,3.9318959712982178
2019-08-09,3.8305304050445557
2019-08-12,3.762705087661743
2019-08-13,3.8769888877868652
2019-08-14,3.728419303894043
2019-08-15,3.6961207389831543
2019-08-16,3.9641942977905273
2019-08-19,4.242947578430176
2019-08-20,4.170650959014893
2019-08-21,4.254128932952881
2019-08-22,4.260341644287109
2019-08-23,4.035746097564697
2019-08-26,4.110528469085693
2019-08-27,4.019845485687256
2019-08-28,4.009401798248291
2019-08-29,4.153144359588623
2019-08-30,4.165828227996826
2019-09-03,4.082763671875
2019-09-04,4.19691276550293
2019-09-05,4.46997594833374
2019-09-06,4.442868709564209
2019-09-09,4.48887825012207
2019-09-10,4.555525779724121
2019-09-11,4.584125995635986
2019-09-12,4.582634449005127
2019-09-13,4.524687767028809
2019-09-16,4.481666088104248
2019-09-17,4.503053665161133
2019-09-18,4.475945472717285
2019-09-19,4.4003424644470215
2019-09-20,4.29464864730835
2019-09-23,4.348118782043457
2019-09-24,4.290670871734619
2019-09-25,4.432424545288086
2019-09-26,4.410290718078613
2019-09-27,4.271520137786865
2019-09-30,4.3289690017700195
2019-10-01,4.327228546142578
2019-10-02,4.303353309631348
2019-10-03,4.509020805358887
2019-10-04,4.525435447692871
2019-10-07,4.584125995635986
2019-10-08,4.407556056976318
2019-10-09,4.494098663330078
2019-10-10,4.551794052124023
2019-10-11,4.6254096031188965
2019-10-14,4.638838768005371
2019-10-15,4.883550643920898
2019-10-16,4.829832553863525
2019-10-17,4.831822872161865
2019-10-18,4.737318992614746
2019-10-21,4.874597549438477
2019-10-22,4.864649772644043
2019-10-23,4.851717948913574
2019-10-24,4.895737171173096
2019-10-25,5.08673095703125
2019-10-28,5.142686367034912
2019-10-29,5.046444416046143
2019-10-30,5.048431396484375
2019-10-31,4.999190807342529
2019-11-01,5.03823709487915
2019-11-04,5.234951019287109
2019-11-05,5.212817668914795
2019-11-06,5.163576602935791
2019-11-07,5.1812334060668945
2019-11-08,5.167306423187256
2019-11-11,5.177255153656006
2019-11-12,5.212817668914795
2019-11-13,5.186954975128174
2019-11-14,5.217293739318848
2019-11-15,5.078026294708252
2019-11-18,5.2792181968688965
2019-11-19,5.172529697418213
2019-11-20,5.251861572265625
2019-11-21,5.226992130279541
2019-11-22,5.244649887084961
2019-11-25,5.5012993812561035
2019-11-26,5.396600723266602
2019-11-27,5.4314422607421875
2019-11-29,5.3941121101379395
2019-12-02,5.207703590393066
2019-12-03,5.168133735656738
2019-12-04,5.211935520172119
2019-12-05,5.195013046264648
2019-12-06,5.280375957489014
2019-12-09,5.280375957489014
2019-12-10,5.325422286987305
2019-12-11,5.409042835235596
2019-12-12,5.5765380859375
2019-12-13,5.574545860290527
2019-12-16,5.603414058685303
2019-12-17,5.681562423706055
2019-12-18,5.7119245529174805
2019-12-19,5.860006809234619
2019-12-20,5.957315921783447
2019-12-23,5.943627834320068
2019-12-24,5.938648700714111
2019-12-26,5.9528350830078125
2019-12-27,5.895097255706787
2019-12-30,5.781858444213867
2019-12-31,5.85602331161499
2020-01-02,5.970755100250244
2020-01-03,5.875185966491699
2020-01-06,5.899825096130371
2020-01-07,5.971252918243408
2020-01-08,5.982452392578125
2020-01-09,6.048153877258301
2020-01-10,6.080508232116699
2020-01-13,6.271146297454834
2020-01-14,6.1541748046875
2020-01-15,6.111617565155029
2020-01-16,6.195240020751953
2020-01-17,6.20395040512085
2020-01-21,6.170600414276123
2020-01-22,6.224607944488525
2020-01-23,6.293046951293945
2020-01-24,6.2338151931762695
2020-01-27,5.977973937988281
2020-01-28,6.1713480949401855
2020-01-29,6.110870838165283
2020-01-30,6.117589950561523
2020-01-31,5.8841471672058105
2020-02-03,5.981207847595215
2020-02-04,6.150442123413086
2020-02-05,6.240782737731934
2020-02-06,6.327641487121582
2020-02-07,6.261440753936768
2020-02-10,6.544660568237305
2020-02-11,6.667105197906494
2020-02-12,6.782832145690918
2020-02-13,6.739030838012695
2020-02-14,7.212142467498779
2020-02-18,7.3808794021606445
2020-02-19,7.832087993621826
2020-02-20,7.682764530181885
2020-02-21,7.318660259246826
2020-02-24,6.801249980926514
2020-02-25,6.521762371063232
2020-02-26,6.661132335662842
2020-02-27,6.290337085723877
2020-02-28,6.725381851196289
2020-03-02,6.883759498596191
2020-03-03,6.621288776397705
2020-03-04,7.084970474243164
2020-03-05,6.80556583404541
2020-03-06,6.625024318695068
2020-03-09,6.112035751342773
2020-03-10,6.50150728225708
2020-03-11,6.1376848220825195
2020-03-12,5.386629581451416
2020-03-13,5.997485160827637
2020-03-16,4.890823841094971
2020-03-17,5.410536289215088
2020-03-18,5.050696849822998
2020-03-19,5.3034563064575195
2020-03-20,5.123661041259766
2020-03-23,5.296482563018799
2020-03-24,6.205170154571533
2020-03-25,6.116518497467041
2020-03-26,6.405885219573975
2020-03-27,6.29357385635376
2020-03-30,6.613818168640137
2020-03-31,6.564262866973877
2020-04-01,6.0530171394348145
2020-04-02,6.361805438995361
2020-04-03,6.073936939239502
2020-04-06,6.6837944984436035
2020-04-07,6.450459003448486
2020-04-08,6.64768648147583
2020-04-09,6.548076152801514
2020-04-13,6.719902515411377
2020-04-14,7.071025848388672
2020-04-15,6.993579387664795
2020-04-16,7.338726043701172
2020-04-17,7.279459476470947
2020-04-20,7.148223400115967
2020-04-21,6.711437225341797
2020-04-22,7.1258111000061035
2020-04-23,7.072519779205322
2020-04-24,7.211474895477295
2020-04-27,7.397995471954346
2020-04-28,7.255552768707275
2020-04-29,7.432359218597412
2020-04-30,7.278462886810303
2020-05-01,7.041891098022461
2020-05-04,7.253809452056885
2020-05-05,7.314821243286133
2020-05-06,7.415675163269043
2020-05-07,7.591982841491699
2020-05-08,7.781988620758057
2020-05-11,8.034000396728516
2020-05-12,7.772027492523193
2020-05-13,7.749617099761963
2020-05-14,7.9991374015808105
2020-05-15,8.457589149475098
2020-05-18,8.71607494354248
2020-05-19,8.771110534667969
2020-05-20,8.934967994689941
2020-05-21,8.740978240966797
2020-05-22,8.990999221801758
2020-05-26,8.68370246887207
2020-05-27,8.49195671081543
2020-05-28,8.453853607177734
2020-05-29,8.840836524963379
2020-06-01,8.771859169006348
2020-06-02,8.790781021118164
2020-06-03,8.735249519348145
2020-06-04,8.736248016357422
2020-06-05,8.889220237731934
2020-06-08,8.774615287780762
2020-06-09,9.014782905578613
2020-06-10,9.334427833557129
2020-06-11,8.765894889831543
2020-06-12,8.901676177978516
2020-06-15,9.142090797424316
2020-06-16,9.03720474243164
2020-06-17,9.204127311706543
2020-06-18,9.186187744140625
2020-06-19,9.229290008544922
2020-06-22,9.493874549865723
2020-06-23,9.417389869689941
2020-06-24,9.203628540039062
2020-06-25,9.457252502441406
2020-06-26,9.123404502868652
2020-06-29,9.168251037597656
2020-06-30,9.464972496032715
2020-07-01,9.497114181518555
2020-07-02,9.579080581665039
2020-07-06,9.805292129516602
2020-07-07,9.83768367767334
2020-07-08,10.180744171142578
2020-07-09,10.472735404968262
2020-07-10,10.443086624145508
2020-07-13,10.017560958862305
2020-07-14,10.341188430786133
2020-07-15,10.191956520080566
2020-07-16,10.099775314331055
2020-07-17,10.16629409790039
2020-07-20,10.474477767944336
2020-07-21,10.292855262756348
2020-07-22,10.402727127075195
2020-07-23,10.094791412353516
2020-07-24,10.159320831298828
2020-07-27,10.38553524017334
2020-07-28,10.180245399475098
2020-07-29,10.429384231567383
2020-07-30,10.577372550964355
2020-07-31,10.578117370605469
2020-08-03,10.972253799438477
2020-08-04,11.18900203704834
2020-08-05,11.24779987335205
2020-08-06,11.296380043029785
2020-08-07,11.160849571228027
2020-08-10,11.126469612121582
2020-08-11,10.812559127807617
2020-08-12,11.400771141052246
2020-08-13,11.403510093688965
2020-08-14,11.524094581604004
2020-08-17,12.294425010681152
2020-08-18,12.218439102172852
2020-08-19,12.096609115600586
2020-08-20,12.099100112915039
2020-08-21,12.639730453491211
2020-08-24,12.676352500915527
2020-08-25,12.706000328063965
2020-08-26,12.728921890258789
2020-08-27,12.584671020507812
2020-08-28,13.10237979888916
2020-08-31,13.328346252441406
2020-09-01,13.777424812316895
2020-09-02,14.301270484924316
2020-09-03,12.974465370178223
2020-09-04,12.582703590393066
2020-09-08,11.875439643859863
2020-09-09,12.674914360046387
2020-09-10,12.272933006286621
2020-09-11,12.126150131225586
2020-09-14,12.831665992736816
2020-09-15,12.950042724609375
2020-09-16,12.475043296813965
2020-09-17,12.42420482635498
2020-09-18,12.1508207321167
2020-09-21,12.47778606414795
2020-09-22,12.597904205322266
2020-09-23,12.08552360534668
2020-09-24,12.309067726135254
2020-09-25,12.833161354064941
2020-09-28,12.993905067443848
2020-09-29,13.184053421020508
2020-09-30,13.48784065246582
2020-10-01,13.571575164794922
2020-10-02,13.021068572998047
2020-10-05,13.5994873046875
2020-10-06,13.693190574645996
2020-10-07,13.919974327087402
2020-10-08,13.795119285583496
2020-10-09,13.7193603515625
2020-10-12,14.181150436401367
2020-10-13,14.203326225280762
2020-10-14,14.050811767578125
2020-10-15,13.925955772399902
2020-10-16,13.767956733703613
2020-10-19,13.455194473266602
2020-10-20,13.602479934692383
2020-10-21,13.482110977172852
2020-10-22,13.31887435913086
2020-10-23,13.547405242919922
2020-10-26,13.09981918334961
2020-10-27,13.354512214660645
2020-10-28,12.587189674377441
2020-10-29,12.982940673828125
2020-10-30,12.494483947753906
2020-11-02,12.54108715057373
2020-11-03,12.978452682495117
2020-11-04,13.750760078430176
2020-11-05,14.1153564453125
2020-11-06,14.516087532043457
2020-11-09,13.587773323059082
2020-11-10,12.729741096496582
2020-11-11,13.375694274902344
2020-11-12,13.414321899414062
2020-11-13,13.255078315734863
2020-11-16,13.472640991210938
2020-11-17,13.379935264587402
2020-11-18,13.386411666870117
2020-11-19,13.397873878479004
2020-11-20,13.046488761901855
2020-11-23,13.098572731018066
2020-11-24,12.916894912719727
2020-11-25,13.193022727966309
2020-11-27,13.219437599182129
2020-11-30,13.359247207641602
2020-12-01,13.347786903381348
2020-12-02,13.50179672241211
2020-12-03,13.357708930969238
2020-12-04,13.519497871398926
2020-12-07,13.56785774230957
2020-12-08,13.31184196472168
2020-12-09,12.893792152404785
2020-12-10,12.93517017364502
2020-12-11,12.976054191589355
2020-12-14,13.270711898803711
2020-12-15,13.322311401367188
2020-12-16,13.204651832580566
2020-12-17,13.303117752075195
2020-12-18,13.234063148498535
2020-12-21,13.294142723083496
2020-12-22,13.240299224853516
2020-12-23,12.972064971923828
2020-12-24,12.956611633300781
2020-12-28,12.863128662109375
2020-12-29,12.90625286102295
2020-12-30,13.108176231384277
2020-12-31,13.017684936523438
2021-01-04,13.076016426086426
2021-01-05,13.366436004638672
2021-01-06,12.578444480895996
2021-01-07,13.305856704711914
2021-01-08,13.238800048828125
2021-01-11,13.58256721496582
2021-01-12,13.446205139160156
2021-01-13,13.493075370788574
2021-01-14,13.162519454956055
2021-01-15,12.822744369506836
2021-01-19,12.988018035888672
2021-01-20,13.327548027038574
2021-01-21,13.827863693237305
2021-01-22,13.67330551147461
2021-01-25,13.61422348022461
2021-01-26,13.396849632263184
2021-01-27,12.880827903747559
2021-01-28,13.01369571685791
2021-01-29,12.952620506286621
2021-02-01,13.199165344238281
2021-02-02,13.518003463745117
2021-02-03,13.491827011108398
2021-02-04,13.625189781188965
2021-02-05,13.552151679992676
2021-02-08,14.397480010986328
2021-02-09,14.222480773925781
2021-02-10,14.722047805786133
2021-02-11,15.207159996032715
2021-02-12,14.918487548828125
2021-02-16,15.286434173583984
2021-02-17,14.863394737243652
2021-02-18,14.786615371704102
2021-02-19,14.883838653564453
2021-02-22,14.314717292785645
2021-02-23,14.101577758789062
2021-02-24,14.45755672454834
2021-02-25,13.269463539123535
2021-02-26,13.675300598144531
2021-03-01,13.8021879196167
2021-03-02,13.36793041229248
2021-03-03,12.76815128326416
2021-03-04,12.334893226623535
2021-03-05,12.425880432128906
2021-03-08,11.560111045837402
2021-03-09,12.488776206970215
2021-03-10,12.43690299987793
2021-03-11,12.960832595825195
2021-03-12,12.823678970336914
2021-03-15,13.158088684082031
2021-03-16,13.25783634185791
2021-03-17,13.307709693908691
2021-03-18,12.69051456451416
2021-03-19,12.813455581665039
2021-03-22,13.153098106384277
2021-03-23,13.037890434265137
2021-03-24,12.611213684082031
2021-03-25,12.503734588623047
2021-03-26,12.806970596313477
2021-03-29,12.915699005126953
2021-03-30,12.83938980102539
2021-03-31,13.314693450927734
2021-04-01,13.777026176452637
2021-04-05,13.952336311340332
2021-04-06,13.826651573181152
2021-04-07,14.107943534851074
2021-04-08,14.281006813049316
2021-04-09,14.363797187805176
2021-04-12,15.170762062072754
2021-04-13,15.640081405639648
2021-04-14,15.238591194152832
2021-04-15,16.096681594848633
2021-04-16,15.872495651245117
2021-04-19,15.323128700256348
2021-04-20,15.13310718536377
2021-04-21,15.321882247924805
2021-04-22,14.812915802001953
2021-04-23,15.226872444152832
2021-04-26,15.439083099365234
2021-04-27,15.343082427978516
2021-04-28,15.238341331481934
2021-04-29,15.286223411560059
2021-04-30,14.97176456451416
2021-05-03,14.79944896697998
2021-05-04,14.315170288085938
2021-05-05,14.422151565551758
2021-05-06,14.486489295959473
2021-05-07,14.775012969970703
2021-05-10,14.229887008666992
2021-05-11,14.270280838012695
2021-05-12,13.723909378051758
2021-05-13,13.630892753601074
2021-05-14,14.207192420959473
2021-05-17,14.129887580871582
2021-05-18,13.980513572692871
2021-05-19,14.030388832092285
2021-05-20,14.575763702392578
2021-05-21,14.954060554504395
2021-05-24,15.572752952575684
2021-05-25,15.60840892791748
2021-05-26,15.660527229309082
2021-05-27,15.449063301086426
2021-05-28,16.203659057617188
2021-06-01,16.223608016967773
2021-06-02,16.73607063293457
2021-06-03,16.927085876464844
2021-06-04,17.5340576171875
2021-06-07,17.5747013092041
2021-06-08,17.41310691833496
2021-06-09,17.318580627441406
2021-06-10,17.385173797607422
2021-06-11,17.78451156616211
2021-06-14,17.97756576538086
2021-06-15,17.74784278869629
2021-06-16,17.769540786743164
2021-06-17,18.61460304260254
2021-06-18,18.596145629882812
2021-06-21,18.385133743286133
2021-06-22,18.843584060668945
2021-06-23,19.013694763183594
2021-06-24,19.161603927612305
2021-06-25,18.987504959106445
2021-06-28,19.93932342529297
2021-06-29,19.980979919433594
2021-06-30,19.956783294677734
2021-07-01,20.16580581665039
2021-07-02,20.44017791748047
2021-07-06,20.651193618774414
2021-07-07,20.3251895904541
2021-07-08,19.857263565063477
2021-07-09,20.004425048828125
2021-07-12,20.465621948242188
2021-07-13,20.203720092773438
2021-07-14,19.796152114868164
2021-07-15,18.922903060913086
2021-07-16,18.119495391845703
2021-07-19,18.736825942993164
2021-07-20,18.569459915161133
2021-07-21,19.365636825561523
2021-07-22,19.549217224121094
2021-07-23,19.513296127319336
2021-07-26,19.24990463256836
2021-07-27,19.16410255432129
2021-07-28,19.45842742919922
2021-07-29,19.617063522338867
2021-07-30,19.45443344116211
2021-08-02,19.70486068725586
2021-08-03,19.769718170166016
2021-08-04,20.227664947509766
2021-08-05,20.589834213256836
2021-08-06,20.3194522857666
2021-08-09,20.248615264892578
2021-08-10,19.89043426513672
2021-08-11,19.653976440429688
2021-08-12,19.859512329101562
2021-08-13,20.141857147216797
2021-08-16,19.904407501220703
2021-08-17,19.413530349731445
2021-08-18,18.996484756469727
2021-08-19,19.752748489379883
2021-08-20,20.7684268951416
2021-08-23,21.907817840576172
2021-08-24,21.743186950683594
2021-08-25,22.162233352661133
2021-08-26,22.01756477355957
2021-08-27,22.584266662597656
2021-08-30,22.636144638061523
2021-08-31,22.337779998779297
2021-09-01,22.393661499023438
2021-09-02,22.348756790161133
2021-09-03,22.794811248779297
2021-09-07,22.61418914794922
2021-09-08,22.29187774658203
2021-09-09,22.130218505859375
2021-09-10,22.430583953857422
2021-09-13,22.10527229309082
2021-09-14,22.19508171081543
2021-09-15,22.293874740600586
2021-09-16,22.19508171081543
2021-09-17,21.853801727294922
2021-09-20,21.068464279174805
2021-09-21,21.201181411743164
2021-09-22,21.89471435546875
2021-09-23,22.434574127197266
2021-09-24,22.0344181060791
2021-09-27,21.614303588867188
2021-09-28,20.655332565307617
2021-09-29,20.473718643188477
2021-09-30,20.672298431396484
2021-10-01,20.698246002197266
2021-10-04,19.69037437438965
2021-10-05,20.407854080200195
2021-10-06,20.65633201599121
2021-10-07,21.030542373657227
2021-10-08,20.78705406188965
2021-10-11,20.651344299316406
2021-10-12,20.627391815185547
2021-10-13,20.894824981689453
2021-10-14,21.70012855529785
2021-10-15,21.815881729125977
2021-10-18,22.175121307373047
2021-10-19,22.24297523498535
2021-10-20,22.05636978149414
2021-10-21,22.64413070678711
2021-10-22,22.678054809570312
2021-10-25,23.11713409423828
2021-10-26,24.664857864379883
2021-10-27,24.399417877197266
2021-10-28,24.888381958007812
2021-10-29,25.513063430786133
2021-11-01,25.772518157958984
2021-11-02,26.345306396484375
2021-11-03,26.54189109802246
2021-11-04,29.738134384155273
2021-11-05,29.689239501953125
2021-11-08,30.739017486572266
2021-11-09,30.59232521057129
2021-11-10,29.396852493286133
2021-11-11,30.325889587402344
2021-11-12,30.325889587402344
2021-11-15,29.961660385131836
2021-11-16,30.13928985595703
2021-11-17,29.199270248413086
2021-11-18,31.608179092407227
2021-11-19,32.91542053222656
2021-11-22,31.888587951660156
2021-11-23,31.67902946472168
2021-11-24,32.60506820678711
2021-11-26,31.43654441833496
2021-11-29,33.30559158325195
2021-11-30,32.6070556640625
2021-12-01,31.37252426147461
2021-12-02,32.06215286254883
2021-12-03,30.631999969482422
2021-12-06,29.977310180664062
2021-12-07,32.362552642822266
2021-12-08,31.76275062561035
2021-12-09,30.429405212402344
2021-12-10,30.13798713684082
2021-12-13,28.10503578186035
2021-12-14,28.280685424804688
2021-12-15,30.39846420288086
2021-12-16,28.33058738708496
2021-12-17,27.745752334594727
2021-12-20,27.663915634155273
2021-12-21,29.01721954345703
2021-12-22,29.341567993164062
2021-12-23,29.58109474182129
2021-12-27,30.883501052856445
2021-12-28,30.261737823486328
2021-12-29,29.941373825073242
2021-12-30,29.527204513549805
2021-12-31,29.35254669189453
2022-01-03,30.061140060424805
2022-01-04,29.23179054260254
2022-01-05,27.54914665222168
2022-01-06,28.121994018554688
2022-01-07,27.192852020263672
2022-01-10,27.345544815063477
2022-01-11,27.761714935302734
2022-01-12,27.943359375
2022-01-13,26.522192001342773
2022-01-14,26.888458251953125
2022-01-18,25.851520538330078
2022-01-19,25.017179489135742
2022-01-20,24.10200309753418
2022-01-21,23.327547073364258
2022-01-24,23.32555389404297
2022-01-25,22.27962875366211
2022-01-26,22.72673988342285
2022-01-27,21.900390625
2022-01-28,22.794605255126953
2022-01-31,24.437334060668945
2022-02-01,24.589033126831055
2022-02-02,25.191835403442383
2022-02-03,23.900405883789062
2022-02-04,24.270668029785156
2022-02-07,24.67885398864746
2022-02-08,25.058101654052734
2022-02-09,26.651926040649414
2022-02-10,25.772680282592773
2022-02-11,23.90140151977539
2022-02-14,24.21877098083496
2022-02-15,26.442344665527344
2022-02-16,26.458314895629883
2022-02-17,24.458297729492188
2022-02-18,23.595012664794922
2022-02-22,23.34351348876953
2022-02-23,22.342510223388672
2022-02-24,23.700801849365234
2022-02-25,24.108989715576172
2022-02-28,24.336536407470703
2022-03-01,23.43034553527832
2022-03-02,24.17598533630371
2022-03-03,23.67090606689453
2022-03-04,22.894317626953125
2022-03-07,21.313196182250977
2022-03-08,21.474897384643555
2022-03-09,22.972171783447266
2022-03-10,22.6168270111084
2022-03-11,22.059837341308594
2022-03-14,21.291236877441406
2022-03-15,22.931249618530273
2022-03-16,24.45148468017578
2022-03-17,24.720993041992188
2022-03-18,26.404926300048828
2022-03-21,26.68541717529297
2022-03-22,26.47579574584961
2022-03-23,25.587413787841797
2022-03-24,28.098840713500977
2022-03-25,27.641677856445312
2022-03-28,28.167715072631836
2022-03-29,28.603923797607422
2022-03-30,27.639678955078125
2022-03-31,27.236412048339844
2022-04-01,26.6634578704834
2022-04-04,27.310277938842773
2022-04-05,25.883878707885742
2022-04-06,24.36264419555664
2022-04-07,24.164005279541016
2022-04-08,23.076982498168945
2022-04-11,21.877168655395508
2022-04-12,21.464921951293945
2022-04-13,22.162649154663086
2022-04-14,21.219364166259766
2022-04-18,21.74341583251953
2022-04-19,22.157663345336914
2022-04-20,21.442962646484375
2022-04-21,20.14632225036621
2022-04-22,19.479530334472656
2022-04-25,19.865835189819336
2022-04-26,18.753854751586914
2022-04-27,18.381532669067383
2022-04-28,19.74604606628418
2022-04-29,18.51329231262207
2022-05-02,19.49750328063965
2022-05-03,19.566375732421875
2022-05-04,20.297046661376953
2022-05-05,18.80975341796875
2022-05-06,18.641061782836914
2022-05-09,16.9191951751709
2022-05-10,17.56302261352539
2022-05-11,16.599777221679688
2022-05-12,16.14560317993164
2022-05-13,17.67382049560547
2022-05-16,17.232624053955078
2022-05-17,18.143966674804688
2022-05-18,16.90721321105957
2022-05-19,17.092880249023438
2022-05-20,16.66366195678711
2022-05-23,16.86728858947754
2022-05-24,16.1246395111084
2022-05-25,16.94415283203125
2022-05-26,17.818557739257812
2022-05-27,18.776819229125977
2022-05-31,18.63806915283203
2022-06-01,18.286710739135742
2022-06-02,19.5563907623291
2022-06-03,18.685977935791016
2022-06-06,18.751861572265625
2022-06-07,18.89160919189453
2022-06-08,18.6180419921875
2022-06-09,18.019006729125977
2022-06-10,16.946739196777344
2022-06-13,15.621868133544922
2022-06-14,15.810563087463379
2022-06-15,16.50045394897461
2022-06-16,15.575940132141113
2022-06-17,15.854491233825684
2022-06-21,16.539386749267578
2022-06-22,16.333721160888672
2022-06-23,16.198938369750977
2022-06-24,17.09848976135254
2022-06-27,16.841899871826172
2022-06-28,15.956327438354492
2022-06-29,15.517034530639648
2022-06-30,15.134651184082031
2022-07-01,14.499671936035156
2022-07-05,14.939962387084961
2022-07-06,15.105696678161621
2022-07-07,15.832527160644531
2022-07-08,15.812559127807617
2022-07-11,15.127660751342773
2022-07-12,15.057774543762207
2022-07-13,15.139642715454102
2022-07-14,15.347308158874512
2022-07-15,15.73668098449707
2022-07-18,16.07513999938965
2022-07-19,16.96470832824707
2022-07-20,17.77839469909668
2022-07-21,18.0210018157959
2022-07-22,17.291179656982422
2022-07-25,16.996652603149414
2022-07-26,16.506444931030273
2022-07-27,17.761423110961914
2022-07-28,17.955110549926758
2022-07-29,18.133817672729492
2022-08-01,18.411376953125
2022-08-02,18.496240615844727
2022-08-03,18.862651824951172
2022-08-04,19.184133529663086
2022-08-05,18.958498001098633
2022-08-08,17.764421463012695
2022-08-09,17.058557510375977
2022-08-10,18.067928314208984
2022-08-11,17.913177490234375
2022-08-12,18.678951263427734
2022-08-15,19.001426696777344
2022-08-16,18.848676681518555
2022-08-17,18.305545806884766
2022-08-18,18.74284553527832
2022-08-19,17.820327758789062
2022-08-22,17.006641387939453
2022-08-23,17.153406143188477
2022-08-24,17.194334030151367
2022-08-25,17.88422393798828
2022-08-26,16.2338809967041
2022-08-29,15.775616645812988
2022-08-30,15.443154335021973
2022-08-31,15.069757461547852
2022-09-01,13.914612770080566
2022-09-02,13.625076293945312
2022-09-06,13.44337272644043
2022-09-07,13.696039199829102
2022-09-08,13.9716796875
2022-09-09,14.368160247802734
2022-09-12,14.486002922058105
2022-09-13,13.113802909851074
2022-09-14,13.110806465148926
2022-09-15,12.912067413330078
2022-09-16,13.180715560913086
2022-09-19,13.364474296569824
2022-09-20,13.158742904663086
2022-09-21,13.243632316589355
2022-09-22,12.544549942016602
2022-09-23,12.499608039855957
2022-09-26,12.211986541748047
2022-09-27,12.396743774414062
2022-09-28,12.719320297241211
2022-09-29,12.203997611999512
2022-09-30,12.123102188110352
2022-10-03,12.495613098144531
2022-10-04,13.14975643157959
2022-10-05,13.191701889038086
2022-10-06,13.112805366516113
2022-10-07,12.060185432434082
2022-10-10,11.654715538024902
2022-10-11,11.570828437805176
2022-10-12,11.484938621520996
2022-10-13,11.944336891174316
2022-10-14,11.212295532226562
2022-10-17,11.872431755065918
2022-10-18,11.95132827758789
2022-10-19,12.035218238830566
2022-10-20,12.178030967712402
2022-10-21,12.449675559997559
2022-10-24,12.582499504089355
2022-10-25,13.243632316589355
2022-10-26,12.879111289978027
2022-10-27,13.158742904663086
2022-10-28,13.815881729125977
2022-10-31,13.47932243347168
2022-11-01,13.525262832641602
2022-11-02,13.20168685913086
2022-11-03,13.403425216674805
2022-11-04,14.137460708618164
2022-11-07,14.282271385192871
2022-11-08,14.582876205444336
2022-11-09,13.757959365844727
2022-11-10,15.72937297821045
2022-11-11,16.30561637878418
2022-11-14,16.27366065979004
2022-11-15,16.64417266845703
2022-11-16,15.889163970947266
2022-11-17,15.656469345092773
2022-11-18,15.388818740844727
2022-11-21,15.296941757202148
2022-11-22,16.016996383666992
2022-11-23,16.49736785888672
2022-11-25,16.248695373535156
2022-11-28,15.80627155303955
2022-11-29,15.618518829345703
2022-11-30,16.905162811279297
2022-12-01,17.1169376373291
2022-12-02,16.858211517333984
2022-12-05,16.592491149902344
2022-12-06,15.970147132873535
2022-12-07,16.103010177612305
2022-12-08,17.150903701782227
2022-12-09,16.983074188232422
2022-12-12,17.516517639160156
2022-12-13,18.052949905395508
2022-12-14,17.655370712280273
2022-12-15,16.93412971496582
2022-12-16,16.553531646728516
2022-12-19,16.236867904663086
2022-12-20,16.06804656982422
2022-12-21,16.483604431152344
2022-12-22,15.322830200195312
2022-12-23,15.189971923828125
2022-12-27,14.10611343383789
2022-12-28,14.021204948425293
2022-12-29,14.587606430053711
2022-12-30,14.598594665527344
2023-01-03,14.299909591674805
2023-01-04,14.733453750610352
2023-01-05,14.249963760375977
2023-01-06,14.843338012695312
2023-01-09,15.611525535583496
2023-01-10,15.892230987548828
2023-01-11,15.984130859375
2023-01-12,16.493593215942383
2023-01-13,16.881189346313477
2023-01-17,17.68334197998047
2023-01-18,17.358680725097656
2023-01-19,16.747329711914062
2023-01-20,17.82019805908203
2023-01-23,19.172771453857422
2023-01-24,19.244691848754883
2023-01-25,19.302627563476562
2023-01-26,19.781126022338867
2023-01-27,20.343528747558594
2023-01-30,19.141801834106445
2023-01-31,19.51640510559082
2023-02-01,20.920921325683594
2023-02-02,21.686111450195312
2023-02-03,21.077756881713867
2023-02-06,21.066768646240234
2023-02-07,22.149627685546875
2023-02-08,22.181591033935547
2023-02-09,22.313453674316406
2023-02-10,21.242582321166992
2023-02-13,21.76503562927246
2023-02-14,22.94678497314453
2023-02-15,22.74000358581543
2023-02-16,21.978805541992188
2023-02-17,21.365453720092773
2023-02-21,20.63322639465332
2023-02-22,20.73212242126465
2023-02-23,23.639055252075195
2023-02-24,23.26145362854004
2023-02-27,23.476228713989258
2023-02-28,23.191530227661133
2023-03-01,22.674072265625
2023-03-02,23.2894229888916
2023-03-03,23.864818572998047
2023-03-06,23.529170989990234
2023-03-07,23.267404556274414
2023-03-08,24.159608840942383
2023-03-09,23.415273666381836
2023-03-10,22.944686889648438
2023-03-13,22.94568634033203
2023-03-14,24.041717529296875
2023-03-15,24.206567764282227
2023-03-16,25.518413543701172
2023-03-17,25.702247619628906
2023-03-20,25.877090454101562
2023-03-21,26.175827026367188
2023-03-22,26.444591522216797
2023-03-23,27.166950225830078
2023-03-24,26.75531578063965
2023-03-27,26.507535934448242
2023-03-28,26.386640548706055
2023-03-29,26.96013069152832
2023-03-30,27.358779907226562
2023-03-31,27.752431869506836
2023-04-03,27.940263748168945
2023-04-04,27.4287166595459
2023-04-05,26.857223510742188
2023-04-06,27.013086318969727
2023-04-10,27.554609298706055
2023-04-11,27.14497184753418
2023-04-12,26.471569061279297
2023-04-13,26.439592361450195
2023-04-14,26.734333038330078
2023-04-17,26.978118896484375
2023-04-18,27.642528533935547
2023-04-19,27.906295776367188
2023-04-20,27.080026626586914
2023-04-21,27.095014572143555
2023-04-24,27.018081665039062
2023-04-25,26.217788696289062
2023-04-26,26.93215560913086
2023-04-27,27.201919555664062
2023-04-28,27.724454879760742
2023-05-01,28.884428024291992
2023-05-02,28.185047149658203
2023-05-03,27.77741050720215
2023-05-04,27.53762435913086
2023-05-05,28.654632568359375
2023-05-08,29.125211715698242
2023-05-09,28.54572868347168
2023-05-10,28.859455108642578
2023-05-11,28.552722930908203
2023-05-12,28.3149356842041
2023-05-15,28.92738914489746
2023-05-16,29.187162399291992
2023-05-17,30.151309967041016
2023-05-18,31.649980545043945
2023-05-19,31.236347198486328
2023-05-22,31.148427963256836
2023-05-23,30.660856246948242
2023-05-24,30.510986328125
2023-05-25,37.94640350341797
2023-05-26,38.91154861450195
2023-05-30,40.075523376464844
2023-05-31,37.800540924072266
2023-06-01,39.73482131958008
2023-06-02,39.29222106933594
2023-06-05,39.136356353759766
2023-06-06,38.61981201171875
2023-06-07,37.44572067260742
2023-06-08,38.47991943359375
2023-06-09,38.739715576171875
2023-06-12,39.4511604309082
2023-06-13,40.98996353149414
2023-06-14,42.963417053222656
2023-06-15,42.61968994140625
2023-06-16,42.658653259277344
2023-06-20,43.773780822753906
2023-06-21,43.01137924194336
2023-06-22,42.991397857666016
2023-06-23,42.176025390625
2023-06-26,40.600257873535156
2023-06-27,41.84328842163086
2023-06-28,41.08488845825195
2023-06-29,40.79011154174805
2023-06-30,42.26895523071289
2023-07-03,42.37987518310547
2023-07-05,42.28395462036133
2023-07-06,42.07011413574219
2023-07-07,42.46979904174805
2023-07-10,42.147056579589844
2023-07-11,42.37187957763672
2023-07-12,43.867706298828125
2023-07-13,45.94109344482422
2023-07-14,45.43348693847656
2023-07-17,46.424705505371094
2023-07-18,47.45690155029297
2023-07-19,47.04022216796875
2023-07-20,45.48444747924805
2023-07-21,44.274391174316406
2023-07-24,44.577152252197266
2023-07-25,45.64331817626953
2023-07-26,45.41648864746094
2023-07-27,45.8641471862793
2023-07-28,46.71348190307617
2023-07-31,46.692501068115234
2023-08-01,46.47067642211914
2023-08-02,44.23442840576172
2023-08-03,44.480228424072266
2023-08-04,44.64509963989258
2023-08-07,45.381526947021484
2023-08-08,44.62911605834961
2023-08-09,42.5207633972168
2023-08-10,42.354896545410156
2023-08-11,40.82308578491211
2023-08-14,43.71882629394531
2023-08-15,43.90568161010742
2023-08-16,43.4520378112793
2023-08-17,43.310142517089844
2023-08-18,43.26518249511719
2023-08-21,46.93031311035156
2023-08-22,45.63232421875
2023-08-23,47.079200744628906
2023-08-24,47.126155853271484
2023-08-25,45.982059478759766
2023-08-28,46.79841613769531
2023-08-29,48.74589538574219
2023-08-30,49.225521087646484
2023-08-31,49.31645202636719
2023-09-01,48.47111129760742
2023-09-05,48.51008224487305
2023-09-06,47.028114318847656
2023-09-07,46.20869445800781
2023-09-08,45.540157318115234
2023-09-11,45.14643478393555
2023-09-12,44.838645935058594
2023-09-13,45.45322036743164
2023-09-14,45.549156188964844
2023-09-15,43.869319915771484
2023-09-18,43.935279846191406
2023-09-19,43.48958969116211
2023-09-20,42.2094841003418
2023-09-21,40.988338470458984
2023-09-22,41.58092498779297
2023-09-25,42.19249725341797
2023-09-26,41.881717681884766
2023-09-27,42.43832015991211
2023-09-28,43.05889129638672
2023-09-29,43.468605041503906
2023-10-02,44.750701904296875
2023-10-03,43.48658752441406
2023-10-04,44.01022720336914
2023-10-05,44.656776428222656
2023-10-06,45.73002624511719
2023-10-09,45.241363525390625
2023-10-10,45.76599884033203
2023-10-11,46.773292541503906
2023-10-12,46.912193298339844
2023-10-13,45.429229736328125
2023-10-16,46.06279373168945
2023-10-17,43.90729904174805
2023-10-18,42.1665153503418
2023-10-19,42.07158660888672
2023-10-20,41.35807800292969
2023-10-23,42.94497299194336
2023-10-24,43.63249206542969
2023-10-25,41.749813079833984
2023-10-26,40.297821044921875
2023-10-27,40.47169876098633
2023-10-30,41.132240295410156
2023-10-31,40.751502990722656
2023-11-01,42.295433044433594
2023-11-02,43.47559356689453
2023-11-03,44.97355270385742
2023-11-06,45.71903610229492
2023-11-07,45.922889709472656
2023-11-08,46.54146194458008
2023-11-09,46.91719055175781
2023-11-10,48.301231384277344
2023-11-13,48.586021423339844
2023-11-14,49.621299743652344
2023-11-15,48.85383605957031
2023-11-16,49.44542694091797
2023-11-17,49.263553619384766
2023-11-20,50.373775482177734
2023-11-21,49.90910339355469
2023-11-22,48.68195724487305
2023-11-24,47.742618560791016
2023-11-27,48.208290100097656
2023-11-28,47.78758239746094
2023-11-29,48.106361389160156
2023-11-30,46.73731994628906
2023-12-01,46.732322692871094
2023-12-04,45.47819519042969
2023-12-05,46.53755569458008
2023-12-06,45.47520065307617
2023-12-07,46.567535400390625
2023-12-08,47.47697830200195
2023-12-11,46.59851837158203
2023-12-12,47.62788772583008
2023-12-13,48.05862808227539
2023-12-14,48.320457458496094
2023-12-15,48.860130310058594
2023-12-18,50.04641342163086
2023-12-19,49.573692321777344
2023-12-20,48.081607818603516
2023-12-21,48.9600715637207
2023-12-22,48.800174713134766
2023-12-26,49.24889373779297
2023-12-27,49.386810302734375
2023-12-28,49.49174880981445
2023-12-29,49.49174880981445
2024-01-02,48.13856887817383
2024-01-03,47.53993606567383
2024-01-04,47.96868133544922
2024-01-05,49.0670051574707
2024-01-08,52.22107696533203
2024-01-09,53.10753631591797
2024-01-10,54.316795349121094
2024-01-11,54.78850555419922
2024-01-12,54.676570892333984
2024-01-16,56.347557067871094
2024-01-17,56.018760681152344
2024-01-18,57.072113037109375
2024-01-19,59.45465850830078
2024-01-22,59.617557525634766
2024-01-23,59.83642578125
2024-01-24,61.32451629638672
2024-01-25,61.57935333251953
2024-01-26,60.99371337890625
2024-01-29,62.42683792114258
2024-01-30,62.73564910888672
2024-01-31,61.489418029785156
2024-02-01,62.98849105834961
2024-02-02,66.11959075927734
2024-02-05,69.28964233398438
2024-02-06,68.18132781982422
2024-02-07,70.0561752319336
2024-02-08,69.59844207763672
2024-02-09,72.08895111083984
2024-02-12,72.20386505126953
2024-02-13,72.08395385742188
2024-02-14,73.85486602783203
2024-02-15,72.61360931396484
2024-02-16,72.5686264038086
2024-02-20,69.40958404541016
2024-02-21,67.4307861328125
2024-02-22,78.49002075195312
2024-02-23,78.76885223388672
2024-02-26,79.04369354248047
2024-02-27,78.65290832519531
2024-02-28,77.61556243896484
2024-02-29,79.06366729736328
2024-03-01,82.22872924804688
2024-03-04,85.18492126464844
2024-03-05,85.91551971435547
2024-03-06,88.64997100830078
2024-03-07,92.61673736572266
2024-03-08,87.4786376953125
2024-03-11,85.72562408447266
2024-03-12,91.86116790771484
2024-03-13,90.83673095703125
2024-03-14,87.89439392089844
2024-03-15,87.78746032714844
2024-03-18,88.40511322021484
2024-03-19,89.34757995605469
2024-03-20,90.32102966308594
2024-03-21,91.3834228515625
2024-03-22,94.23580932617188
2024-03-25,94.94841003417969
2024-03-26,92.50879669189453
2024-03-27,90.19910430908203
2024-03-28,90.3050308227539
2024-04-01,90.31202697753906
2024-04-02,89.40155792236328
2024-04-03,88.91382598876953
2024-04-04,85.85652923583984
2024-04-05,87.95836639404297
2024-04-08,87.0838623046875
2024-04-09,85.30584716796875
2024-04-10,86.98991394042969
2024-04-11,90.56488800048828
2024-04-12,88.13626861572266
2024-04-15,85.95247650146484
2024-04-16,87.36569213867188
2024-04-17,83.98760223388672
2024-04-18,84.62323760986328
2024-04-19,76.15702056884766
2024-04-22,79.47313690185547
2024-04-23,82.37651062011719
2024-04-24,79.63206481933594
2024-04-25,82.58539581298828
2024-04-26,87.6855239868164
2024-04-29,87.70751190185547
2024-04-30,86.35326385498047
2024-05-01,82.99414825439453
2024-05-02,85.76859283447266
2024-05-03,88.7389144897461
2024-05-06,92.08802795410156
2024-05-07,90.50292205810547
2024-05-08,90.36101531982422
2024-05-09,88.69695281982422
2024-05-10,89.82731628417969
2024-05-13,90.34801483154297
2024-05-14,91.30448150634766
2024-05-15,94.57662200927734
2024-05-16,94.3057861328125
2024-05-17,92.42684936523438
2024-05-20,94.72654724121094
2024-05-21,95.33219909667969
2024-05-22,94.89644622802734
2024-05-23,103.74047088623047
2024-05-24,106.4089584350586
2024-05-28,113.83675384521484
2024-05-29,114.7602310180664
2024-05-30,110.43767547607422
2024-05-31,109.57115936279297
2024-06-03,114.93514251708984
2024-06-04,116.37133026123047
2024-06-05,122.37094116210938
2024-06-06,120.92975616455078
2024-06-07,120.81981658935547
2024-06-10,121.72130584716797
2024-06-11,120.85173034667969
2024-06-12,125.13966369628906
2024-06-13,129.5475311279297
2024-06-14,131.8164520263672
2024-06-17,130.91688537597656
2024-06-18,135.51466369628906
2024-06-20,130.71697998046875
2024-06-21,126.50900268554688
2024-06-24,118.05307006835938
2024-06-25,126.02922821044922
2024-06-26,126.3390884399414
2024-06-27,123.93024444580078
2024-06-28,123.48046112060547
2024-07-01,124.24009704589844
2024-07-02,122.61087036132812
2024-07-03,128.21817016601562
2024-07-05,125.76936340332031
2024-07-08,128.13819885253906
2024-07-09,131.3166961669922
2024-07-10,134.84500122070312
2024-07-11,127.33861541748047
2024-07-12,129.17771911621094
2024-07-15,128.37811279296875
2024-07-16,126.29910278320312
2024-07-17,117.93313598632812
2024-07-18,121.0316390991211
2024-07-19,117.8731689453125
2024-07-22,123.48046112060547
2024-07-23,122.53091430664062
2024-07-24,114.1949462890625
2024-07-25,112.22588348388672
2024-07-26,113.00550079345703
2024-07-29,111.53621673583984
2024-07-30,103.68000030517578
2024-07-31,116.96359252929688
2024-08-01,109.1573715209961
2024-08-02,107.21829986572266
2024-08-05,100.4015884399414
2024-08-06,104.19976806640625
2024-08-07,98.86235046386719
2024-08-08,104.91941833496094
2024-08-09,104.69951629638672
2024-08-12,108.96746063232422
2024-08-13,116.08402252197266
2024-08-14,118.02310943603516
2024-08-15,122.80079650878906
2024-08-16,124.51995849609375
2024-08-19,129.93736267089844
2024-08-20,127.18868255615234
2024-08-21,128.43804931640625
2024-08-22,123.68035888671875
2024-08-23,129.30763244628906
2024-08-26,126.39905548095703
2024-08-27,128.23817443847656
2024-08-28,125.54946899414062
2024-08-29,117.53331756591797
2024-08-30,119.31246948242188
2024-09-03,107.94795227050781
2024-09-04,106.15882110595703
2024-09-05,107.15833282470703
2024-09-06,102.78044128417969
2024-09-09,106.41869354248047
2024-09-10,108.04790496826172
2024-09-11,116.8536605834961
2024-09-12,119.0927734375
2024-09-13,119.05278015136719
2024-09-16,116.73369598388672
2024-09-17,115.54417419433594
2024-09-18,113.3250503540039
2024-09-19,117.82327270507812
2024-09-20,115.95401763916016
2024-09-23,116.21392059326172
2024-09-24,120.82209014892578
2024-09-25,123.4610366821289
2024-09-26,123.9908218383789
2024-09-27,121.35187530517578
2024-09-30,121.39186096191406
2024-10-01,116.95362091064453
2024-10-02,118.80288696289062
2024-10-03,122.80130004882812
2024-10-04,124.87047576904297
2024-10-07,127.66936492919922
2024-10-08,132.83731079101562
2024-10-09,132.59739685058594
2024-10-10,134.7565460205078
2024-10-11,134.74656677246094
2024-10-14,138.01527404785156
2024-10-15,131.54783630371094
2024-10-16,135.6662139892578
2024-10-17,136.87571716308594
2024-10-18,137.94529724121094
2024-10-21,143.6530303955078
2024-10-22,143.5330810546875
2024-10-23,139.50466918945312
2024-10-24,140.35433959960938
2024-10-25,141.48388671875
2024-10-28,140.4643096923828
2024-10-29,141.19400024414062
2024-10-30,139.28475952148438
2024-10-31,132.70736694335938
2024-11-01,135.34632873535156
2024-11-04,135.99607849121094
2024-11-05,139.8545379638672
2024-11-06,145.5522918701172
2024-11-07,148.8209991455078
2024-11-08,147.5714874267578
2024-11-11,145.202392578125
2024-11-12,148.23118591308594
2024-11-13,146.2120361328125
2024-11-14,146.70181274414062
2024-11-15,141.9237060546875
2024-11-18,140.09442138671875
2024-11-19,146.95172119140625
2024-11-20,145.83216857910156
2024-11-21,146.6118621826172
2024-11-22,141.89370727539062
2024-11-25,135.96607971191406
2024-11-26,136.86573791503906
2024-11-27,135.2863311767578
2024-11-29,138.19520568847656
2024-12-02,138.5750274658203
2024-12-03,140.20440673828125
2024-12-04,145.0824737548828
2024-12-05,145.0124969482422
2024-12-06,142.39334106445312
2024-12-09,138.7645263671875
2024-12-10,135.0257568359375
2024-12-11,139.2643585205078
2024-12-12,137.29501342773438
2024-12-13,134.20602416992188
2024-12-16,131.95675659179688
2024-12-17,130.3472900390625
2024-12-18,128.86778259277344
2024-12-19,130.63717651367188
2024-12-20,134.65586853027344
2024-12-23,139.62425231933594
2024-12-24,140.17408752441406
2024-12-26,139.88417053222656
2024-12-27,136.96511840820312
2024-12-30,137.44496154785156
2024-12-31,134.2460174560547
2025-01-02,138.26470947265625
2025-01-03,144.4226837158203
2025-01-06,149.38104248046875
2025-01-07,140.09408569335938
2025-01-08,140.06410217285156
2025-01-10,135.86549377441406
2025-01-13,133.18637084960938
2025-01-14,131.71682739257812
2025-01-15,136.1953887939453
2025-01-16,133.5262451171875
2025-01-17,137.66490173339844
2025-01-21,140.78387451171875
2025-01-22,147.0218505859375
2025-01-23,147.17178344726562
2025-01-24,142.57327270507812
2025-01-27,118.3812026977539
2025-01-28,128.94776916503906
2025-01-29,123.65948486328125
2025-01-30,124.60917663574219
2025-01-31,120.03067016601562
2025-02-03,116.62179565429688
2025-02-04,118.61113739013672
2025-02-05,124.78911590576172
2025-02-06,128.63784790039062
2025-02-07,129.79745483398438
2025-02-10,133.5262451171875
2025-02-11,132.7565155029297
2025-02-12,131.0970458984375
2025-02-13,135.2456817626953
2025-02-14,138.80453491210938
2025-02-18,139.35435485839844
2025-02-19,139.18438720703125
2025-02-20,140.06410217285156
2025-02-21,134.38595581054688
2025-02-24,130.23733520507812
2025-02-25,126.5885238647461
2025-02-26,131.23699951171875
2025-02-27,120.11065673828125
2025-02-28,124.87908172607422
2025-03-03,114.02263641357422
2025-03-04,115.9520034790039
2025-03-05,117.26158142089844
2025-03-06,110.53378295898438
2025-03-07,112.65309143066406
2025-03-10,106.94495391845703
2025-03-11,108.72438049316406
2025-03-12,115.71273803710938
2025-03-13,115.55277252197266
2025-03-14,121.6413345336914
2025-03-17,119.50183868408203
2025-03-18,115.40280151367188
2025-03-19,117.49230194091797
2025-03-20,118.50206756591797
2025-03-21,117.6722640991211
2025-03-24,121.38140106201172
2025-03-25,120.66156768798828
2025-03-26,113.73320007324219
2025-03-27,111.40374755859375
2025-03-28,109.64415740966797
2025-03-31,108.35446166992188
2025-04-01,110.12405395507812
2025-04-02,110.39398193359375
2025-04-03,101.7760238647461
2025-04-04,94.28778076171875
2025-04-07,97.61698913574219
2025-04-08,96.27731323242188
2025-04-09,114.30306243896484
2025-04-10,107.5446548461914
2025-04-11,110.90386199951172
2025-04-14,110.68391418457031
2025-04-15,112.1735610961914
2025-04-16,104.46538543701172
2025-04-17,101.4660873413086
2025-04-21,96.88717651367188
2025-04-22,98.86670684814453
2025-04-23,102.68579864501953
2025-04-24,106.40492248535156
2025-04-25,110.98385620117188
2025-04-28,108.70438385009766
2025-04-29,108.99431610107422
2025-04-30,108.89433288574219
2025-05-01,111.58370208740234
2025-05-02,114.47303009033203
2025-05-05,113.7931900024414
2025-05-06,113.51325988769531
2025-05-07,117.03242492675781
2025-05-08,117.34236145019531
2025-05-09,116.62252044677734
2025-05-12,122.97103118896484
2025-05-13,129.89938354492188
2025-05-14,135.30810546875
2025-05-15,134.79823303222656
2025-05-16,135.36810302734375
2025-05-19,135.53805541992188
2025-05-20,134.3483428955078
2025-05-21,131.76895141601562
2025-05-22,132.7987060546875
2025-05-23,131.25906372070312
2025-05-27,135.4680633544922
2025-05-28,134.7782440185547
2025-05-29,139.15721130371094
2025-05-30,135.09817504882812
2025-06-02,137.34764099121094
2025-06-03,141.1867218017578
2025-06-04,141.88656616210938
2025-06-05,139.95703125
2025-06-06,141.6865997314453
2025-06-09,142.59640502929688
2025-06-10,143.92608642578125
2025-06-11,142.80625915527344
2025-06-12,144.9759063720703
2025-06-13,141.94639587402344
2025-06-16,144.66595458984375
2025-06-17,144.09603881835938
2025-06-18,145.455810546875
2025-06-20,143.8260955810547
2025-06-23,144.1460418701172
2025-06-24,147.87539672851562
2025-06-25,154.28436279296875
2025-06-26,154.99423217773438
2025-06-27,157.7238006591797
2025-06-30,157.96376037597656
2025-07-01,153.2745361328125
2025-07-02,157.22386169433594
2025-07-03,159.3135223388672
2025-07-07,158.21371459960938
2025-07-08,159.97341918945312
2025-07-09,162.85293579101562
2025-07-10,164.07273864746094
2025-07-11,164.89259338378906
2025-07-14,164.04273986816406
2025-07-15,170.671630859375
2025-07-16,171.34152221679688
2025-07-17,172.97125244140625
2025-07-18,172.38136291503906
2025-07-21,171.35153198242188
2025-07-22,167.00225830078125
2025-07-23,170.75161743164062
2025-07-24,173.7111358642578
2025-07-25,173.47117614746094
2025-07-28,176.7206268310547
2025-07-29,175.4808349609375
2025-07-30,179.24021911621094
2025-07-31,177.84043884277344
2025-08-01,173.69113159179688
2025-08-04,179.9700927734375
2025-08-05,178.23037719726562
2025-08-06,179.3901824951172
2025-08-07,180.73997497558594
2025-08-08,182.66964721679688
2025-08-11,182.0297393798828
2025-08-12,183.1295623779297
2025-08-13,181.55982971191406
2025-08-14,181.98974609375
2025-08-15,180.42001342773438
2025-08-18,181.979736328125
2025-08-19,175.61080932617188
2025-08-20,175.370849609375
2025-08-21,174.95091247558594
2025-08-22,177.96043395996094
2025-08-25,179.78012084960938
2025-08-26,181.7397918701172
2025-08-27,181.56983947753906
2025-08-28,180.1400604248047
2025-08-29,174.1510467529297
2025-09-02,170.75161743164062
2025-09-03,170.59165954589844
2025-09-04,171.63148498535156
2025-09-05,166.9922637939453
2025-09-08,168.2820281982422
2025-09-09,170.7316131591797
2025-09-10,177.300537109375
2025-09-11,177.1505584716797
2025-09-12,177.80047607421875
2025-09-15,177.73049926757812
2025-09-16,174.86080932617188
2025-09-17,170.27130126953125
2025-09-18,176.2206573486328
2025-09-19,176.6505889892578
2025-09-22,183.58984375
2025-09-23,178.410400390625
2025-09-24,176.9505615234375
2025-09-25,177.67050170898438
2025-09-26,178.17044067382812
2025-09-29,181.83004760742188
2025-09-30,186.55950927734375
2025-10-01,187.21945190429688
2025-10-02,188.8692626953125
2025-10-03,187.5994110107422
2025-10-06,185.51962280273438
2025-10-07,185.01968383789062
2025-10-08,189.0892333984375
2025-10-09,192.54885864257812
2025-10-10,183.139892578125
2025-10-13,188.29933166503906
2025-10-14,180.01022338867188
2025-10-15,179.8102569580078
2025-10-16,181.7900390625
2025-10-17,183.19989013671875
2025-10-20,182.6199493408203
2025-10-21,181.14010620117188
2025-10-22,180.2602081298828
2025-10-23,182.13999938964844
2025-10-24,186.23953247070312
2025-10-27,191.46897888183594
2025-10-28,201.0079345703125
2025-10-29,207.01727294921875
2025-10-30,202.8677215576172
2025-10-31,202.4677734375
2025-11-03,206.85728454589844
2025-11-04,198.66818237304688
2025-11-05,195.18858337402344
2025-11-06,188.05935668945312
2025-11-07,188.1293487548828
2025-11-10,199.0281524658203
2025-11-11,193.1387939453125
2025-11-12,193.7787322998047
2025-11-13,186.8394775390625
2025-11-14,190.14910888671875
2025-11-17,186.5795135498047
2025-11-18,181.340087890625
2025-11-19,186.49952697753906
2025-11-20,180.6201629638672
2025-11-21,178.86036682128906
2025-11-24,182.52996826171875
2025-11-25,177.80047607421875
2025-11-26,180.24020385742188
2025-11-28,176.98056030273438
2025-12-01,179.90025329589844
2025-12-02,181.44007873535156
2025-12-03,179.57028198242188
2025-12-04,183.37008666992188
2025-12-05,182.40013122558594
2025-12-08,185.5399627685547
2025-12-09,184.95999145507812
2025-12-10,183.77005004882812
2025-12-11,180.92019653320312
2025-12-12,175.01052856445312
2025-12-15,176.28045654296875
2025-12-16,177.71038818359375
2025-12-17,170.93075561523438
2025-12-18,174.1305694580078
2025-12-19,180.98020935058594
2025-12-22,183.6800537109375
2025-12-23,189.19976806640625
2025-12-24,188.59979248046875
2025-12-26,190.51968383789062
2025-12-29,188.20980834960938
2025-12-30,187.52984619140625
2025-12-31,186.4899139404297
2026-01-02,188.83978271484375
2026-01-05,188.1098175048828
2026-01-06,187.22987365722656
2026-01-07,189.09976196289062
2026-01-08,185.0299835205078
2026-01-09,184.84999084472656
2026-01-12,184.92999267578125
2026-01-13,185.79994201660156
2026-01-14,183.1300811767578
2026-01-15,187.03988647460938
2026-01-16,186.21990966796875
2026-01-20,178.06036376953125
2026-01-21,183.31008911132812
2026-01-22,184.82998657226562
2026-01-23,187.6598358154297
2026-01-26,186.4599151611328
2026-01-27,188.50979614257812
2026-01-28,191.5096435546875
2026-01-29,192.49957275390625
2026-01-30,191.11965942382812
2026-02-02,185.59996032714844
2026-02-03,180.33023071289062
2026-02-04,174.18057250976562
2026-02-05,171.87069702148438
2026-02-06,185.39996337890625
2026-02-09,190.0297088623047
2026-02-10,188.52978515625
2026-02-11,190.0397186279297
2026-02-12,186.9298858642578
2026-02-13,182.80010986328125
2026-02-17,184.95999145507812
2026-02-18,187.96981811523438
2026-02-19,187.88983154296875
2026-02-20,189.8097381591797
2026-02-23,191.53964233398438
2026-02-24,192.83956909179688
2026-02-25,195.54940795898438
2026-02-26,184.87998962402344
2026-02-27,177.180419921875
2026-03-02,182.47012329101562
2026-03-03,180.04025268554688
2026-03-04,183.03009033203125
2026-03-05,183.330078125
2026-03-06,177.8103790283203
2026-03-09,182.64010620117188
2026-03-10,184.760009765625
2026-03-11,186.02999877929688
2026-03-12,183.13999938964844
2026-03-13,180.25
2026-03-16,183.22000122070312
2026-03-17,181.92999267578125
2026-03-18,180.39999389648438
2026-03-19,178.55999755859375
2026-03-20,172.6999969482422
2026-03-23,175.63999938964844
2026-03-24,175.1999969482422
2026-03-25,178.67999267578125
2026-03-26,171.24000549316406
2026-03-27,167.52000427246094
2026-03-30,165.1699981689453
2026-03-31,174.39999389648438
2026-04-01,175.75
2026-04-02,177.38999938964844
2026-04-06,177.63999938964844
2026-04-07,178.10000610351562
2026-04-08,182.0800018310547
2026-04-09,183.91000366210938
2026-04-10,188.6300048828125
2026-04-13,189.30999755859375
2026-04-14,196.50999450683594
2026-04-15,198.8699951171875
2026-04-16,198.35000610351562
2026-04-17,201.67999267578125
2026-04-20,202.05999755859375
2026-04-21,199.8800048828125
2026-04-22,202.5
2026-04-23,199.63999938964844
2026-04-24,208.27000427246094
2026-04-27,216.61000061035156
2026-04-28,213.1699981689453
2026-04-29,209.25
2026-04-30,199.57000732421875
2026-05-01,198.4499969482422
