Date,QQQ
2011-01-03,48.45282745361328
2011-01-04,48.417781829833984
2011-01-05,48.82951736450195
2011-01-06,48.98719787597656
2011-01-07,48.943389892578125
2011-01-10,49.12736511230469
2011-01-11,49.19743728637695
2011-01-12,49.54784393310547
2011-01-13,49.56536865234375
2011-01-14,49.93328857421875
2011-01-18,50.0734748840332
2011-01-19,49.504051208496094
2011-01-20,49.15365219116211
2011-01-21,48.77695846557617
2011-01-24,49.45149230957031
2011-01-25,49.52157974243164
2011-01-26,49.784385681152344
2011-01-27,50.09099197387695
2011-01-28,48.82073974609375
2011-01-31,49.05727767944336
2011-02-01,49.97709274291992
2011-02-02,49.898258209228516
2011-02-03,49.985862731933594
2011-02-04,50.266204833984375
2011-02-07,50.50271987915039
2011-02-08,50.835609436035156
2011-02-09,50.74799728393555
2011-02-10,50.82685089111328
2011-02-11,51.194766998291016
2011-02-14,51.31742477416992
2011-02-15,51.24732971191406
2011-02-16,51.58021926879883
2011-02-17,51.56269836425781
2011-02-18,51.44881057739258
2011-02-22,49.95956802368164
2011-02-23,49.54784393310547
2011-02-24,49.810665130615234
2011-02-25,50.50271987915039
2011-02-28,50.607845306396484
2011-03-01,49.79315185546875
2011-03-02,50.05593490600586
2011-03-03,51.04586410522461
2011-03-04,50.783042907714844
2011-03-07,50.09976577758789
2011-03-08,50.301231384277344
2011-03-09,49.95956802368164
2011-03-10,49.17992401123047
2011-03-11,49.48653030395508
2011-03-14,49.31132125854492
2011-03-15,48.61051559448242
2011-03-16,47.43662643432617
2011-03-17,47.8746452331543
2011-03-18,47.76675796508789
2011-03-21,48.6878662109375
2011-03-22,48.60015106201172
2011-03-23,48.872093200683594
2011-03-24,49.74057388305664
2011-03-25,49.863407135009766
2011-03-28,49.591453552246094
2011-03-29,50.07393264770508
2011-03-30,50.310791015625
2011-03-31,50.38098907470703
2011-04-01,50.40729522705078
2011-04-04,50.24061965942383
2011-04-05,50.10902786254883
2011-04-06,50.23186492919922
2011-04-07,50.1967658996582
2011-04-08,49.95988845825195
2011-04-11,49.793216705322266
2011-04-12,49.45106506347656
2011-04-13,49.8721809387207
2011-04-14,49.78443908691406
2011-04-15,49.69671630859375
2011-04-18,49.3458137512207
2011-04-19,49.652862548828125
2011-04-20,50.7757453918457
2011-04-21,51.17926788330078
2011-04-25,51.310882568359375
2011-04-26,51.600364685058594
2011-04-27,51.951271057128906
2011-04-28,51.8723258972168
2011-04-29,51.82845687866211
2011-05-02,51.731964111328125
2011-05-03,51.4863166809082
2011-05-04,51.407379150390625
2011-05-05,51.12663269042969
2011-05-06,51.29331588745117
2011-05-09,51.4863166809082
2011-05-10,51.924964904785156
2011-05-11,51.54774856567383
2011-05-12,51.85477066040039
2011-05-13,51.24067687988281
2011-05-16,50.35467529296875
2011-05-17,50.49501419067383
2011-05-18,50.916107177734375
2011-05-19,51.06525421142578
2011-05-20,50.67924499511719
2011-05-23,49.933570861816406
2011-05-24,49.62653350830078
2011-05-25,49.819541931152344
2011-05-26,50.12656021118164
2011-05-27,50.38098907470703
2011-05-31,51.19683837890625
2011-06-01,50.08271026611328
2011-06-02,50.18798828125
2011-06-03,49.43355178833008
2011-06-06,49.029998779296875
2011-06-07,48.942283630371094
2011-06-08,48.591365814208984
2011-06-09,48.679115295410156
2011-06-10,47.933433532714844
2011-06-13,47.933433532714844
2011-06-14,48.54750442504883
2011-06-15,47.626380920410156
2011-06-16,47.44216537475586
2011-06-17,47.293575286865234
2011-06-20,47.53976058959961
2011-06-21,48.55965042114258
2011-06-22,48.207977294921875
2011-06-23,48.65636444091797
2011-06-24,47.81231689453125
2011-06-27,48.577247619628906
2011-06-28,49.29821014404297
2011-06-29,49.50042724609375
2011-06-30,50.15983963012695
2011-07-01,50.915977478027344
2011-07-05,51.17097091674805
2011-07-06,51.3380126953125
2011-07-07,52.04140853881836
2011-07-08,51.900726318359375
2011-07-11,50.9599494934082
2011-07-12,50.57309341430664
2011-07-13,50.78410720825195
2011-07-14,50.195003509521484
2011-07-15,50.86322784423828
2011-07-18,50.590667724609375
2011-07-19,51.74247360229492
2011-07-20,51.52265548706055
2011-07-21,51.86555480957031
2011-07-22,52.401885986328125
2011-07-25,52.29637145996094
2011-07-26,52.428260803222656
2011-07-27,51.074241638183594
2011-07-28,51.16216278076172
2011-07-29,50.9951171875
2011-08-01,50.75772476196289
2011-08-02,49.47404861450195
2011-08-03,49.9488410949707
2011-08-04,47.62767791748047
2011-08-05,47.32875442504883
2011-08-08,44.48004913330078
2011-08-09,46.625370025634766
2011-08-10,44.71744155883789
2011-08-11,46.68690872192383
2011-08-12,47.10013961791992
2011-08-15,47.79473114013672
2011-08-16,47.39029312133789
2011-08-17,47.10894775390625
2011-08-18,44.796573638916016
2011-08-19,43.9876823425293
2011-08-22,44.145938873291016
2011-08-23,45.96593475341797
2011-08-24,46.326416015625
2011-08-25,45.570308685302734
2011-08-26,46.71328353881836
2011-08-29,48.01454162597656
2011-08-30,48.33106231689453
2011-08-31,48.41019821166992
2011-09-01,47.970584869384766
2011-09-02,46.84517288208008
2011-09-06,46.853965759277344
2011-09-07,48.040924072265625
2011-09-08,47.82109451293945
2011-09-09,46.75725555419922
2011-09-12,47.35512924194336
2011-09-13,47.988155364990234
2011-09-14,48.673980712890625
2011-09-15,49.39491653442383
2011-09-16,49.847686767578125
2011-09-19,49.865299224853516
2011-09-20,49.64509963989258
2011-09-21,48.7818489074707
2011-09-22,47.19630432128906
2011-09-23,47.698387145996094
2011-09-26,48.253326416015625
2011-09-27,48.75542449951172
2011-09-28,48.03312301635742
2011-09-29,47.4605598449707
2011-09-30,46.236175537109375
2011-10-03,45.047027587890625
2011-10-04,45.971920013427734
2011-10-05,47.152252197265625
2011-10-06,47.94502258300781
2011-10-07,47.627925872802734
2011-10-10,49.275115966796875
2011-10-11,49.6098518371582
2011-10-12,49.85649108886719
2011-10-13,50.314552307128906
2011-10-14,51.24824905395508
2011-10-17,50.45547866821289
2011-10-18,51.08087921142578
2011-10-19,50.094322204589844
2011-10-20,49.847686767578125
2011-10-21,50.47308349609375
2011-10-24,51.52131271362305
2011-10-25,50.50833511352539
2011-10-26,50.44667434692383
2011-10-27,51.83842086791992
2011-10-28,51.91769790649414
2011-10-31,51.04564666748047
2011-11-01,49.71556854248047
2011-11-02,50.13835906982422
2011-11-03,51.17778015136719
2011-11-04,50.91353225708008
2011-11-07,51.274681091308594
2011-11-08,51.864837646484375
2011-11-09,50.041473388671875
2011-11-10,50.015037536621094
2011-11-11,50.95756912231445
2011-11-14,50.64046096801758
2011-11-15,51.20420837402344
2011-11-16,50.35857009887695
2011-11-17,49.17824172973633
2011-11-18,48.79947280883789
2011-11-21,47.865753173828125
2011-11-22,48.024322509765625
2011-11-23,46.94085693359375
2011-11-25,46.5797004699707
2011-11-28,48.200496673583984
2011-11-29,47.90098571777344
2011-11-30,49.67151641845703
2011-12-01,50.015037536621094
2011-12-02,49.874114990234375
2011-12-05,50.420249938964844
2011-12-06,50.279293060302734
2011-12-07,50.279293060302734
2011-12-08,49.43368148803711
2011-12-09,50.22645950317383
2011-12-12,49.66270065307617
2011-12-13,49.116573333740234
2011-12-14,48.350223541259766
2011-12-15,48.21810531616211
2011-12-16,48.466346740722656
2011-12-19,47.98928451538086
2011-12-20,49.411651611328125
2011-12-21,48.70487976074219
2011-12-22,49.1201057434082
2011-12-23,49.544166564941406
2011-12-27,49.72897720336914
2011-12-28,49.154232025146484
2011-12-29,49.50791549682617
2011-12-30,49.36642837524414
2012-01-03,50.31254577636719
2012-01-04,50.524784088134766
2012-01-05,50.94036865234375
2012-01-06,51.11722183227539
2012-01-09,50.94920349121094
2012-01-10,51.320587158203125
2012-01-11,51.42668151855469
2012-01-12,51.63005447387695
2012-01-13,51.44437789916992
2012-01-17,51.91301345825195
2012-01-18,52.60271453857422
2012-01-19,52.929874420166016
2012-01-20,52.85028839111328
2012-01-23,52.86799621582031
2012-01-24,52.77070236206055
2012-01-25,53.43387985229492
2012-01-26,53.248199462890625
2012-01-27,53.40737533569336
2012-01-30,53.451576232910156
2012-01-31,53.522300720214844
2012-02-01,53.95557403564453
2012-02-02,54.12357711791992
2012-02-03,54.86634063720703
2012-02-06,54.82211685180664
2012-02-07,54.93706130981445
2012-02-08,55.22886276245117
2012-02-09,55.626773834228516
2012-02-10,55.237701416015625
2012-02-13,55.75056076049805
2012-02-14,55.89204025268555
2012-02-15,55.502967834472656
2012-02-16,56.26341247558594
2012-02-17,56.08656692504883
2012-02-21,56.2457389831543
2012-02-22,55.98929214477539
2012-02-23,56.360679626464844
2012-02-24,56.555213928222656
2012-02-27,56.63479232788086
2012-02-28,57.209529876708984
2012-02-29,56.95311737060547
2012-03-01,57.40406799316406
2012-03-02,57.359859466552734
2012-03-05,56.767417907714844
2012-03-06,56.21036911010742
2012-03-07,56.64363479614258
2012-03-08,57.25375747680664
2012-03-09,57.49248504638672
2012-03-12,57.51900863647461
2012-03-13,58.58893585205078
2012-03-14,58.79229736328125
2012-03-15,58.9603157043457
2012-03-16,58.918678283691406
2012-03-19,59.3349609375
2012-03-20,59.44126510620117
2012-03-21,59.450130462646484
2012-03-22,59.326114654541016
2012-03-23,59.290687561035156
2012-03-26,60.32697677612305
2012-03-27,60.415565490722656
2012-03-28,60.17640686035156
2012-03-29,59.94613265991211
2012-03-30,59.83097457885742
2012-04-02,60.45096206665039
2012-04-03,60.433284759521484
2012-04-04,59.60953903198242
2012-04-05,59.981563568115234
2012-04-09,59.52983093261719
2012-04-10,58.5732421875
2012-04-11,58.85665512084961
2012-04-12,59.52983093261719
2012-04-13,58.62638854980469
2012-04-16,57.970970153808594
2012-04-17,59.14896774291992
2012-04-18,58.99838638305664
2012-04-19,58.3341064453125
2012-04-20,58.17465591430664
2012-04-23,57.643245697021484
2012-04-24,57.33321762084961
2012-04-25,58.85665512084961
2012-04-26,59.20211410522461
2012-04-27,59.55641555786133
2012-04-30,59.13124084472656
2012-05-01,59.22868347167969
2012-05-02,59.39695739746094
2012-05-03,58.76810836791992
2012-05-04,57.30665588378906
2012-05-07,57.35980987548828
2012-05-08,57.147216796875
2012-05-09,56.970069885253906
2012-05-10,56.85493850708008
2012-05-11,56.846092224121094
2012-05-14,56.314640045166016
2012-05-15,56.12863540649414
2012-05-16,55.74776840209961
2012-05-17,54.56975555419922
2012-05-18,53.861167907714844
2012-05-21,55.36689758300781
2012-05-22,55.304908752441406
2012-05-23,55.41118621826172
2012-05-24,55.04804229736328
2012-05-25,54.97718048095703
2012-05-29,55.676918029785156
2012-05-30,55.20746994018555
2012-05-31,54.96834182739258
2012-06-01,53.50688171386719
2012-06-04,53.91429901123047
2012-06-05,54.135746002197266
2012-06-06,55.37578201293945
2012-06-07,55.15433120727539
2012-06-08,55.68577575683594
2012-06-11,54.74689865112305
2012-06-12,55.41118621826172
2012-06-13,55.030338287353516
2012-06-14,55.234039306640625
2012-06-15,55.920291900634766
2012-06-18,56.44407272338867
2012-06-19,57.029998779296875
2012-06-20,57.07439422607422
2012-06-21,55.65396499633789
2012-06-22,56.23988342285156
2012-06-25,55.15681838989258
2012-06-26,55.503055572509766
2012-06-27,55.840396881103516
2012-06-28,55.218955993652344
2012-06-29,56.95899200439453
2012-07-02,57.12763977050781
2012-07-03,57.60704040527344
2012-07-05,57.642547607421875
2012-07-06,56.92345428466797
2012-07-09,56.816925048828125
2012-07-10,56.25764083862305
2012-07-11,55.94693374633789
2012-07-12,55.42313003540039
2012-07-13,56.266510009765625
2012-07-16,56.106712341308594
2012-07-17,56.39968490600586
2012-07-18,57.16316604614258
2012-07-19,57.79347610473633
2012-07-20,57.029998779296875
2012-07-23,56.33753967285156
2012-07-24,55.893653869628906
2012-07-25,55.52079391479492
2012-07-26,56.25764083862305
2012-07-27,57.589290618896484
2012-07-30,57.54490280151367
2012-07-31,57.52714157104492
2012-08-01,57.35847473144531
2012-08-02,57.15428161621094
2012-08-03,58.23735809326172
2012-08-06,58.68124008178711
2012-08-07,59.16950988769531
2012-08-08,59.14287567138672
2012-08-09,59.3204231262207
2012-08-10,59.35593032836914
2012-08-13,59.49800109863281
2012-08-14,59.52461242675781
2012-08-15,59.67552185058594
2012-08-16,60.38572311401367
2012-08-17,60.65208053588867
2012-08-20,60.74085235595703
2012-08-21,60.50115203857422
2012-08-22,60.749732971191406
2012-08-23,60.25259017944336
2012-08-24,60.62544631958008
2012-08-27,60.723060607910156
2012-08-28,60.723060607910156
2012-08-29,60.723060607910156
2012-08-30,60.11054611206055
2012-08-31,60.51003646850586
2012-09-04,60.4478759765625
2012-09-05,60.38572311401367
2012-09-06,61.726314544677734
2012-09-07,61.63748550415039
2012-09-10,60.84737014770508
2012-09-11,60.749732971191406
2012-09-12,60.92728805541992
2012-09-13,61.75289535522461
2012-09-14,62.303306579589844
2012-09-17,62.32992935180664
2012-09-18,62.38320541381836
2012-09-19,62.498619079589844
2012-09-20,62.43647384643555
2012-09-21,62.45427703857422
2012-09-24,62.089263916015625
2012-09-25,61.21677780151367
2012-09-26,60.71821212768555
2012-09-27,61.55509948730469
2012-09-28,61.047603607177734
2012-10-01,60.95860290527344
2012-10-02,61.136653900146484
2012-10-03,61.52839660644531
2012-10-04,61.74204635620117
2012-10-05,61.412654876708984
2012-10-08,60.85175323486328
2012-10-09,59.8813362121582
2012-10-10,59.578617095947266
2012-10-11,59.39167785644531
2012-10-12,59.364959716796875
2012-10-15,59.80120086669922
2012-10-16,60.64699935913086
2012-10-17,60.61139678955078
2012-10-18,59.908050537109375
2012-10-19,58.47465515136719
2012-10-22,58.7773551940918
2012-10-23,58.21648025512695
2012-10-24,58.01172637939453
2012-10-25,58.01172637939453
2012-10-26,58.18084716796875
2012-10-31,57.82475662231445
2012-11-01,58.64383316040039
2012-11-02,58.02061080932617
2012-11-05,58.403446197509766
2012-11-06,58.510292053222656
2012-11-07,57.13030242919922
2012-11-08,56.23110580444336
2012-11-09,56.47149658203125
2012-11-12,56.46259307861328
2012-11-13,56.070858001708984
2012-11-14,55.412044525146484
2012-11-15,55.225067138671875
2012-11-16,55.465450286865234
2012-11-19,56.783084869384766
2012-11-20,56.800899505615234
2012-11-21,56.91665267944336
2012-11-23,57.780250549316406
2012-11-26,58.02952194213867
2012-11-27,57.83365249633789
2012-11-28,58.332191467285156
2012-11-29,58.679439544677734
2012-11-30,58.58151626586914
2012-12-03,58.46574783325195
2012-12-04,58.43016052246094
2012-12-05,57.780250549316406
2012-12-06,58.15414810180664
2012-12-07,57.806941986083984
2012-12-10,57.97610855102539
2012-12-11,58.73286056518555
2012-12-12,58.60822296142578
2012-12-13,58.1452522277832
2012-12-14,57.59326934814453
2012-12-17,58.35892868041992
2012-12-18,59.249237060546875
2012-12-19,58.99102783203125
2012-12-20,58.99102783203125
2012-12-21,58.37061309814453
2012-12-24,58.25424575805664
2012-12-26,57.743953704833984
2012-12-27,57.654415130615234
2012-12-28,57.09934997558594
2012-12-31,58.307952880859375
2013-01-02,60.1611213684082
2013-01-03,59.84780502319336
2013-01-04,59.65080642700195
2013-01-07,59.668739318847656
2013-01-08,59.55234909057617
2013-01-09,59.776161193847656
2013-01-10,60.13426971435547
2013-01-11,60.21485900878906
2013-01-14,59.9462890625
2013-01-15,59.65080642700195
2013-01-16,59.89257049560547
2013-01-17,60.17902755737305
2013-01-18,60.04475402832031
2013-01-22,60.14323425292969
2013-01-23,60.51028060913086
2013-01-24,59.677696228027344
2013-01-25,59.9820556640625
2013-01-28,60.11638641357422
2013-01-29,60.12531280517578
2013-01-30,60.000003814697266
2013-01-31,59.865692138671875
2013-02-01,60.57295608520508
2013-02-04,59.51655197143555
2013-02-05,60.393898010253906
2013-02-06,60.19694900512695
2013-02-07,60.250648498535156
2013-02-08,60.86838150024414
2013-02-11,60.88629150390625
2013-02-12,60.6356315612793
2013-02-13,60.850494384765625
2013-02-14,60.832576751708984
2013-02-15,60.65353012084961
2013-02-19,61.0921745300293
2013-02-20,60.15217590332031
2013-02-21,59.507568359375
2013-02-22,60.1074104309082
2013-02-25,59.36435317993164
2013-02-26,59.588165283203125
2013-02-27,60.19694900512695
2013-02-28,60.07160186767578
2013-03-01,60.32228469848633
2013-03-04,60.590858459472656
2013-03-05,61.48610305786133
2013-03-06,61.33390808105469
2013-03-07,61.49508285522461
2013-03-08,61.56669235229492
2013-03-11,61.745731353759766
2013-03-12,61.52191162109375
2013-03-13,61.44135284423828
2013-03-14,61.647254943847656
2013-03-15,61.47583770751953
2013-03-18,61.341270446777344
2013-03-19,61.2246208190918
2013-03-20,61.65536117553711
2013-03-21,60.95542907714844
2013-03-22,61.54764175415039
2013-03-25,61.323326110839844
2013-03-26,61.65536117553711
2013-03-27,61.736083984375
2013-03-28,61.88862991333008
2013-04-01,61.466888427734375
2013-04-02,61.95146560668945
2013-04-03,61.386146545410156
2013-04-04,61.40408706665039
2013-04-05,60.89262390136719
2013-04-08,61.21562194824219
2013-04-09,61.628395080566406
2013-04-10,62.83082962036133
2013-04-11,62.80390930175781
2013-04-12,62.75904846191406
2013-04-15,61.52070999145508
2013-04-16,62.337276458740234
2013-04-17,61.116939544677734
2013-04-18,60.27342987060547
2013-04-19,61.098968505859375
2013-04-22,61.727108001708984
2013-04-23,62.31935501098633
2013-04-24,62.29241943359375
2013-04-25,62.624420166015625
2013-04-26,62.4270133972168
2013-04-29,63.00132751464844
2013-04-30,63.458946228027344
2013-05-01,63.162803649902344
2013-05-02,63.96146774291992
2013-05-03,64.71521759033203
2013-05-06,64.96646118164062
2013-05-07,64.9305648803711
2013-05-08,65.24462890625
2013-05-09,65.1549072265625
2013-05-10,65.54975891113281
2013-05-13,65.63048553466797
2013-05-14,65.97148895263672
2013-05-15,66.10607147216797
2013-05-16,66.03428649902344
2013-05-17,66.67139434814453
2013-05-20,66.57268524169922
2013-05-21,66.64447021484375
2013-05-22,66.06121063232422
2013-05-23,65.90863037109375
2013-05-24,65.87277221679688
2013-05-28,66.3034896850586
2013-05-29,65.98944091796875
2013-05-30,66.33935546875
2013-05-31,65.72920227050781
2013-06-03,65.84583282470703
2013-06-04,65.50486755371094
2013-06-05,64.65239715576172
2013-06-06,64.96646118164062
2013-06-07,65.85479736328125
2013-06-10,65.88172912597656
2013-06-11,65.2266845703125
2013-06-12,64.47291564941406
2013-06-13,65.28950500488281
2013-06-14,64.8587875366211
2013-06-17,65.4869155883789
2013-06-18,66.02530670166016
2013-06-19,65.28950500488281
2013-06-20,63.73713684082031
2013-06-21,63.39869689941406
2013-06-24,62.76856231689453
2013-06-25,63.22760772705078
2013-06-26,63.79474639892578
2013-06-27,64.0647964477539
2013-06-28,64.15479278564453
2013-07-01,64.55089569091797
2013-07-02,64.57788848876953
2013-07-03,64.83895111083984
2013-07-05,65.33401489257812
2013-07-08,65.39703369140625
2013-07-09,65.7931137084961
2013-07-10,66.17115020751953
2013-07-11,67.48542785644531
2013-07-12,67.782470703125
2013-07-15,67.93549346923828
2013-07-16,67.84548950195312
2013-07-17,68.01651763916016
2013-07-18,67.84548950195312
2013-07-19,67.14335632324219
2013-07-22,67.34136962890625
2013-07-23,66.8462905883789
2013-07-24,67.06233215332031
2013-07-25,67.48542785644531
2013-07-26,67.84548950195312
2013-07-29,67.71946716308594
2013-07-30,68.07953643798828
2013-07-31,68.20555877685547
2013-08-01,68.89869689941406
2013-08-02,69.2857437133789
2013-08-05,69.33078002929688
2013-08-06,68.91665649414062
2013-08-07,68.7906265258789
2013-08-08,69.13272857666016
2013-08-09,68.8536605834961
2013-08-12,69.0157241821289
2013-08-13,69.40274810791016
2013-08-14,69.14168548583984
2013-08-15,67.97149658203125
2013-08-16,67.94451904296875
2013-08-19,67.82747650146484
2013-08-20,68.12452697753906
2013-08-21,67.89051818847656
2013-08-22,68.55662536621094
2013-08-23,69.0157241821289
2013-08-26,69.05168151855469
2013-08-27,67.63846588134766
2013-08-28,67.89947509765625
2013-08-29,68.3765640258789
2013-08-30,67.93549346923828
2013-09-03,68.32258605957031
2013-09-04,69.05168151855469
2013-09-05,69.1686782836914
2013-09-06,69.249755859375
2013-09-09,70.05989074707031
2013-09-10,70.4019546508789
2013-09-11,70.26692962646484
2013-09-12,70.2219009399414
2013-09-13,70.26692962646484
2013-09-16,70.0778579711914
2013-09-17,70.54596710205078
2013-09-18,71.39212799072266
2013-09-19,71.56317138671875
2013-09-20,71.31758117675781
2013-09-23,71.17314147949219
2013-09-24,71.17314147949219
2013-09-25,70.92935180664062
2013-09-26,71.4800796508789
2013-09-27,71.38982391357422
2013-09-30,71.21826171875
2013-10-01,71.94056701660156
2013-10-02,71.91350555419922
2013-10-03,71.07381439208984
2013-10-04,71.68775177001953
2013-10-07,71.09186553955078
2013-10-08,69.71951293945312
2013-10-09,69.5028305053711
2013-10-10,70.97450256347656
2013-10-11,71.53429412841797
2013-10-14,72.03987884521484
2013-10-15,71.75997924804688
2013-10-16,72.57258605957031
2013-10-17,72.98789978027344
2013-10-18,74.170654296875
2013-10-21,74.3331527709961
2013-10-22,74.44151306152344
2013-10-23,73.99005889892578
2013-10-24,74.31510162353516
2013-10-25,74.8478012084961
2013-10-28,74.86588287353516
2013-10-29,74.99227142333984
2013-10-30,74.92003631591797
2013-10-31,74.74849700927734
2013-11-01,74.76655578613281
2013-11-04,74.87489318847656
2013-11-05,74.95611572265625
2013-11-06,74.93805694580078
2013-11-07,73.52960968017578
2013-11-08,74.52275085449219
2013-11-11,74.4053955078125
2013-11-12,74.52275085449219
2013-11-13,75.42564392089844
2013-11-14,75.66041564941406
2013-11-15,75.80480194091797
2013-11-18,75.06452178955078
2013-11-19,74.8478012084961
2013-11-20,74.66722869873047
2013-11-21,75.42564392089844
2013-11-22,75.83192443847656
2013-11-25,76.01252746582031
2013-11-26,76.40974426269531
2013-11-27,76.94247436523438
2013-11-29,77.40290069580078
2013-12-02,77.17720794677734
2013-12-03,77.11399841308594
2013-12-04,77.18624114990234
2013-12-05,77.08692932128906
2013-12-06,77.64669036865234
2013-12-09,77.96270751953125
2013-12-10,77.90853118896484
2013-12-11,76.90632629394531
2013-12-12,76.70771026611328
2013-12-13,76.60841369628906
2013-12-16,77.0327377319336
2013-12-17,76.87926483154297
2013-12-18,77.7730941772461
2013-12-19,77.5564193725586
2013-12-20,78.34622192382812
2013-12-23,79.17044067382812
2013-12-24,79.20665740966797
2013-12-26,79.46931457519531
2013-12-27,79.2700424194336
2013-12-30,79.15229797363281
2013-12-31,79.66861724853516
2014-01-02,79.04360961914062
2014-01-03,78.47301483154297
2014-01-06,78.18316650390625
2014-01-07,78.90776062011719
2014-01-08,79.07987213134766
2014-01-09,78.81719970703125
2014-01-10,79.07080841064453
2014-01-13,77.90241241455078
2014-01-14,79.3878173828125
2014-01-15,80.03995513916016
2014-01-16,80.04896545410156
2014-01-17,79.59613800048828
2014-01-21,80.20298767089844
2014-01-22,80.41130828857422
2014-01-23,80.13960266113281
2014-01-24,78.5635986328125
2014-01-27,77.80279541015625
2014-01-28,77.75748443603516
2014-01-29,76.9241943359375
2014-01-30,78.34622192382812
2014-01-31,78.13790130615234
2014-02-03,76.34455871582031
2014-02-04,76.90609741210938
2014-02-05,76.70681762695312
2014-02-06,77.68502807617188
2014-02-07,79.07080841064453
2014-02-10,79.5236587524414
2014-02-11,80.42942810058594
2014-02-12,80.58338165283203
2014-02-13,81.18118286132812
2014-02-14,81.3442153930664
2014-02-18,81.74272155761719
2014-02-19,81.18118286132812
2014-02-20,81.56156921386719
2014-02-21,81.452880859375
2014-02-24,81.88761901855469
2014-02-25,81.79708099365234
2014-02-26,81.72461700439453
2014-02-27,82.25482940673828
2014-02-28,82.16387176513672
2014-03-03,81.55455017089844
2014-03-04,82.59135437011719
2014-03-05,82.81873321533203
2014-03-06,82.74596405029297
2014-03-07,82.33671569824219
2014-03-10,82.4094467163086
2014-03-11,82.05476379394531
2014-03-12,82.36400604248047
2014-03-13,81.19982147216797
2014-03-14,80.64501953125
2014-03-17,81.35444641113281
2014-03-18,82.33671569824219
2014-03-19,81.89106750488281
2014-03-20,82.11844635009766
2014-03-21,81.13030242919922
2014-03-24,80.41925048828125
2014-03-25,80.68360900878906
2014-03-26,79.6444091796875
2014-03-27,79.1977310180664
2014-03-28,79.35272216796875
2014-03-31,79.91790771484375
2014-04-01,81.32171630859375
2014-04-02,81.5313720703125
2014-04-03,80.88414764404297
2014-04-04,78.73284149169922
2014-04-07,77.98534393310547
2014-04-08,78.7054672241211
2014-04-09,80.05459594726562
2014-04-10,77.57510375976562
2014-04-11,76.67265319824219
2014-04-14,77.27433776855469
2014-04-15,77.52955627441406
2014-04-16,78.55962371826172
2014-04-17,78.57785034179688
2014-04-21,79.16124725341797
2014-04-22,79.7902603149414
2014-04-23,79.08834838867188
2014-04-24,79.84496307373047
2014-04-25,78.56875610351562
2014-04-28,78.82398223876953
2014-04-29,79.45297241210938
2014-04-30,79.6626205444336
2014-05-01,79.89965057373047
2014-05-02,79.75379943847656
2014-05-05,80.17312622070312
2014-05-06,79.13391876220703
2014-05-07,78.90605163574219
2014-05-08,78.83311462402344
2014-05-09,79.12483215332031
2014-05-12,80.4283447265625
2014-05-13,80.48309326171875
2014-05-14,80.06372833251953
2014-05-15,79.43478393554688
2014-05-16,79.95435333251953
2014-05-19,80.51042175292969
2014-05-20,80.21868896484375
2014-05-21,80.98444366455078
2014-05-22,81.3399658203125
2014-05-23,81.9324722290039
2014-05-27,82.95341491699219
2014-05-28,82.6982192993164
2014-05-29,83.22689056396484
2014-05-30,83.23605346679688
2014-06-02,83.15397644042969
2014-06-03,83.11749267578125
2014-06-04,83.42744445800781
2014-06-05,84.12936401367188
2014-06-06,84.61247253417969
2014-06-09,84.54869842529297
2014-06-10,84.69454956054688
2014-06-11,84.67627716064453
2014-06-12,83.91057586669922
2014-06-13,84.1567153930664
2014-06-16,84.2296371459961
2014-06-17,84.27523803710938
2014-06-18,84.74923706054688
2014-06-19,84.69454956054688
2014-06-20,84.79415130615234
2014-06-23,84.81244659423828
2014-06-24,84.73015594482422
2014-06-25,85.26944732666016
2014-06-26,85.31515502929688
2014-06-27,85.6899185180664
2014-06-30,85.83615112304688
2014-07-01,86.77758026123047
2014-07-02,86.92385864257812
2014-07-03,87.47224426269531
2014-07-07,87.20722961425781
2014-07-08,86.15606689453125
2014-07-09,86.79589080810547
2014-07-10,86.52165985107422
2014-07-11,87.0792236328125
2014-07-14,87.6002426147461
2014-07-15,87.29859924316406
2014-07-16,87.64595031738281
2014-07-17,86.48512268066406
2014-07-18,87.85615539550781
2014-07-21,87.74647521972656
2014-07-22,88.30402374267578
2014-07-23,88.87073516845703
2014-07-24,88.77017974853516
2014-07-25,88.42288970947266
2014-07-28,88.45026397705078
2014-07-29,88.29486846923828
2014-07-30,88.64221954345703
2014-07-31,86.8507308959961
2014-08-01,86.53082275390625
2014-08-04,87.12493133544922
2014-08-05,86.45769500732422
2014-08-06,86.3936996459961
2014-08-07,86.11949920654297
2014-08-08,86.74104309082031
2014-08-11,87.25287628173828
2014-08-12,87.2163314819336
2014-08-13,88.13946533203125
2014-08-14,88.5965347290039
2014-08-15,89.02609252929688
2014-08-18,89.71162414550781
2014-08-19,90.21435546875
2014-08-20,90.21435546875
2014-08-21,90.39712524414062
2014-08-22,90.53424835205078
2014-08-25,90.85416412353516
2014-08-26,90.94554901123047
2014-08-27,90.96382904052734
2014-08-28,90.86328887939453
2014-08-29,91.20146942138672
2014-09-02,91.46654510498047
2014-09-03,90.9272689819336
2014-09-04,90.84501647949219
2014-09-05,91.30204772949219
2014-09-08,91.47566986083984
2014-09-09,90.717041015625
2014-09-10,91.46654510498047
2014-09-11,91.3934097290039
2014-09-12,90.9272689819336
2014-09-15,90.04981231689453
2014-09-16,90.83588409423828
2014-09-17,90.97296905517578
2014-09-18,91.65852355957031
2014-09-19,91.60169982910156
2014-09-22,90.74962615966797
2014-09-23,90.50225067138672
2014-09-24,91.47340393066406
2014-09-25,89.5494155883789
2014-09-26,90.50225067138672
2014-09-29,90.38316345214844
2014-09-30,90.51140594482422
2014-10-01,89.06380462646484
2014-10-02,89.06380462646484
2014-10-03,89.94337463378906
2014-10-06,89.7509765625
2014-10-07,88.47745513916016
2014-10-08,90.19989776611328
2014-10-09,88.74314880371094
2014-10-10,86.52595520019531
2014-10-13,85.16996002197266
2014-10-14,85.17911529541016
2014-10-15,84.62938690185547
2014-10-16,84.09801483154297
2014-10-17,85.20662689208984
2014-10-20,86.4801254272461
2014-10-21,88.7523193359375
2014-10-22,88.29420471191406
2014-10-23,89.62268829345703
2014-10-24,90.35565185546875
2014-10-27,90.4198226928711
2014-10-28,91.78495788574219
2014-10-29,91.4459228515625
2014-10-30,91.63833618164062
2014-10-31,92.90269470214844
2014-11-03,93.17757415771484
2014-11-04,92.86603546142578
2014-11-05,92.87520599365234
2014-11-06,93.16839599609375
2014-11-07,93.08592224121094
2014-11-10,93.41575622558594
2014-11-11,93.7089614868164
2014-11-12,93.87388610839844
2014-11-13,94.2769775390625
2014-11-14,94.57018280029297
2014-11-17,94.28617858886719
2014-11-18,94.99164581298828
2014-11-19,94.5610122680664
2014-11-20,94.98248291015625
2014-11-21,95.16570281982422
2014-11-24,95.9078369140625
2014-11-25,96.054443359375
2014-11-26,96.67744445800781
2014-11-28,97.12638092041016
2014-12-01,96.02693939208984
2014-12-02,96.4117660522461
2014-12-03,96.58580780029297
2014-12-04,96.54000854492188
2014-12-05,96.54916381835938
2014-12-08,95.86202239990234
2014-12-09,96.16437530517578
2014-12-10,94.65262603759766
2014-12-11,95.10157012939453
2014-12-12,94.06629180908203
2014-12-15,93.09510040283203
2014-12-16,91.60169982910156
2014-12-17,93.26918029785156
2014-12-18,95.51387786865234
2014-12-19,95.93414306640625
2014-12-22,96.1732177734375
2014-12-23,95.83295440673828
2014-12-24,95.91574096679688
2014-12-26,96.59626770019531
2014-12-29,96.57786560058594
2014-12-30,95.93414306640625
2014-12-31,94.95012664794922
2015-01-02,94.66505432128906
2015-01-05,93.27645111083984
2015-01-06,92.02576446533203
2015-01-07,93.21206665039062
2015-01-08,94.99612426757812
2015-01-09,94.37077331542969
2015-01-12,93.38678741455078
2015-01-13,93.35922241210938
2015-01-14,92.84423828125
2015-01-15,91.63953399658203
2015-01-16,92.7154769897461
2015-01-20,93.45118713378906
2015-01-21,93.92936706542969
2015-01-22,95.66742706298828
2015-01-23,95.87896728515625
2015-01-26,95.76861572265625
2015-01-27,93.28564453125
2015-01-28,92.80742645263672
2015-01-29,93.6994400024414
2015-01-30,92.97298431396484
2015-02-02,93.7822494506836
2015-02-03,94.68345642089844
2015-02-04,94.6006851196289
2015-02-05,95.41915893554688
2015-02-06,94.83978271484375
2015-02-09,94.53630828857422
2015-02-10,96.00770568847656
2015-02-11,96.357177734375
2015-02-12,97.4791030883789
2015-02-13,98.31593322753906
2015-02-17,98.40790557861328
2015-02-18,98.54583740234375
2015-02-19,99.03323364257812
2015-02-20,99.69536590576172
2015-02-23,99.79650115966797
2015-02-24,99.87007904052734
2015-02-25,99.62178802490234
2015-02-26,100.1275405883789
2015-02-27,99.68617248535156
2015-03-02,100.5873794555664
2015-03-03,100.1183853149414
2015-03-04,99.73214721679688
2015-03-05,99.9068603515625
2015-03-06,98.77572631835938
2015-03-09,99.06080627441406
2015-03-10,97.22159576416016
2015-03-11,96.6606216430664
2015-03-12,97.29517364501953
2015-03-13,96.87214660644531
2015-03-16,98.12281799316406
2015-03-17,98.2791519165039
2015-03-18,99.2447509765625
2015-03-19,99.39187622070312
2015-03-20,100.03524017333984
2015-03-23,99.8416976928711
2015-03-24,99.48222351074219
2015-03-25,97.20553588867188
2015-03-26,96.87371826171875
2015-03-27,97.26084899902344
2015-03-30,98.37613677978516
2015-03-31,97.3345947265625
2015-04-01,96.82765197753906
2015-04-02,96.89215850830078
2015-04-06,97.68485260009766
2015-04-07,97.51893615722656
2015-04-08,98.29317474365234
2015-04-09,98.9107437133789
2015-04-10,99.3163070678711
2015-04-13,99.06743621826172
2015-04-14,98.78168487548828
2015-04-15,99.39924621582031
2015-04-16,99.260986328125
2015-04-17,97.71248626708984
2015-04-20,99.17803955078125
2015-04-21,99.60203552246094
2015-04-22,100.14586639404297
2015-04-23,100.5237808227539
2015-04-24,101.88794708251953
2015-04-27,101.62984466552734
2015-04-28,101.42708587646484
2015-04-29,100.79106140136719
2015-04-30,99.20569610595703
2015-05-01,100.51454162597656
2015-05-04,100.68046569824219
2015-05-05,99.03977966308594
2015-05-06,98.35771179199219
2015-05-07,98.9476318359375
2015-05-08,100.18273162841797
2015-05-11,99.79560089111328
2015-05-12,99.34395599365234
2015-05-13,99.54674530029297
2015-05-14,101.00305938720703
2015-05-15,101.00305938720703
2015-05-18,101.44548797607422
2015-05-19,101.33489227294922
2015-05-20,101.3994140625
2015-05-21,101.92479705810547
2015-05-22,101.82339477539062
2015-05-26,100.6528091430664
2015-05-27,102.2750244140625
2015-05-28,102.04460144042969
2015-05-29,101.43627166748047
2015-06-01,101.77732849121094
2015-06-02,101.45470428466797
2015-06-03,101.75887298583984
2015-06-04,100.98463439941406
2015-06-05,100.74498748779297
2015-06-08,99.72185516357422
2015-06-09,99.55594635009766
2015-06-10,100.92009735107422
2015-06-11,101.06758117675781
2015-06-12,100.23802947998047
2015-06-15,99.74030303955078
2015-06-16,100.28411102294922
2015-06-17,100.56063842773438
2015-06-18,102.02620697021484
2015-06-19,101.52177429199219
2015-06-22,102.27008056640625
2015-06-23,102.35322570800781
2015-06-24,101.82661437988281
2015-06-25,101.62339782714844
2015-06-26,100.948974609375
2015-06-29,98.56543731689453
2015-06-30,98.91653442382812
2015-07-01,99.70178985595703
2015-07-02,99.7294921875
2015-07-06,99.49851989746094
2015-07-07,99.74799346923828
2015-07-08,98.01113891601562
2015-07-09,97.95570373535156
2015-07-10,99.45234680175781
2015-07-13,101.19841003417969
2015-07-14,101.86359405517578
2015-07-15,101.97444915771484
2015-07-16,103.41566467285156
2015-07-17,104.94000244140625
2015-07-20,105.30028533935547
2015-07-21,105.23565673828125
2015-07-22,104.04387664794922
2015-07-23,103.65585327148438
2015-07-24,102.63961791992188
2015-07-27,101.78968811035156
2015-07-28,102.6673583984375
2015-07-29,103.05535125732422
2015-07-30,103.5450210571289
2015-07-31,103.4249038696289
2015-08-03,103.10153198242188
2015-08-04,102.90754699707031
2015-08-05,103.7020492553711
2015-08-06,102.03910827636719
2015-08-07,101.90978240966797
2015-08-10,103.0738296508789
2015-08-11,101.75273132324219
2015-08-12,102.10379028320312
2015-08-13,101.9375
2015-08-14,102.09453582763672
2015-08-17,102.9444808959961
2015-08-18,102.41790008544922
2015-08-19,101.74346923828125
2015-08-20,98.92574310302734
2015-08-21,94.60212707519531
2015-08-24,90.96214294433594
2015-08-25,90.62035369873047
2015-08-26,95.18416595458984
2015-08-27,97.59539031982422
2015-08-28,97.57693481445312
2015-08-31,96.3666763305664
2015-09-01,93.3549575805664
2015-09-02,95.9879150390625
2015-09-03,95.51675415039062
2015-09-04,94.3803939819336
2015-09-08,97.04109954833984
2015-09-09,95.9509506225586
2015-09-10,96.9948959350586
2015-09-11,97.53070831298828
2015-09-14,97.23512268066406
2015-09-15,98.38068389892578
2015-09-16,98.93497467041016
2015-09-17,98.97193908691406
2015-09-18,97.56428527832031
2015-09-21,97.86986541748047
2015-09-22,96.4066390991211
2015-09-23,96.48072814941406
2015-09-24,96.12882232666016
2015-09-25,95.31385803222656
2015-09-28,92.60039520263672
2015-09-29,92.11881256103516
2015-09-30,94.2396011352539
2015-10-01,94.66561889648438
2015-10-02,96.32330322265625
2015-10-05,97.70320129394531
2015-10-06,97.24012756347656
2015-10-07,97.82357788085938
2015-10-08,98.2125473022461
2015-10-09,98.65707397460938
2015-10-12,98.8978500366211
2015-10-13,98.25883483886719
2015-10-14,98.10140228271484
2015-10-15,99.71281433105469
2015-10-16,100.12957763671875
2015-10-19,100.7037353515625
2015-10-20,100.18513488769531
2015-10-21,99.57389068603516
2015-10-22,101.60205078125
2015-10-23,104.4451675415039
2015-10-26,104.50999450683594
2015-10-27,104.72297668457031
2015-10-28,105.5935287475586
2015-10-29,105.42681121826172
2015-10-30,104.95452880859375
2015-11-02,106.13992309570312
2015-11-03,106.51036834716797
2015-11-04,106.51959991455078
2015-11-05,106.2325439453125
2015-11-06,106.3066177368164
2015-11-09,105.17681121826172
2015-11-10,104.908203125
2015-11-11,104.778564453125
2015-11-12,103.75987243652344
2015-11-13,101.7224349975586
2015-11-16,103.18567657470703
2015-11-17,103.2505111694336
2015-11-18,105.23234558105469
2015-11-19,105.30644226074219
2015-11-20,106.01953125
2015-11-23,105.71392822265625
2015-11-24,105.62133026123047
2015-11-25,105.71392822265625
2015-11-27,105.86209106445312
2015-11-30,105.5935287475586
2015-12-01,106.64929962158203
2015-12-02,105.99175262451172
2015-12-03,104.19513702392578
2015-12-04,106.63078308105469
2015-12-07,106.14922332763672
2015-12-08,106.158447265625
2015-12-09,104.54702758789062
2015-12-10,105.01936340332031
2015-12-11,102.60224151611328
2015-12-14,103.38013458251953
2015-12-15,104.00989532470703
2015-12-16,105.55647277832031
2015-12-17,104.0191650390625
2015-12-18,102.02384185791016
2015-12-21,103.1571273803711
2015-12-22,103.83523559570312
2015-12-23,104.60623168945312
2015-12-24,104.58765411376953
2015-12-28,104.53195190429688
2015-12-29,106.1761245727539
2015-12-30,105.2193374633789
2015-12-31,103.9095687866211
2016-01-04,101.71729278564453
2016-01-05,101.54078674316406
2016-01-06,100.56542205810547
2016-01-07,97.41636657714844
2016-01-08,96.61748504638672
2016-01-11,96.91474914550781
2016-01-12,98.03876495361328
2016-01-13,94.65747833251953
2016-01-14,96.6732406616211
2016-01-15,93.67282104492188
2016-01-19,93.877197265625
2016-01-20,93.58918762207031
2016-01-21,93.68208312988281
2016-01-22,96.39454650878906
2016-01-25,94.96400451660156
2016-01-26,95.81861877441406
2016-01-27,93.43128204345703
2016-01-28,94.75035858154297
2016-01-29,96.72897338867188
2016-02-01,96.98905944824219
2016-02-02,94.88970947265625
2016-02-03,94.43451690673828
2016-02-04,94.42520141601562
2016-02-05,91.1461181640625
2016-02-08,89.75272369384766
2016-02-09,89.47405242919922
2016-02-10,89.81776428222656
2016-02-11,89.6877212524414
2016-02-12,91.05322265625
2016-02-16,93.10615539550781
2016-02-17,95.2148208618164
2016-02-18,94.12797546386719
2016-02-19,94.40664672851562
2016-02-22,95.93937683105469
2016-02-23,94.36019134521484
2016-02-24,95.26126861572266
2016-02-25,96.19947052001953
2016-02-26,96.07872772216797
2016-02-29,95.2148208618164
2016-03-01,98.27099609375
2016-03-02,98.30813598632812
2016-03-03,98.1223373413086
2016-03-04,98.15949249267578
2016-03-07,97.55571746826172
2016-03-08,96.7475357055664
2016-03-09,97.36993408203125
2016-03-10,97.2212905883789
2016-03-11,98.92123413085938
2016-03-14,99.08841705322266
2016-03-15,99.05127716064453
2016-03-16,99.9337387084961
2016-03-17,99.87801361083984
2016-03-18,100.0345458984375
2016-03-21,100.42583465576172
2016-03-22,100.7332992553711
2016-03-23,99.90409851074219
2016-03-24,99.93207550048828
2016-03-28,99.79231262207031
2016-03-29,101.39478302001953
2016-03-30,101.88859558105469
2016-03-31,101.73950958251953
2016-04-01,102.82027435302734
2016-04-04,102.42899322509766
2016-04-05,101.44135284423828
2016-04-06,103.10908508300781
2016-04-07,101.62773132324219
2016-04-08,101.55316925048828
2016-04-11,101.1805191040039
2016-04-12,102.0283432006836
2016-04-13,103.33267974853516
2016-04-14,103.34200286865234
2016-04-15,103.08114624023438
2016-04-18,103.63082885742188
2016-04-19,102.99730682373047
2016-04-20,103.08114624023438
2016-04-21,103.0904769897461
2016-04-22,101.5345458984375
2016-04-25,101.5345458984375
2016-04-26,101.040771484375
2016-04-27,100.23019409179688
2016-04-28,99.01901245117188
2016-04-29,98.49725341796875
2016-05-02,99.42894744873047
2016-05-03,98.506591796875
2016-05-04,97.873046875
2016-05-05,97.84510040283203
2016-05-06,98.3668441772461
2016-05-09,98.64633178710938
2016-05-10,99.99726867675781
2016-05-11,99.09355163574219
2016-05-12,98.65564727783203
2016-05-13,98.29230499267578
2016-05-16,99.5220947265625
2016-05-17,98.2736587524414
2016-05-18,98.62770080566406
2016-05-19,98.11528015136719
2016-05-20,99.19601440429688
2016-05-23,99.06560516357422
2016-05-24,101.05006408691406
2016-05-25,101.77677154541016
2016-05-26,102.07492065429688
2016-05-27,102.6059799194336
2016-05-31,102.8016357421875
2016-06-01,102.81095886230469
2016-06-02,103.02522277832031
2016-06-03,102.54075622558594
2016-06-06,102.9134521484375
2016-06-07,102.65258026123047
2016-06-08,102.8295669555664
2016-06-09,102.66185760498047
2016-06-10,101.49727630615234
2016-06-13,100.64944458007812
2016-06-14,100.64944458007812
2016-06-15,100.3606185913086
2016-06-16,100.65874481201172
2016-06-17,99.47893524169922
2016-06-20,100.10482025146484
2016-06-21,100.42240142822266
2016-06-22,100.17953491210938
2016-06-23,101.60881805419922
2016-06-24,97.42375183105469
2016-06-27,95.49004364013672
2016-06-28,97.58255767822266
2016-06-29,99.31075286865234
2016-06-30,100.45979309082031
2016-07-01,100.96424865722656
2016-07-05,100.34767150878906
2016-07-06,101.16974639892578
2016-07-07,101.46868133544922
2016-07-08,103.03807067871094
2016-07-11,103.6265869140625
2016-07-12,104.14971923828125
2016-07-13,103.89751434326172
2016-07-14,104.60746765136719
2016-07-15,104.43930053710938
2016-07-18,105.1305923461914
2016-07-19,104.74761199951172
2016-07-20,105.97134399414062
2016-07-21,105.72847747802734
2016-07-22,106.16752624511719
2016-07-25,106.17687225341797
2016-07-26,106.29827880859375
2016-07-27,107.03631591796875
2016-07-28,107.40997314453125
2016-07-29,107.64350891113281
2016-08-01,108.21331787109375
2016-08-02,107.3912582397461
2016-08-03,107.74626159667969
2016-08-04,108.0545425415039
2016-08-05,109.09143829345703
2016-08-08,108.97000122070312
2016-08-09,109.22222900390625
2016-08-10,108.94196319580078
2016-08-11,109.40904998779297
2016-08-12,109.48379516601562
2016-08-15,109.95088958740234
2016-08-16,109.34366607666016
2016-08-17,109.53985595703125
2016-08-18,109.56787872314453
2016-08-19,109.53985595703125
2016-08-22,109.62391662597656
2016-08-23,109.8200912475586
2016-08-24,109.110107421875
2016-08-25,108.93260955810547
2016-08-26,109.09143829345703
2016-08-29,109.24089813232422
2016-08-30,108.88591766357422
2016-08-31,108.7738265991211
2016-09-01,109.05406188964844
2016-09-02,109.40904998779297
2016-09-06,110.09098815917969
2016-09-07,110.15637969970703
2016-09-08,109.51182556152344
2016-09-09,106.75603485107422
2016-09-12,108.67106628417969
2016-09-13,107.69954681396484
2016-09-14,108.21331787109375
2016-09-15,109.89482116699219
2016-09-16,109.84235382080078
2016-09-19,109.3647689819336
2016-09-20,109.57080078125
2016-09-21,110.64779663085938
2016-09-22,111.52806091308594
2016-09-23,110.81636047363281
2016-09-26,109.88919067382812
2016-09-27,110.97557067871094
2016-09-28,111.162841796875
2016-09-29,110.3574447631836
2016-09-30,111.18158721923828
2016-10-03,111.02239227294922
2016-10-04,110.85379028320312
2016-10-05,111.24714660644531
2016-10-06,111.19095611572266
2016-10-07,110.94744110107422
2016-10-10,111.64982604980469
2016-10-11,110.05775451660156
2016-10-12,109.96410369873047
2016-10-13,109.57080078125
2016-10-14,109.70191955566406
2016-10-17,109.4021987915039
2016-10-18,110.37619018554688
2016-10-19,110.36683654785156
2016-10-20,110.2356948852539
2016-10-21,110.64779663085938
2016-10-24,111.97760772705078
2016-10-25,111.62174987792969
2016-10-26,110.8631820678711
2016-10-27,110.3574447631836
2016-10-28,109.6644515991211
2016-10-31,109.56141662597656
2016-11-01,108.73731231689453
2016-11-02,107.86637115478516
2016-11-03,106.80809783935547
2016-11-04,106.43350982666016
2016-11-07,108.96208953857422
2016-11-08,109.67379760742188
2016-11-09,110.17951202392578
2016-11-10,108.40018463134766
2016-11-11,108.44698333740234
2016-11-14,107.3512954711914
2016-11-15,108.84031677246094
2016-11-16,109.48653411865234
2016-11-17,110.28253173828125
2016-11-18,109.87044525146484
2016-11-21,111.01302337646484
2016-11-22,111.35014343261719
2016-11-23,110.90064239501953
2016-11-25,111.2564926147461
2016-11-28,111.00365447998047
2016-11-29,111.38762664794922
2016-11-30,110.03905487060547
2016-12-01,108.137939453125
2016-12-02,108.35334014892578
2016-12-05,109.19619750976562
2016-12-06,109.4583969116211
2016-12-07,110.84445190429688
2016-12-08,111.04112243652344
2016-12-09,111.91204833984375
2016-12-12,111.4063491821289
2016-12-13,112.81108856201172
2016-12-14,112.57698059082031
2016-12-15,112.75489044189453
2016-12-16,112.3369369506836
2016-12-19,112.79716491699219
2016-12-20,113.22923278808594
2016-12-21,113.14470672607422
2016-12-22,112.82537841796875
2016-12-23,112.9004898071289
2016-12-27,113.48284912109375
2016-12-28,112.59991455078125
2016-12-29,112.44023895263672
2016-12-30,111.2849349975586
2017-01-03,112.28057098388672
2017-01-04,112.89110565185547
2017-01-05,113.5298080444336
2017-01-06,114.52544403076172
2017-01-09,114.90115356445312
2017-01-10,115.15472412109375
2017-01-11,115.46470642089844
2017-01-12,115.28624725341797
2017-01-13,115.68074035644531
2017-01-17,115.33319854736328
2017-01-18,115.56803131103516
2017-01-19,115.51168060302734
2017-01-20,115.76525115966797
2017-01-23,115.85919189453125
2017-01-24,116.6387939453125
2017-01-25,117.81288146972656
2017-01-26,117.93497467041016
2017-01-27,118.16043853759766
2017-01-30,117.23992156982422
2017-01-31,117.00511169433594
2017-02-01,117.81288146972656
2017-02-02,117.70955657958984
2017-02-03,118.04769897460938
2017-02-06,118.18858337402344
2017-02-07,118.62067413330078
2017-02-08,118.81790924072266
2017-02-09,119.24998474121094
2017-02-10,119.64445495605469
2017-02-13,120.32073974609375
2017-02-14,120.7246322631836
2017-02-15,121.43846130371094
2017-02-16,121.40091705322266
2017-02-17,121.92688751220703
2017-02-21,122.52800750732422
2017-02-22,122.57501983642578
2017-02-23,122.11473083496094
2017-02-24,122.34959411621094
2017-02-27,122.49987030029297
2017-02-28,122.1241455078125
2017-03-01,123.4579086303711
2017-03-02,122.83798217773438
2017-03-03,123.06343841552734
2017-03-06,122.79104614257812
2017-03-07,122.58438873291016
2017-03-08,122.8004150390625
2017-03-09,122.89433288574219
2017-03-10,123.41093444824219
2017-03-13,123.61759185791016
2017-03-14,123.31703186035156
2017-03-15,124.07781982421875
2017-03-16,123.99325561523438
2017-03-17,123.94999694824219
2017-03-20,124.0629653930664
2017-03-21,122.18048858642578
2017-03-22,123.0087890625
2017-03-23,122.69818115234375
2017-03-24,122.95231628417969
2017-03-27,123.14994049072266
2017-03-28,123.90293884277344
2017-03-29,124.47708129882812
2017-03-30,124.68416595458984
2017-03-31,124.5994644165039
2017-04-03,124.524169921875
2017-04-04,124.72178649902344
2017-04-05,124.21356964111328
2017-04-06,124.2793960571289
2017-04-07,124.21356964111328
2017-04-10,124.26063537597656
2017-04-11,123.72412109375
2017-04-12,123.2252426147461
2017-04-13,122.73580932617188
2017-04-17,123.75232696533203
2017-04-18,123.56414031982422
2017-04-19,123.76173400878906
2017-04-20,124.79708099365234
2017-04-21,124.76889038085938
2017-04-24,126.27481842041016
2017-04-25,127.18781280517578
2017-04-26,127.00896453857422
2017-04-27,127.77140808105469
2017-04-28,127.99727630615234
2017-05-01,129.13612365722656
2017-05-02,129.35264587402344
2017-05-03,128.9384765625
2017-05-04,128.98553466796875
2017-05-05,129.45614624023438
2017-05-08,129.73854064941406
2017-05-09,130.19032287597656
2017-05-10,130.26564025878906
2017-05-11,130.1620635986328
2017-05-12,130.45388793945312
2017-05-15,130.86802673339844
2017-05-16,131.4139404296875
2017-05-17,128.07254028320312
2017-05-18,129.1926727294922
2017-05-19,129.73854064941406
2017-05-22,130.8303680419922
2017-05-23,130.962158203125
2017-05-24,131.5645294189453
2017-05-25,132.68458557128906
2017-05-26,132.91986083984375
2017-05-30,133.0327911376953
2017-05-31,132.98574829101562
2017-06-01,133.50341796875
2017-06-02,135.0281982421875
2017-06-05,134.99996948242188
2017-06-06,134.46347045898438
2017-06-07,134.9905548095703
2017-06-08,135.1317596435547
2017-06-09,131.75282287597656
2017-06-12,131.0468292236328
2017-06-13,132.1104278564453
2017-06-14,131.53622436523438
2017-06-15,130.95277404785156
2017-06-16,130.38453674316406
2017-06-19,132.56472778320312
2017-06-20,131.526611328125
2017-06-21,132.82896423339844
2017-06-22,132.79122924804688
2017-06-23,133.3008575439453
2017-06-26,132.67794799804688
2017-06-27,130.27127075195312
2017-06-28,132.14947509765625
2017-06-29,129.85604858398438
2017-06-30,129.9032440185547
2017-07-03,128.5347442626953
2017-07-05,129.79942321777344
2017-07-06,128.62913513183594
2017-07-07,130.0164794921875
2017-07-10,130.86587524414062
2017-07-11,131.2339630126953
2017-07-12,132.79122924804688
2017-07-13,133.0837860107422
2017-07-14,134.13136291503906
2017-07-17,134.1974639892578
2017-07-18,135.09405517578125
2017-07-19,135.88687133789062
2017-07-20,136.06622314453125
2017-07-21,136.00953674316406
2017-07-24,136.63246154785156
2017-07-25,136.2832794189453
2017-07-26,136.726806640625
2017-07-27,135.86798095703125
2017-07-28,135.75473022460938
2017-07-31,135.1790008544922
2017-08-01,135.49044799804688
2017-08-02,135.85853576660156
2017-08-03,135.32998657226562
2017-08-04,135.57537841796875
2017-08-07,136.43423461914062
2017-08-08,136.19825744628906
2017-08-09,136.0189971923828
2017-08-10,133.1027374267578
2017-08-11,134.112548828125
2017-08-14,135.8396453857422
2017-08-15,135.9340362548828
2017-08-16,136.16998291015625
2017-08-17,133.3858184814453
2017-08-18,133.29141235351562
2017-08-21,133.12155151367188
2017-08-22,135.1507110595703
2017-08-23,134.6693878173828
2017-08-24,134.2729949951172
2017-08-25,133.9898223876953
2017-08-28,134.40513610839844
2017-08-29,134.93359375
2017-08-30,136.51919555664062
2017-08-31,137.98208618164062
2017-09-01,137.79336547851562
2017-09-05,136.55694580078125
2017-09-06,136.9722137451172
2017-09-07,137.2930145263672
2017-09-08,136.10394287109375
2017-09-11,137.67059326171875
2017-09-12,138.00091552734375
2017-09-13,138.1896514892578
2017-09-14,137.3780517578125
2017-09-15,137.84991455078125
2017-09-18,137.6692657470703
2017-09-19,137.90576171875
2017-09-20,137.48008728027344
2017-09-21,136.63833618164062
2017-09-22,136.50587463378906
2017-09-25,135.0681915283203
2017-09-26,135.41818237304688
2017-09-27,136.63833618164062
2017-09-28,136.5910186767578
2017-09-29,137.57469177246094
2017-10-02,137.69764709472656
2017-10-03,137.9908905029297
2017-10-04,138.123291015625
2017-10-05,139.47589111328125
2017-10-06,139.66502380371094
2017-10-09,139.50424194335938
2017-10-10,139.60829162597656
2017-10-11,140.02447509765625
2017-10-12,139.7690887451172
2017-10-13,140.3082733154297
2017-10-16,140.79063415527344
2017-10-17,140.9702606201172
2017-10-18,140.80006408691406
2017-10-19,140.27987670898438
2017-10-20,140.658203125
2017-10-23,139.74070739746094
2017-10-24,139.97718811035156
2017-10-25,139.44749450683594
2017-10-26,139.0028839111328
2017-10-27,143.05117797851562
2017-10-30,143.372802734375
2017-10-31,143.91192626953125
2017-11-01,143.86465454101562
2017-11-02,143.59034729003906
2017-11-03,144.97129821777344
2017-11-06,145.4630889892578
2017-11-07,145.54824829101562
2017-11-08,146.13467407226562
2017-11-09,145.36856079101562
2017-11-10,145.35910034179688
2017-11-13,145.5387725830078
2017-11-14,145.0091094970703
2017-11-15,144.32809448242188
2017-11-16,146.17254638671875
2017-11-17,145.614501953125
2017-11-20,145.50099182128906
2017-11-21,147.08058166503906
2017-11-22,147.26025390625
2017-11-24,147.7993927001953
2017-11-27,147.73321533203125
2017-11-28,148.11151123046875
2017-11-29,145.52931213378906
2017-11-30,146.74951171875
2017-12-01,146.12522888183594
2017-12-04,144.441650390625
2017-12-05,144.53616333007812
2017-12-06,145.18882751464844
2017-12-07,145.68067932128906
2017-12-08,146.32386779785156
2017-12-11,147.45887756347656
2017-12-12,147.26025390625
2017-12-13,147.5440216064453
2017-12-14,147.43997192382812
2017-12-15,149.1141357421875
2017-12-18,150.36431884765625
2017-12-19,149.4733428955078
2017-12-20,149.3122100830078
2017-12-21,149.33119201660156
2017-12-22,149.1605682373047
2017-12-26,148.35494995117188
2017-12-27,148.37387084960938
2017-12-28,148.55397033691406
2017-12-29,147.634521484375
2018-01-02,150.22213745117188
2018-01-03,151.68182373046875
2018-01-04,151.94725036621094
2018-01-05,153.47323608398438
2018-01-08,154.0703887939453
2018-01-09,154.079833984375
2018-01-10,153.71963500976562
2018-01-11,154.77174377441406
2018-01-12,155.90921020507812
2018-01-16,155.4636688232422
2018-01-17,157.14134216308594
2018-01-18,157.16976928710938
2018-01-19,157.66265869140625
2018-01-22,159.34979248046875
2018-01-23,160.66722106933594
2018-01-24,159.62460327148438
2018-01-25,159.5677490234375
2018-01-26,162.01316833496094
2018-01-29,161.22653198242188
2018-01-30,159.89955139160156
2018-01-31,160.56297302246094
2018-02-01,159.19815063476562
2018-02-02,156.02285766601562
2018-02-05,149.8714599609375
2018-02-06,153.84283447265625
2018-02-07,151.8524169921875
2018-02-08,145.44509887695312
2018-02-09,147.95680236816406
2018-02-12,150.58230590820312
2018-02-13,151.3595733642578
2018-02-14,154.19354248046875
2018-02-15,157.05604553222656
2018-02-16,156.35462951660156
2018-02-20,156.6674041748047
2018-02-21,156.221923828125
2018-02-22,156.2029571533203
2018-02-23,159.3971710205078
2018-02-26,161.51083374023438
2018-02-27,159.51087951660156
2018-02-28,158.4872589111328
2018-03-01,155.899658203125
2018-03-02,157.3308868408203
2018-03-05,159.07489013671875
2018-03-06,159.7478790283203
2018-03-07,160.11752319335938
2018-03-08,160.99899291992188
2018-03-09,164.1268310546875
2018-03-12,164.99891662597656
2018-03-13,162.75254821777344
2018-03-14,162.72410583496094
2018-03-15,162.58189392089844
2018-03-16,162.09852600097656
2018-03-19,158.63998413085938
2018-03-20,159.1620635986328
2018-03-21,158.4690399169922
2018-03-22,154.55764770507812
2018-03-23,150.48483276367188
2018-03-26,156.07659912109375
2018-03-27,151.0259552001953
2018-03-28,149.2886199951172
2018-03-29,152.02284240722656
2018-04-02,147.63670349121094
2018-04-03,149.298095703125
2018-04-04,151.65255737304688
2018-04-05,152.51644897460938
2018-04-06,148.70001220703125
2018-04-09,149.7443389892578
2018-04-10,153.04815673828125
2018-04-11,152.1652374267578
2018-04-12,153.99754333496094
2018-04-13,153.20001220703125
2018-04-16,154.3677978515625
2018-04-17,157.69058227539062
2018-04-18,158.01339721679688
2018-04-19,156.56080627441406
2018-04-20,154.08297729492188
2018-04-23,153.69371032714844
2018-04-24,150.4373779296875
2018-04-25,150.61776733398438
2018-04-26,153.7886505126953
2018-04-27,153.88356018066406
2018-04-30,152.7918701171875
2018-05-01,154.53863525390625
2018-05-02,153.62730407714844
2018-05-03,153.60830688476562
2018-05-04,156.52281188964844
2018-05-07,157.82351684570312
2018-05-08,157.66212463378906
2018-05-09,159.38050842285156
2018-05-10,161.03236389160156
2018-05-11,160.88047790527344
2018-05-14,161.15576171875
2018-05-15,159.37095642089844
2018-05-16,160.42474365234375
2018-05-17,159.8076629638672
2018-05-18,158.981689453125
2018-05-21,159.8740997314453
2018-05-22,159.6652374267578
2018-05-23,161.0133514404297
2018-05-24,160.9658966064453
2018-05-25,161.12728881835938
2018-05-29,160.41525268554688
2018-05-30,161.56399536132812
2018-05-31,161.45957946777344
2018-06-01,163.9944305419922
2018-06-04,165.4754180908203
2018-06-05,165.98806762695312
2018-06-06,166.95645141601562
2018-06-07,165.5988311767578
2018-06-08,165.60830688476562
2018-06-11,166.05453491210938
2018-06-12,166.927978515625
2018-06-13,166.91842651367188
2018-06-14,168.60830688476562
2018-06-15,168.019775390625
2018-06-18,167.92266845703125
2018-06-19,167.44699096679688
2018-06-20,168.63624572753906
2018-06-21,167.17105102539062
2018-06-22,166.80001831054688
2018-06-25,163.04202270507812
2018-06-26,163.70797729492188
2018-06-27,161.48167419433594
2018-06-28,162.87075805664062
2018-06-29,163.30838012695312
2018-07-02,164.40249633789062
2018-07-03,162.49966430664062
2018-07-05,164.51663208007812
2018-07-06,167.07594299316406
2018-07-09,168.57919311523438
2018-07-10,168.70289611816406
2018-07-11,167.8465576171875
2018-07-12,170.7388916015625
2018-07-13,170.88156127929688
2018-07-16,170.47242736816406
2018-07-17,171.50942993164062
2018-07-18,171.1859893798828
2018-07-19,170.3297119140625
2018-07-20,170.2916717529297
2018-07-23,170.83396911621094
2018-07-24,171.5380401611328
2018-07-25,173.935546875
2018-07-26,171.3001708984375
2018-07-27,168.98825073242188
2018-07-30,166.60025024414062
2018-07-31,167.87510681152344
2018-08-01,168.51255798339844
2018-08-02,170.805419921875
2018-08-03,171.3286895751953
2018-08-06,172.33721923828125
2018-08-07,172.9651336669922
2018-08-08,173.17440795898438
2018-08-09,173.06979370117188
2018-08-10,171.74734497070312
2018-08-13,171.5570526123047
2018-08-14,172.6321258544922
2018-08-15,170.51998901367188
2018-08-16,171.081298828125
2018-08-17,171.11941528320312
2018-08-20,170.96714782714844
2018-08-21,171.5950927734375
2018-08-22,172.26107788085938
2018-08-23,172.01368713378906
2018-08-24,173.6121063232422
2018-08-27,175.3816680908203
2018-08-28,175.63856506347656
2018-08-29,177.66506958007812
2018-08-30,177.3511199951172
2018-08-31,177.57945251464844
2018-09-04,176.81829833984375
2018-09-05,174.5349578857422
2018-09-06,172.97463989257812
2018-09-07,172.30870056152344
2018-09-10,172.88900756835938
2018-09-11,174.220947265625
2018-09-12,173.7071990966797
2018-09-13,175.56240844726562
2018-09-14,175.04864501953125
2018-09-17,172.5274658203125
2018-09-18,173.95455932617188
2018-09-19,173.82138061523438
2018-09-20,175.74325561523438
2018-09-21,174.78231811523438
2018-09-24,175.2683868408203
2018-09-25,175.50668334960938
2018-09-26,175.6305694580078
2018-09-27,177.11740112304688
2018-09-28,177.07933044433594
2018-10-01,177.4414825439453
2018-10-02,177.0412139892578
2018-10-03,177.2317657470703
2018-10-04,173.82920837402344
2018-10-05,171.7037353515625
2018-10-08,170.6553192138672
2018-10-09,171.20811462402344
2018-10-10,163.6785430908203
2018-10-11,161.64837646484375
2018-10-12,166.1470947265625
2018-10-15,164.13597106933594
2018-10-16,168.9111328125
2018-10-17,168.97781372070312
2018-10-18,165.06053161621094
2018-10-19,164.9080047607422
2018-10-22,165.75625610351562
2018-10-23,165.14634704589844
2018-10-24,157.58807373046875
2018-10-25,163.0399169921875
2018-10-26,158.84619140625
2018-10-29,155.5770263671875
2018-10-30,158.14089965820312
2018-10-31,161.8581085205078
2018-11-01,163.9930419921875
2018-11-02,161.438720703125
2018-11-05,161.0383758544922
2018-11-06,162.25839233398438
2018-11-07,167.34800720214844
2018-11-08,166.280517578125
2018-11-09,163.47837829589844
2018-11-12,158.5316619873047
2018-11-13,158.66513061523438
2018-11-14,157.45468139648438
2018-11-15,160.20916748046875
2018-11-16,159.6468505859375
2018-11-19,154.46189880371094
2018-11-20,151.6978302001953
2018-11-21,152.8511199951172
2018-11-23,151.74549865722656
2018-11-26,155.2529296875
2018-11-27,155.77720642089844
2018-11-28,160.7906036376953
2018-11-29,160.26634216308594
2018-11-30,161.42916870117188
2018-12-03,164.25035095214844
2018-12-04,157.95028686523438
2018-12-06,159.06539916992188
2018-12-07,153.813720703125
2018-12-10,155.42453002929688
2018-12-11,155.93922424316406
2018-12-12,157.31173706054688
2018-12-13,157.35935974121094
2018-12-14,153.5277862548828
2018-12-17,150.0489501953125
2018-12-18,150.99249267578125
2018-12-19,147.284912109375
2018-12-20,145.14993286132812
2018-12-21,140.65122985839844
2018-12-24,137.16336059570312
2018-12-26,145.72775268554688
2018-12-27,146.29168701171875
2018-12-28,146.21522521972656
2018-12-31,147.44822692871094
2019-01-02,148.0408172607422
2019-01-03,143.20425415039062
2019-01-04,149.33123779296875
2019-01-07,151.10911560058594
2019-01-08,152.47598266601562
2019-01-09,153.71856689453125
2019-01-10,154.1582489013672
2019-01-11,153.5942840576172
2019-01-14,152.23704528808594
2019-01-15,155.2096710205078
2019-01-16,155.1809844970703
2019-01-17,156.40444946289062
2019-01-18,157.9529571533203
2019-01-22,154.7891082763672
2019-01-23,154.98980712890625
2019-01-24,155.99349975585938
2019-01-25,157.85731506347656
2019-01-28,155.90740966796875
2019-01-29,154.4354705810547
2019-01-30,158.36392211914062
2019-01-31,160.73439025878906
2019-02-01,160.0557861328125
2019-02-04,162.0439453125
2019-02-05,163.4777374267578
2019-02-06,162.99021911621094
2019-02-07,160.80136108398438
2019-02-08,161.11680603027344
2019-02-11,160.96385192871094
2019-02-12,163.3439178466797
2019-02-13,163.45855712890625
2019-02-14,163.65933227539062
2019-02-15,164.3475341796875
2019-02-19,164.6725311279297
2019-02-20,164.64382934570312
2019-02-21,164.04164123535156
2019-02-22,165.2555389404297
2019-02-25,165.8577423095703
2019-02-26,166.02976989746094
2019-02-27,165.92465209960938
2019-02-28,165.54232788085938
2019-03-01,166.68936157226562
2019-03-04,166.7179718017578
2019-03-05,166.84228515625
2019-03-06,165.89598083496094
2019-03-07,163.86004638671875
2019-03-08,163.61151123046875
2019-03-11,167.01429748535156
2019-03-12,167.93197631835938
2019-03-13,169.193603515625
2019-03-14,168.9069061279297
2019-03-15,170.47445678710938
2019-03-18,170.88046264648438
2019-03-19,171.45501708984375
2019-03-20,172.13491821289062
2019-03-21,174.8257293701172
2019-03-22,170.98580932617188
2019-03-25,170.66024780273438
2019-03-26,171.45501708984375
2019-03-27,170.3538055419922
2019-03-28,170.74642944335938
2019-03-29,172.03915405273438
2019-04-01,174.3181610107422
2019-04-02,174.97897338867188
2019-04-03,175.984375
2019-04-04,175.9173583984375
2019-04-05,176.8271026611328
2019-04-08,177.27716064453125
2019-04-09,176.65467834472656
2019-04-10,177.60272216796875
2019-04-11,177.1813507080078
2019-04-12,177.9474334716797
2019-04-15,177.9761962890625
2019-04-16,178.58901977539062
2019-04-17,179.21142578125
2019-04-18,179.44122314453125
2019-04-22,179.94874572753906
2019-04-23,182.2374267578125
2019-04-24,181.6628875732422
2019-04-25,182.40017700195312
2019-04-26,182.56295776367188
2019-04-29,182.91729736328125
2019-04-30,181.50009155273438
2019-05-01,180.91590881347656
2019-05-02,180.13072204589844
2019-05-03,183.0034942626953
2019-05-06,181.88308715820312
2019-05-07,178.3400421142578
2019-05-08,177.88995361328125
2019-05-09,176.9324188232422
2019-05-10,177.15267944335938
2019-05-13,171.00497436523438
2019-05-14,172.88182067871094
2019-05-15,175.32363891601562
2019-05-16,177.0855712890625
2019-05-17,175.27574157714844
2019-05-20,172.31683349609375
2019-05-21,174.1171112060547
2019-05-22,173.3415069580078
2019-05-23,170.68896484375
2019-05-24,170.60281372070312
2019-05-28,169.96119689941406
2019-05-29,168.56312561035156
2019-05-30,169.27169799804688
2019-05-31,166.57138061523438
2019-06-03,162.90386962890625
2019-06-04,167.49063110351562
2019-06-05,168.7354736328125
2019-06-06,170.07614135742188
2019-06-07,173.360595703125
2019-06-10,175.38111877441406
2019-06-11,175.62051391601562
2019-06-12,174.60545349121094
2019-06-13,175.6396484375
2019-06-14,174.89279174804688
2019-06-17,175.9460906982422
2019-06-18,178.5028533935547
2019-06-19,179.17312622070312
2019-06-20,180.83934020996094
2019-06-21,180.57125854492188
2019-06-24,180.57699584960938
2019-06-25,177.47714233398438
2019-06-26,178.30245971679688
2019-06-27,178.9838409423828
2019-06-28,179.21420288085938
2019-07-01,181.6326141357422
2019-07-02,182.35243225097656
2019-07-03,183.72476196289062
2019-07-05,183.35052490234375
2019-07-08,182.06454467773438
2019-07-09,182.97621154785156
2019-07-10,184.7996063232422
2019-07-11,184.66529846191406
2019-07-12,185.7305450439453
2019-07-15,186.3255615234375
2019-07-16,185.3658447265625
2019-07-17,184.4541473388672
2019-07-18,184.66529846191406
2019-07-19,183.31210327148438
2019-07-22,184.77084350585938
2019-07-23,185.9800567626953
2019-07-24,187.28526306152344
2019-07-25,185.5098114013672
2019-07-26,187.41958618164062
2019-07-29,186.776611328125
2019-07-30,185.97047424316406
2019-07-31,183.3985137939453
2019-08-01,182.4867401123047
2019-08-02,179.7996063232422
2019-08-05,173.44635009765625
2019-08-06,175.8744659423828
2019-08-07,176.82456970214844
2019-08-08,180.67294311523438
2019-08-09,178.97425842285156
2019-08-12,176.92050170898438
2019-08-13,180.7976837158203
2019-08-14,175.3946075439453
2019-08-15,175.1930389404297
2019-08-16,178.0049591064453
2019-08-19,180.83609008789062
2019-08-20,179.4349365234375
2019-08-21,181.0280303955078
2019-08-22,180.44261169433594
2019-08-23,174.7323760986328
2019-08-26,177.37159729003906
2019-08-27,176.99728393554688
2019-08-28,177.6306610107422
2019-08-29,180.3466339111328
2019-08-30,179.91481018066406
2019-09-03,178.16812133789062
2019-09-04,180.74014282226562
2019-09-05,184.05108642578125
2019-09-06,183.86874389648438
2019-09-09,183.48484802246094
2019-09-10,182.95697021484375
2019-09-11,184.6748809814453
2019-09-12,185.44264221191406
2019-09-13,184.7804412841797
2019-09-16,183.955078125
2019-09-17,184.8380126953125
2019-09-18,184.76126098632812
2019-09-19,185.068359375
2019-09-20,183.11058044433594
2019-09-23,183.1913604736328
2019-09-24,180.7584228515625
2019-09-25,182.7874755859375
2019-09-26,182.11436462402344
2019-09-27,179.8544464111328
2019-09-30,181.56617736816406
2019-10-01,180.08529663085938
2019-10-02,176.98880004882812
2019-10-03,178.93128967285156
2019-10-04,181.56617736816406
2019-10-07,181.01806640625
2019-10-08,178.30624389648438
2019-10-09,180.0468292236328
2019-10-10,181.44113159179688
2019-10-11,183.77792358398438
2019-10-14,183.7587127685547
2019-10-15,186.09548950195312
2019-10-16,185.63389587402344
2019-10-17,186.12437438964844
2019-10-18,184.33572387695312
2019-10-21,185.97047424316406
2019-10-22,184.4895477294922
2019-10-23,184.8453826904297
2019-10-24,186.6436309814453
2019-10-25,188.1341552734375
2019-10-28,189.99008178710938
2019-10-29,188.5187530517578
2019-10-30,189.43235778808594
2019-10-31,189.5188751220703
2019-11-01,191.24021911621094
2019-11-04,192.4230194091797
2019-11-05,192.52882385253906
2019-11-06,192.09605407714844
2019-11-07,192.74037170410156
2019-11-08,193.50965881347656
2019-11-11,193.25006103515625
2019-11-12,193.80776977539062
2019-11-13,193.85586547851562
2019-11-14,193.70201110839844
2019-11-15,195.125244140625
2019-11-18,195.2790985107422
2019-11-19,195.56761169433594
2019-11-20,194.39437866210938
2019-11-21,193.96163940429688
2019-11-22,194.08663940429688
2019-11-25,196.38494873046875
2019-11-26,196.760009765625
2019-11-27,198.13514709472656
2019-11-29,197.231201171875
2019-12-02,195.2117919921875
2019-12-03,193.68276977539062
2019-12-04,194.6636199951172
2019-12-05,195.04833984375
2019-12-06,197.13504028320312
2019-12-09,196.24072265625
2019-12-10,196.0772247314453
2019-12-11,197.11581420898438
2019-12-12,198.5870819091797
2019-12-13,199.24102783203125
2019-12-16,201.2412109375
2019-12-17,201.3566131591797
2019-12-18,201.510498046875
2019-12-19,202.7702178955078
2019-12-20,203.587646484375
2019-12-23,204.12535095214844
2019-12-24,204.23135375976562
2019-12-26,206.0335235595703
2019-12-27,205.86004638671875
2019-12-30,204.51087951660156
2019-12-31,204.8963165283203
2020-01-02,208.3175048828125
2020-01-03,206.4093475341797
2020-01-06,207.7393341064453
2020-01-07,207.7104034423828
2020-01-08,209.27166748046875
2020-01-09,211.0448760986328
2020-01-10,210.50518798828125
2020-01-13,212.9337615966797
2020-01-14,212.09535217285156
2020-01-15,212.18206787109375
2020-01-16,214.2154998779297
2020-01-17,215.2755584716797
2020-01-21,215.17926025390625
2020-01-22,215.7478485107422
2020-01-23,216.44168090820312
2020-01-24,214.6202392578125
2020-01-27,210.18716430664062
2020-01-28,213.41566467285156
2020-01-29,213.76255798339844
2020-01-30,214.52394104003906
2020-01-31,211.12196350097656
2020-02-03,214.3118896484375
2020-02-04,219.21717834472656
2020-02-05,219.9400177001953
2020-02-06,221.83853149414062
2020-02-07,220.88449096679688
2020-02-10,223.553955078125
2020-02-11,223.59251403808594
2020-02-12,225.7705078125
2020-02-13,225.48141479492188
2020-02-14,226.1270751953125
2020-02-18,226.21377563476562
2020-02-19,228.38217163085938
2020-02-20,226.26199340820312
2020-02-21,221.91561889648438
2020-02-24,213.35780334472656
2020-02-25,207.5562286376953
2020-02-26,208.62594604492188
2020-02-27,198.17919921875
2020-02-28,198.3334197998047
2020-03-02,208.568115234375
2020-03-03,201.87991333007812
2020-03-04,210.3028106689453
2020-03-05,203.9133758544922
2020-03-06,200.4728240966797
2020-03-09,186.547119140625
2020-03-10,196.70472717285156
2020-03-11,188.1372833251953
2020-03-12,170.88670349121094
2020-03-13,185.3617401123047
2020-03-16,163.15769958496094
2020-03-17,175.5318145751953
2020-03-18,170.19284057617188
2020-03-19,171.21435546875
2020-03-20,164.50689697265625
2020-03-23,164.6256561279297
2020-03-24,177.37384033203125
2020-03-25,176.0603790283203
2020-03-26,185.33180236816406
2020-03-27,178.95770263671875
2020-03-30,185.46701049804688
2020-03-31,183.8831787109375
2020-04-01,176.070068359375
2020-04-02,179.64340209960938
2020-04-03,177.09378051757812
2020-04-06,189.7550506591797
2020-04-07,189.6778106689453
2020-04-08,193.70510864257812
2020-04-09,193.9851837158203
2020-04-13,196.08087158203125
2020-04-14,204.608642578125
2020-04-15,202.26182556152344
2020-04-16,205.9510955810547
2020-04-17,207.9212646484375
2020-04-20,205.45858764648438
2020-04-21,197.87725830078125
2020-04-22,203.74913024902344
2020-04-23,203.3145294189453
2020-04-24,206.52088928222656
2020-04-27,208.18199157714844
2020-04-28,204.26100158691406
2020-04-29,211.50433349609375
2020-04-30,211.41738891601562
2020-05-01,205.45858764648438
2020-05-04,207.85362243652344
2020-05-05,210.2101593017578
2020-05-06,211.50433349609375
2020-05-07,214.2277374267578
2020-05-08,217.16372680664062
2020-05-11,219.10487365722656
2020-05-12,214.5174560546875
2020-05-13,211.83261108398438
2020-05-14,214.2374267578125
2020-05-15,215.6281280517578
2020-05-18,219.64572143554688
2020-05-19,219.09523010253906
2020-05-20,223.47021484375
2020-05-21,221.03646850585938
2020-05-22,221.79942321777344
2020-05-26,221.20065307617188
2020-05-27,222.40782165527344
2020-05-28,222.1181182861328
2020-05-29,225.37274169921875
2020-06-01,226.04881286621094
2020-06-02,227.56509399414062
2020-06-03,228.58880615234375
2020-06-04,226.98561096191406
2020-06-05,231.48609924316406
2020-06-08,233.282470703125
2020-06-09,234.97254943847656
2020-06-10,237.79258728027344
2020-06-11,226.01014709472656
2020-06-12,227.8065185546875
2020-06-15,230.57827758789062
2020-06-16,234.53797912597656
2020-06-17,235.28160095214844
2020-06-18,235.91905212402344
2020-06-19,235.88037109375
2020-06-22,238.709228515625
2020-06-23,240.7408905029297
2020-06-24,235.77784729003906
2020-06-25,238.02232360839844
2020-06-26,232.40139770507812
2020-06-29,234.93609619140625
2020-06-30,239.5412139892578
2020-07-01,242.3372039794922
2020-07-02,243.98182678222656
2020-07-06,249.9800567626953
2020-07-07,248.2580108642578
2020-07-08,251.52793884277344
2020-07-09,253.646728515625
2020-07-10,255.37843322753906
2020-07-13,250.12513732910156
2020-07-14,251.8956298828125
2020-07-15,252.4084014892578
2020-07-16,250.68630981445312
2020-07-17,250.97654724121094
2020-07-20,258.0969543457031
2020-07-21,255.40750122070312
2020-07-22,256.30712890625
2020-07-23,249.6124267578125
2020-07-24,247.2421417236328
2020-07-27,251.65374755859375
2020-07-28,248.4514617919922
2020-07-29,251.3151092529297
2020-07-30,252.63084411621094
2020-07-31,257.1391906738281
2020-08-03,260.6123962402344
2020-08-04,261.5797424316406
2020-08-05,262.22802734375
2020-08-06,265.7011413574219
2020-08-07,262.63433837890625
2020-08-10,261.5120544433594
2020-08-11,256.55865478515625
2020-08-12,263.0116271972656
2020-08-13,263.61151123046875
2020-08-14,263.30181884765625
2020-08-17,266.35894775390625
2020-08-18,268.9227294921875
2020-08-19,267.1136474609375
2020-08-20,270.8189392089844
2020-08-21,272.69580078125
2020-08-24,274.3985595703125
2020-08-25,276.55596923828125
2020-08-26,282.45733642578125
2020-08-27,281.5770263671875
2020-08-28,283.00885009765625
2020-08-31,285.2823486328125
2020-09-01,290.1583557128906
2020-09-02,292.90594482421875
2020-09-03,278.05548095703125
2020-09-04,274.35015869140625
2020-09-08,261.1637878417969
2020-09-09,268.83575439453125
2020-09-10,263.4759826660156
2020-09-11,261.6475830078125
2020-09-14,266.2041931152344
2020-09-15,269.97723388671875
2020-09-16,265.672119140625
2020-09-17,261.52178955078125
2020-09-18,258.18402099609375
2020-09-21,258.80322265625
2020-09-22,263.61151123046875
2020-09-23,255.56228637695312
2020-09-24,256.7522277832031
2020-09-25,262.7213439941406
2020-09-28,268.1778259277344
2020-09-29,266.96856689453125
2020-09-30,268.79693603515625
2020-10-01,273.06341552734375
2020-10-02,265.3818359375
2020-10-05,271.04144287109375
2020-10-06,266.2041931152344
2020-10-07,270.809326171875
2020-10-08,272.25079345703125
2020-10-09,276.4107971191406
2020-10-12,284.94378662109375
2020-10-13,284.93414306640625
2020-10-14,282.5541076660156
2020-10-15,280.65789794921875
2020-10-16,279.1197509765625
2020-10-19,274.56298828125
2020-10-20,275.153076171875
2020-10-21,274.9403076171875
2020-10-22,274.9306335449219
2020-10-23,275.47235107421875
2020-10-26,271.3413391113281
2020-10-27,273.4601135253906
2020-10-28,262.7987976074219
2020-10-29,267.3941955566406
2020-10-30,260.6123962402344
2020-11-02,261.19287109375
2020-11-03,265.7107849121094
2020-11-04,277.57171630859375
2020-11-05,284.808349609375
2020-11-06,285.0211486816406
2020-11-09,279.1971740722656
2020-11-10,274.1954040527344
2020-11-11,280.3289794921875
2020-11-12,279.0132751464844
2020-11-13,281.4609069824219
2020-11-16,283.656982421875
2020-11-17,282.75732421875
2020-11-18,280.6676025390625
2020-11-19,282.86376953125
2020-11-20,280.9288635253906
2020-11-23,280.9385070800781
2020-11-24,284.8857421875
2020-11-25,286.6368103027344
2020-11-27,289.2780456542969
2020-11-30,289.8680725097656
2020-12-01,293.5831298828125
2020-12-02,293.9604187011719
2020-12-03,294.3763732910156
2020-12-04,295.57598876953125
2020-12-07,297.249755859375
2020-12-08,298.2558898925781
2020-12-09,291.5030822753906
2020-12-10,292.6737365722656
2020-12-11,292.0255432128906
2020-12-14,294.1442565917969
2020-12-15,297.2884521484375
2020-12-16,298.9234313964844
2020-12-17,300.877685546875
2020-12-18,299.9683532714844
2020-12-21,299.40716552734375
2020-12-22,300.2213134765625
2020-12-23,298.709228515625
2020-12-24,300.0274353027344
2020-12-28,303.0513610839844
2020-12-29,303.32269287109375
2020-12-30,303.33233642578125
2020-12-31,304.0787048339844
2021-01-04,299.78509521484375
2021-01-05,302.2566223144531
2021-01-06,298.0696105957031
2021-01-07,305.2804870605469
2021-01-08,309.2057800292969
2021-01-11,304.73779296875
2021-01-12,304.2531433105469
2021-01-13,306.3078918457031
2021-01-14,304.6699523925781
2021-01-15,302.2566223144531
2021-01-19,306.6664733886719
2021-01-20,313.7998046875
2021-01-21,316.3100891113281
2021-01-22,315.39910888671875
2021-01-25,318.0061340332031
2021-01-26,318.471435546875
2021-01-27,309.5934753417969
2021-01-28,311.42535400390625
2021-01-29,304.8734436035156
2021-02-01,312.491455078125
2021-02-02,317.5893859863281
2021-02-03,316.3294677734375
2021-02-04,320.070556640625
2021-02-05,321.15606689453125
2021-02-08,323.3077697753906
2021-02-09,323.2398986816406
2021-02-10,322.5033264160156
2021-02-11,324.2769470214844
2021-02-12,326.0893859863281
2021-02-16,325.2073974609375
2021-02-17,323.6469421386719
2021-02-18,322.2319641113281
2021-02-19,320.8265686035156
2021-02-22,312.5107727050781
2021-02-23,311.5803527832031
2021-02-24,314.1487731933594
2021-02-25,303.1967468261719
2021-02-26,304.4664001464844
2021-03-01,313.6253662109375
2021-03-02,308.59515380859375
2021-03-03,299.6397399902344
2021-03-04,294.73553466796875
2021-03-05,299.1744384765625
2021-03-08,290.70367431640625
2021-03-09,302.1693420410156
2021-03-10,301.30682373046875
2021-03-11,308.246337890625
2021-03-12,305.7457275390625
2021-03-15,309.0119934082031
2021-03-16,310.7080993652344
2021-03-17,311.9873962402344
2021-03-18,302.4310302734375
2021-03-19,303.4972229003906
2021-03-22,309.1886901855469
2021-03-23,307.8398132324219
2021-03-24,302.6479797363281
2021-03-25,302.1239929199219
2021-03-26,306.6558837890625
2021-03-29,306.568603515625
2021-03-30,305.0256652832031
2021-03-31,309.6933898925781
2021-04-01,314.9725036621094
2021-04-05,321.2608642578125
2021-04-06,321.0377502441406
2021-04-07,321.8140563964844
2021-04-08,325.1717224121094
2021-04-09,327.1416931152344
2021-04-12,326.7147521972656
2021-04-13,330.52862548828125
2021-04-14,326.5594787597656
2021-04-15,331.5086669921875
2021-04-16,331.89691162109375
2021-04-19,328.859375
2021-04-20,326.4624328613281
2021-04-21,329.25726318359375
2021-04-22,325.28814697265625
2021-04-23,329.38336181640625
2021-04-26,331.528076171875
2021-04-27,330.0918273925781
2021-04-28,328.975830078125
2021-04-29,330.1597595214844
2021-04-30,327.99566650390625
2021-05-03,326.2489318847656
2021-05-04,320.3777770996094
2021-05-05,319.30059814453125
2021-05-06,321.7073059082031
2021-05-07,324.3177185058594
2021-05-10,316.1273193359375
2021-05-11,315.6907043457031
2021-05-12,307.5195617675781
2021-05-13,309.8971252441406
2021-05-14,316.7387390136719
2021-05-17,314.8172302246094
2021-05-18,312.6920166015625
2021-05-19,313.05108642578125
2021-05-20,319.10650634765625
2021-05-21,317.34039306640625
2021-05-24,322.67767333984375
2021-05-25,323.1241149902344
2021-05-26,324.24981689453125
2021-05-27,323.0367736816406
2021-05-28,324.0556945800781
2021-06-01,322.97857666015625
2021-06-02,323.6093444824219
2021-06-03,320.2419128417969
2021-06-04,325.6764221191406
2021-06-07,326.64678955078125
2021-06-08,326.802001953125
2021-06-09,326.8796691894531
2021-06-10,330.285888671875
2021-06-11,331.1495666503906
2021-06-14,334.3229064941406
2021-06-15,332.1394348144531
2021-06-16,330.9263916015625
2021-06-17,335.1283874511719
2021-06-18,332.4984436035156
2021-06-21,334.5649719238281
2021-06-22,337.68365478515625
2021-06-23,337.8487548828125
2021-06-24,339.93768310546875
2021-06-25,339.5198669433594
2021-06-28,343.6490173339844
2021-06-29,344.8926086425781
2021-06-30,344.3485107421875
2021-07-01,344.4845886230469
2021-07-02,348.43878173828125
2021-07-06,349.9447021484375
2021-07-07,350.68310546875
2021-07-08,348.5650329589844
2021-07-09,350.7414245605469
2021-07-12,352.1112060546875
2021-07-13,352.1112060546875
2021-07-14,352.7427673339844
2021-07-15,350.2653503417969
2021-07-16,347.42828369140625
2021-07-19,344.58172607421875
2021-07-20,348.5845642089844
2021-07-21,351.2757263183594
2021-07-22,353.5976867675781
2021-07-23,357.72686767578125
2021-07-26,358.0085754394531
2021-07-27,354.0640869140625
2021-07-28,355.42425537109375
2021-07-29,356.05584716796875
2021-07-30,354.2001037597656
2021-08-02,354.2292175292969
2021-08-03,356.3763732910156
2021-08-04,356.89129638671875
2021-08-05,359.1551208496094
2021-08-06,357.5810852050781
2021-08-09,358.2417907714844
2021-08-10,356.405517578125
2021-08-11,355.79339599609375
2021-08-12,357.0758972167969
2021-08-13,358.3292236328125
2021-08-16,358.4846496582031
2021-08-17,355.32708740234375
2021-08-18,351.9072570800781
2021-08-19,353.60748291015625
2021-08-20,357.27020263671875
2021-08-23,362.61376953125
2021-08-24,363.7213439941406
2021-08-25,364.13909912109375
2021-08-26,361.8268737792969
2021-08-27,365.34393310546875
2021-08-30,369.44384765625
2021-08-31,369.1427001953125
2021-09-01,369.75469970703125
2021-09-02,369.579833984375
2021-09-03,370.716552734375
2021-09-07,371.2411193847656
2021-09-08,369.94903564453125
2021-09-09,368.6763000488281
2021-09-10,365.8782043457031
2021-09-13,365.6256103515625
2021-09-14,364.58612060546875
2021-09-15,367.2966613769531
2021-09-16,367.54925537109375
2021-09-17,363.19671630859375
2021-09-20,355.69183349609375
2021-09-21,356.1295471191406
2021-09-22,359.45599365234375
2021-09-23,362.7726745605469
2021-09-24,363.1130676269531
2021-09-27,360.214599609375
2021-09-28,350.021484375
2021-09-29,349.4475402832031
2021-09-30,348.1636657714844
2021-10-01,350.32293701171875
2021-10-04,342.9698486328125
2021-10-05,347.5995788574219
2021-10-06,349.8268737792969
2021-10-07,353.03662109375
2021-10-08,351.27618408203125
2021-10-11,348.5820007324219
2021-10-12,347.36614990234375
2021-10-13,350.14788818359375
2021-10-14,356.59637451171875
2021-10-15,358.84320068359375
2021-10-18,362.4516906738281
2021-10-19,365.19451904296875
2021-10-20,364.7179260253906
2021-10-21,366.94525146484375
2021-10-22,363.862060546875
2021-10-25,367.5871887207031
2021-10-26,368.74462890625
2021-10-27,369.6004943847656
2021-10-28,373.7050476074219
2021-10-29,375.5433044433594
2021-11-01,376.8272399902344
2021-11-02,378.4029541015625
2021-11-03,382.4197998046875
2021-11-04,387.32196044921875
2021-11-05,387.6915283203125
2021-11-08,387.1662902832031
2021-11-09,384.5011901855469
2021-11-10,378.85028076171875
2021-11-11,379.90069580078125
2021-11-12,383.8982238769531
2021-11-15,383.8106994628906
2021-11-16,386.54376220703125
2021-11-17,386.74810791015625
2021-11-18,390.75531005859375
2021-11-19,392.93402099609375
2021-11-22,388.3723449707031
2021-11-23,386.60211181640625
2021-11-24,387.84716796875
2021-11-26,380.4939880371094
2021-11-29,388.75177001953125
2021-11-30,383.0423278808594
2021-12-01,376.5256652832031
2021-12-02,379.2394104003906
2021-12-03,372.6448669433594
2021-12-06,375.63079833984375
2021-12-07,386.94256591796875
2021-12-08,388.6739196777344
2021-12-09,382.9548034667969
2021-12-10,387.11767578125
2021-12-13,381.52508544921875
2021-12-14,377.5760498046875
2021-12-15,386.1839599609375
2021-12-16,376.2532653808594
2021-12-17,374.37615966796875
2021-12-20,370.74462890625
2021-12-21,379.0420227050781
2021-12-22,383.6581726074219
2021-12-23,386.5505676269531
2021-12-27,392.939208984375
2021-12-28,391.1180114746094
2021-12-29,391.0595703125
2021-12-30,389.89093017578125
2021-12-31,387.4562683105469
2022-01-03,391.1861877441406
2022-01-04,386.1123352050781
2022-01-05,374.25054931640625
2022-01-06,373.987548828125
2022-01-07,369.9363098144531
2022-01-10,370.1796875
2022-01-11,375.7405090332031
2022-01-12,377.2305908203125
2022-01-13,367.7937316894531
2022-01-14,370.0823059082031
2022-01-18,360.8694152832031
2022-01-19,356.9057922363281
2022-01-20,352.27020263671875
2022-01-21,342.50225830078125
2022-01-24,344.07012939453125
2022-01-25,336.0941162109375
2022-01-26,335.5681457519531
2022-01-27,332.1888122558594
2022-01-28,342.6092529296875
2022-01-31,353.5654296875
2022-02-01,355.9708557128906
2022-02-02,358.8632507324219
2022-02-03,344.3136291503906
2022-02-04,348.6571350097656
2022-02-07,345.8523864746094
2022-02-08,349.73809814453125
2022-02-09,357.1493225097656
2022-02-10,349.0660705566406
2022-02-11,337.9931640625
2022-02-14,338.4118957519531
2022-02-15,346.8262634277344
2022-02-16,346.7385559082031
2022-02-17,336.4252624511719
2022-02-18,332.5881652832031
2022-02-22,329.2477111816406
2022-02-23,320.8140869140625
2022-02-24,331.5947570800781
2022-02-25,336.7367858886719
2022-02-28,337.73992919921875
2022-03-01,332.56866455078125
2022-03-02,338.14892578125
2022-03-03,333.3185119628906
2022-03-04,328.48809814453125
2022-03-07,316.37310791015625
2022-03-08,314.902587890625
2022-03-09,326.23846435546875
2022-03-10,322.6156005859375
2022-03-11,315.9251708984375
2022-03-14,309.85784912109375
2022-03-15,319.5771789550781
2022-03-16,331.42926025390625
2022-03-17,335.4416809082031
2022-03-18,342.3074035644531
2022-03-21,341.3557434082031
2022-03-22,348.0643005371094
2022-03-23,343.0621032714844
2022-03-24,350.68719482421875
2022-03-25,350.3947448730469
2022-03-28,355.81622314453125
2022-03-29,361.9395751953125
2022-03-30,357.94189453125
2022-03-31,353.50518798828125
2022-04-01,352.8323974609375
2022-04-04,360.0966796875
2022-04-05,352.10101318359375
2022-04-06,344.45654296875
2022-04-07,345.2755432128906
2022-04-08,340.4489440917969
2022-04-11,332.394775390625
2022-04-12,330.9906311035156
2022-04-13,337.7186279296875
2022-04-14,329.9960632324219
2022-04-18,330.2496032714844
2022-04-19,337.6309509277344
2022-04-20,332.7068176269531
2022-04-21,325.82269287109375
2022-04-22,317.29083251953125
2022-04-25,321.36651611328125
2022-04-26,309.2366638183594
2022-04-27,308.86614990234375
2022-04-28,319.8357238769531
2022-04-29,305.4436340332031
2022-05-02,310.5433044433594
2022-05-03,310.8747863769531
2022-05-04,321.3860778808594
2022-05-05,305.1998291015625
2022-05-06,301.5432434082031
2022-05-09,289.7448425292969
2022-05-10,293.26483154296875
2022-05-11,284.567138671875
2022-05-12,283.8943176269531
2022-05-13,294.4154968261719
2022-05-16,291.00262451171875
2022-05-17,298.53997802734375
2022-05-18,283.8846435546875
2022-05-19,282.3634338378906
2022-05-20,281.48590087890625
2022-05-23,286.166259765625
2022-05-24,280.081787109375
2022-05-25,284.0015869140625
2022-05-26,291.87042236328125
2022-05-27,301.39697265625
2022-05-31,300.597412109375
2022-06-01,298.3741760253906
2022-06-02,306.5453796386719
2022-06-03,298.5693359375
2022-06-06,299.56378173828125
2022-06-07,302.1478271484375
2022-06-08,299.973388671875
2022-06-09,291.938720703125
2022-06-10,281.6418762207031
2022-06-13,268.5466003417969
2022-06-14,269.0341491699219
2022-06-15,275.75244140625
2022-06-16,264.626708984375
2022-06-17,267.844482421875
2022-06-21,274.60211181640625
2022-06-22,274.2015380859375
2022-06-23,278.2852478027344
2022-06-24,287.82025146484375
2022-06-27,285.71014404296875
2022-06-28,277.00537109375
2022-06-29,277.2594909667969
2022-06-30,273.820556640625
2022-07-01,275.6279296875
2022-07-05,280.34661865234375
2022-07-06,282.1441955566406
2022-07-07,288.1817321777344
2022-07-08,288.5433044433594
2022-07-11,282.378662109375
2022-07-12,279.6432189941406
2022-07-13,279.0667724609375
2022-07-14,280.06329345703125
2022-07-15,285.1434326171875
2022-07-18,282.7303466796875
2022-07-19,291.42523193359375
2022-07-20,296.0462341308594
2022-07-21,300.2960510253906
2022-07-22,295.0302429199219
2022-07-25,293.3498840332031
2022-07-26,287.5858154296875
2022-07-27,299.7391052246094
2022-07-28,302.6700439453125
2022-07-29,308.1898193359375
2022-08-01,308.0041198730469
2022-08-02,307.0858154296875
2022-08-03,315.4485168457031
2022-08-04,316.9237365722656
2022-08-05,314.3348083496094
2022-08-08,313.31878662109375
2022-08-09,309.77239990234375
2022-08-10,318.4184265136719
2022-08-11,316.6111145019531
2022-08-12,322.7757263183594
2022-08-15,325.3841552734375
2022-08-16,324.6220397949219
2022-08-17,320.91949462890625
2022-08-18,321.6912841796875
2022-08-19,315.4192810058594
2022-08-22,307.1150817871094
2022-08-23,306.86114501953125
2022-08-24,307.7501525878906
2022-08-25,313.1917724609375
2022-08-26,300.35467529296875
2022-08-29,297.3945007324219
2022-08-30,294.0825500488281
2022-08-31,292.3728332519531
2022-09-01,292.49993896484375
2022-09-02,288.36737060546875
2022-09-06,286.2962341308594
2022-09-07,292.079833984375
2022-09-08,293.5941467285156
2022-09-09,300.01275634765625
2022-09-12,303.5785217285156
2022-09-13,286.9313049316406
2022-09-14,289.2075500488281
2022-09-15,284.39117431640625
2022-09-16,282.6521911621094
2022-09-19,284.8533020019531
2022-09-20,282.5827941894531
2022-09-21,277.52276611328125
2022-09-22,274.1070861816406
2022-09-23,269.6441955566406
2022-09-26,268.5284729003906
2022-09-27,268.63616943359375
2022-09-28,273.9798889160156
2022-09-29,266.0816955566406
2022-09-30,261.5698547363281
2022-10-03,267.70635986328125
2022-10-04,276.1232604980469
2022-10-05,275.9764404296875
2022-10-06,273.8037109375
2022-10-07,263.37066650390625
2022-10-10,260.73797607421875
2022-10-11,257.1558532714844
2022-10-12,257.0678405761719
2022-10-13,263.0966491699219
2022-10-14,255.18869018554688
2022-10-17,263.6153259277344
2022-10-18,265.6999816894531
2022-10-19,264.7310791015625
2022-10-20,263.3804931640625
2022-10-21,269.5561218261719
2022-10-24,272.5215759277344
2022-10-25,278.15887451171875
2022-10-26,272.0127258300781
2022-10-27,267.06036376953125
2022-10-28,275.2326354980469
2022-10-31,272.0323486328125
2022-11-01,269.252685546875
2022-11-02,260.02349853515625
2022-11-03,254.94400024414062
2022-11-04,259.0447082519531
2022-11-07,261.892822265625
2022-11-08,263.8013000488281
2022-11-09,257.71368408203125
2022-11-10,276.73004150390625
2022-11-11,281.8291320800781
2022-11-14,279.36279296875
2022-11-15,283.22869873046875
2022-11-16,279.36279296875
2022-11-17,278.7461853027344
2022-11-18,278.7559509277344
2022-11-21,275.8883056640625
2022-11-22,279.8619384765625
2022-11-23,282.6707763671875
2022-11-25,280.8112487792969
2022-11-28,276.6909484863281
2022-11-29,274.596435546875
2022-11-30,287.1141357421875
2022-12-01,287.46649169921875
2022-12-02,286.3213195800781
2022-12-05,281.51593017578125
2022-12-06,275.68280029296875
2022-12-07,274.55731201171875
2022-12-08,277.806640625
2022-12-09,276.03521728515625
2022-12-12,279.4997253417969
2022-12-13,282.50445556640625
2022-12-14,280.4099426269531
2022-12-15,270.9948425292969
2022-12-16,268.4110107421875
2022-12-19,264.6388244628906
2022-12-20,264.432861328125
2022-12-21,268.268798828125
2022-12-22,261.7055358886719
2022-12-23,262.29412841796875
2022-12-27,258.5857849121094
2022-12-28,255.17166137695312
2022-12-29,261.3915710449219
2022-12-30,261.234619140625
2023-01-03,259.46875
2023-01-04,260.704833984375
2023-01-05,256.6236877441406
2023-01-06,263.7069396972656
2023-01-09,265.4139404296875
2023-01-10,267.6605224609375
2023-01-11,272.2910461425781
2023-01-12,273.7626647949219
2023-01-13,275.64630126953125
2023-01-17,276.2054748535156
2023-01-18,272.6148376464844
2023-01-19,269.9364929199219
2023-01-20,277.3238525390625
2023-01-23,283.4848327636719
2023-01-24,282.9060974121094
2023-01-25,282.2781982421875
2023-01-26,287.78192138671875
2023-01-27,290.6466064453125
2023-01-30,284.7700500488281
2023-01-31,289.0376892089844
2023-02-01,295.2182922363281
2023-02-02,305.81365966796875
2023-02-03,300.37860107421875
2023-02-06,297.837646484375
2023-02-07,304.0085144042969
2023-02-08,298.6029052734375
2023-02-09,295.96392822265625
2023-02-10,294.0213928222656
2023-02-13,298.73040771484375
2023-02-14,300.93780517578125
2023-02-15,303.2433166503906
2023-02-16,297.55316162109375
2023-02-17,295.4537353515625
2023-02-21,288.45880126953125
2023-02-22,288.6746826171875
2023-02-23,291.19598388671875
2023-02-24,286.32012939453125
2023-02-27,288.37054443359375
2023-02-28,287.9977111816406
2023-03-01,285.6824645996094
2023-03-02,288.0467834472656
2023-03-03,294.001708984375
2023-03-06,294.3353576660156
2023-03-07,290.72503662109375
2023-03-08,292.1770324707031
2023-03-09,287.11480712890625
2023-03-10,283.0826110839844
2023-03-13,285.18212890625
2023-03-14,291.73553466796875
2023-03-15,293.2659606933594
2023-03-16,300.9966735839844
2023-03-17,299.57415771484375
2023-03-20,300.6373291015625
2023-03-21,304.93115234375
2023-03-22,300.7846984863281
2023-03-23,304.35137939453125
2023-03-24,305.4715270996094
2023-03-27,303.37872314453125
2023-03-28,301.7672119140625
2023-03-29,307.26971435546875
2023-03-30,310.1780700683594
2023-03-31,315.3365478515625
2023-04-03,314.57012939453125
2023-04-04,313.5090026855469
2023-04-05,310.4138488769531
2023-04-06,312.5066833496094
2023-04-10,312.3299255371094
2023-04-11,310.325439453125
2023-04-12,307.58404541015625
2023-04-13,313.60723876953125
2023-04-14,313.0177307128906
2023-04-17,313.282958984375
2023-04-18,313.30267333984375
2023-04-19,313.1552429199219
2023-04-20,310.7676086425781
2023-04-21,311.091796875
2023-04-24,310.44329833984375
2023-04-25,304.58721923828125
2023-04-26,306.4344482421875
2023-04-27,314.76666259765625
2023-04-28,316.9381103515625
2023-05-01,316.5745849609375
2023-05-02,313.8135986328125
2023-05-03,311.760009765625
2023-05-04,310.6595153808594
2023-05-05,317.2623596191406
2023-05-08,318.0484313964844
2023-05-09,316.0341796875
2023-05-10,319.47320556640625
2023-05-11,320.51470947265625
2023-05-12,319.3650817871094
2023-05-15,321.09442138671875
2023-05-16,321.4579772949219
2023-05-17,325.34893798828125
2023-05-18,331.3918151855469
2023-05-19,330.64501953125
2023-05-22,331.75531005859375
2023-05-23,327.54986572265625
2023-05-24,325.8696594238281
2023-05-25,333.799072265625
2023-05-26,342.3277893066406
2023-05-30,343.8802490234375
2023-05-31,341.92486572265625
2023-06-01,345.8748474121094
2023-06-02,348.4687805175781
2023-06-05,348.7144470214844
2023-06-06,348.6555480957031
2023-06-07,342.7405090332031
2023-06-08,346.9949951171875
2023-06-09,348.3215637207031
2023-06-12,354.20709228515625
2023-06-13,356.9288024902344
2023-06-14,359.5227966308594
2023-06-15,363.80682373046875
2023-06-16,361.5174255371094
2023-06-20,360.99993896484375
2023-06-21,356.080322265625
2023-06-22,360.2816162109375
2023-06-23,356.7099609375
2023-06-26,351.9281005859375
2023-06-27,357.979248046875
2023-06-28,358.6778259277344
2023-06-29,357.95953369140625
2023-06-30,363.4793701171875
2023-07-03,364.33538818359375
2023-07-05,364.325439453125
2023-07-06,361.55084228515625
2023-07-07,360.3504943847656
2023-07-10,360.4685363769531
2023-07-11,362.2494812011719
2023-07-12,366.8246154785156
2023-07-13,373.05291748046875
2023-07-14,372.9741516113281
2023-07-17,376.45721435546875
2023-07-18,379.5368957519531
2023-07-19,379.4483642578125
2023-07-20,370.7013854980469
2023-07-21,369.5894470214844
2023-07-24,370.1798400878906
2023-07-25,372.68878173828125
2023-07-26,371.4490966796875
2023-07-27,370.56353759765625
2023-07-28,377.313232421875
2023-07-31,377.5099792480469
2023-08-01,376.63427734375
2023-08-02,368.36944580078125
2023-08-03,367.779052734375
2023-08-04,366.0572509765625
2023-08-07,369.156494140625
2023-08-08,366.017822265625
2023-08-09,361.99365234375
2023-08-10,362.6626281738281
2023-08-11,360.3504943847656
2023-08-14,364.3944091796875
2023-08-15,360.52764892578125
2023-08-16,356.7099609375
2023-08-17,352.8136901855469
2023-08-18,352.3708801269531
2023-08-21,358.0481262207031
2023-08-22,357.5364990234375
2023-08-23,363.1743469238281
2023-08-24,355.4112243652344
2023-08-25,358.1661682128906
2023-08-28,360.8620910644531
2023-08-29,368.7432556152344
2023-08-30,370.7996826171875
2023-08-31,371.9114990234375
2023-09-01,371.5179443359375
2023-09-05,371.9902648925781
2023-09-06,368.7137756347656
2023-09-07,366.0768737792969
2023-09-08,366.5885314941406
2023-09-11,370.9079284667969
2023-09-12,366.795166015625
2023-09-13,368.1922607421875
2023-09-14,371.2030944824219
2023-09-15,364.8469543457031
2023-09-18,365.22735595703125
2023-09-19,364.44891357421875
2023-09-20,359.1970520019531
2023-09-21,352.6148986816406
2023-09-22,352.6641845703125
2023-09-25,354.3392333984375
2023-09-26,349.01837158203125
2023-09-27,349.83624267578125
2023-09-28,352.7627258300781
2023-09-29,353.0189514160156
2023-10-02,355.9650573730469
2023-10-03,349.718017578125
2023-10-04,354.47723388671875
2023-10-05,353.4327697753906
2023-10-06,359.3547058105469
2023-10-09,361.18743896484375
2023-10-10,363.18768310546875
2023-10-11,365.7791748046875
2023-10-12,364.50799560546875
2023-10-13,359.9261474609375
2023-10-16,363.99566650390625
2023-10-17,362.80340576171875
2023-10-18,358.0442199707031
2023-10-19,354.69403076171875
2023-10-20,349.4027404785156
2023-10-23,350.4570617675781
2023-10-24,353.86627197265625
2023-10-25,345.205078125
2023-10-26,338.62310791015625
2023-10-27,340.24884033203125
2023-10-30,344.08184814453125
2023-10-31,345.72735595703125
2023-11-01,351.7281188964844
2023-11-02,358.1131591796875
2023-11-03,362.32049560546875
2023-11-06,363.7985534667969
2023-11-07,367.23748779296875
2023-11-08,367.47393798828125
2023-11-09,364.64593505859375
2023-11-10,372.84405517578125
2023-11-13,371.68133544921875
2023-11-14,379.68231201171875
2023-11-15,379.96807861328125
2023-11-16,380.29327392578125
2023-11-17,380.3819274902344
2023-11-20,385.01300048828125
2023-11-21,382.7762756347656
2023-11-22,384.3429260253906
2023-11-24,383.801025390625
2023-11-27,383.466064453125
2023-11-28,384.4710998535156
2023-11-29,384.0966491699219
2023-11-30,383.1310119628906
2023-12-01,384.2247009277344
2023-12-04,380.6578063964844
2023-12-05,381.6136169433594
2023-12-06,379.4064025878906
2023-12-07,384.7075500488281
2023-12-08,386.42205810546875
2023-12-11,389.7229309082031
2023-12-12,392.82684326171875
2023-12-13,397.8224792480469
2023-12-14,397.4776306152344
2023-12-15,399.3990478515625
2023-12-18,401.9146728515625
2023-12-19,403.9683532714844
2023-12-20,397.9654235839844
2023-12-21,402.595947265625
2023-12-22,403.1982421875
2023-12-26,405.66650390625
2023-12-27,406.4923095703125
2023-12-28,406.29473876953125
2023-12-29,404.53643798828125
2024-01-02,397.6907043457031
2024-01-03,393.4825744628906
2024-01-04,391.45751953125
2024-01-05,391.9217834472656
2024-01-08,400.0220031738281
2024-01-09,400.8122863769531
2024-01-10,403.5288391113281
2024-01-11,404.3685302734375
2024-01-12,404.5759582519531
2024-01-16,404.53643798828125
2024-01-17,402.2545471191406
2024-01-18,407.9642333984375
2024-01-19,416.05450439453125
2024-01-22,416.59783935546875
2024-01-23,418.3265075683594
2024-01-24,420.64794921875
2024-01-25,421.16162109375
2024-01-26,418.65252685546875
2024-01-29,422.939697265625
2024-01-30,420.1243591308594
2024-01-31,411.8957824707031
2024-02-01,416.7460021972656
2024-02-02,423.7892150878906
2024-02-05,423.2361145019531
2024-02-06,422.38653564453125
2024-02-07,426.7330017089844
2024-02-08,427.52325439453125
2024-02-09,431.7314147949219
2024-02-12,430.0422058105469
2024-02-13,423.3348388671875
2024-02-14,427.9480285644531
2024-02-15,429.2222900390625
2024-02-16,425.3302307128906
2024-02-20,422.1197814941406
2024-02-21,420.43060302734375
2024-02-22,432.7389831542969
2024-02-23,431.4647216796875
2024-02-26,431.2374572753906
2024-02-27,432.2747497558594
2024-02-28,429.97308349609375
2024-02-29,433.65765380859375
2024-03-01,440.18719482421875
2024-03-04,438.6165771484375
2024-03-05,430.7434997558594
2024-03-06,433.4502258300781
2024-03-07,440.0291442871094
2024-03-08,433.6773986816406
2024-03-11,432.0672607421875
2024-03-12,438.2609558105469
2024-03-13,434.8924865722656
2024-03-14,433.7959899902344
2024-03-15,428.6394958496094
2024-03-18,432.72760009765625
2024-03-19,433.8057556152344
2024-03-20,438.9492492675781
2024-03-21,441.0264892578125
2024-03-22,441.5309143066406
2024-03-25,439.92852783203125
2024-03-26,438.5041809082031
2024-03-27,439.9977722167969
2024-03-28,439.1866760253906
2024-04-01,440.116455078125
2024-04-02,436.318115234375
2024-04-03,437.29742431640625
2024-04-04,430.61083984375
2024-04-05,435.68511962890625
2024-04-08,435.813720703125
2024-04-09,437.4260559082031
2024-04-10,433.60791015625
2024-04-11,440.5318908691406
2024-04-12,433.5090026855469
2024-04-15,426.3773193359375
2024-04-16,426.41693115234375
2024-04-17,421.2139892578125
2024-04-18,418.8104248046875
2024-04-19,410.14556884765625
2024-04-22,414.2702941894531
2024-04-23,420.4524230957031
2024-04-24,421.87677001953125
2024-04-25,419.8392028808594
2024-04-26,426.3180236816406
2024-04-29,428.0489807128906
2024-04-30,419.9776306152344
2024-05-01,416.9409484863281
2024-05-02,422.2625427246094
2024-05-03,430.74932861328125
2024-05-06,435.467529296875
2024-05-07,435.5367736816406
2024-05-08,435.2795715332031
2024-05-09,436.2291564941406
2024-05-10,437.2578430175781
2024-05-13,438.2667541503906
2024-05-14,441.0857849121094
2024-05-15,447.9801025390625
2024-05-16,447.0700988769531
2024-05-17,446.85247802734375
2024-05-20,449.9682922363281
2024-05-21,450.8485412597656
2024-05-22,450.7595520019531
2024-05-23,448.7318420410156
2024-05-24,452.9752502441406
2024-05-28,454.68646240234375
2024-05-29,451.48162841796875
2024-05-30,446.64471435546875
2024-05-31,445.81390380859375
2024-06-03,448.20758056640625
2024-06-04,449.4341125488281
2024-06-05,458.4945983886719
2024-06-06,458.33636474609375
2024-06-07,457.9308166503906
2024-06-10,459.7804870605469
2024-06-11,462.93585205078125
2024-06-12,468.999267578125
2024-06-13,471.54132080078125
2024-06-14,473.9844665527344
2024-06-17,479.79071044921875
2024-06-18,479.9390869140625
2024-06-20,476.2397155761719
2024-06-21,474.9637145996094
2024-06-24,469.55645751953125
2024-06-25,474.92608642578125
2024-06-26,475.90692138671875
2024-06-27,477.1353759765625
2024-06-28,474.6585693359375
2024-07-01,477.4425354003906
2024-07-02,482.4555358886719
2024-07-03,486.477783203125
2024-07-05,491.5502014160156
2024-07-08,492.71923828125
2024-07-09,493.145263671875
2024-07-10,498.2869873046875
2024-07-11,487.3594970703125
2024-07-12,490.22265625
2024-07-15,491.540283203125
2024-07-16,491.7285461425781
2024-07-17,477.2938537597656
2024-07-18,475.03509521484375
2024-07-19,470.8245544433594
2024-07-22,477.8387756347656
2024-07-23,476.1545715332031
2024-07-24,459.07476806640625
2024-07-25,454.0121765136719
2024-07-26,458.6686096191406
2024-07-29,459.5899353027344
2024-07-30,453.2790832519531
2024-07-31,466.69329833984375
2024-08-01,455.38934326171875
2024-08-02,444.5806884765625
2024-08-05,431.32501220703125
2024-08-06,435.4463806152344
2024-08-07,430.7305908203125
2024-08-08,443.906982421875
2024-08-09,446.2253112792969
2024-08-12,447.1862487792969
2024-08-13,458.28216552734375
2024-08-14,458.4308166503906
2024-08-15,470.01220703125
2024-08-16,470.61651611328125
2024-08-19,476.7984924316406
2024-08-20,475.79791259765625
2024-08-21,478.01708984375
2024-08-22,470.4382019042969
2024-08-23,475.54034423828125
2024-08-26,470.92364501953125
2024-08-27,472.3304748535156
2024-08-28,466.970703125
2024-08-29,466.287109375
2024-08-30,471.8449401855469
2024-09-03,457.51934814453125
2024-09-04,456.33050537109375
2024-09-05,456.7565002441406
2024-09-06,444.52130126953125
2024-09-09,450.23760986328125
2024-09-10,454.39862060546875
2024-09-11,464.2660827636719
2024-09-12,468.8233337402344
2024-09-13,470.92364501953125
2024-09-16,468.8431091308594
2024-09-17,469.0908508300781
2024-09-18,467.0599060058594
2024-09-19,478.8691101074219
2024-09-20,477.95770263671875
2024-09-23,479.2245788574219
2024-09-24,481.53619384765625
2024-09-25,481.9826354980469
2024-09-26,485.6037902832031
2024-09-27,482.9053039550781
2024-09-30,484.2148742675781
2024-10-01,477.46856689453125
2024-10-02,478.1431884765625
2024-10-03,477.7860107421875
2024-10-04,483.47076416015625
2024-10-07,478.29205322265625
2024-10-08,485.4351501464844
2024-10-09,489.2547302246094
2024-10-10,488.69915771484375
2024-10-11,489.4630432128906
2024-10-14,493.5703430175781
2024-10-15,486.9729309082031
2024-10-16,487.03240966796875
2024-10-17,487.3697509765625
2024-10-18,490.5643005371094
2024-10-21,491.5068054199219
2024-10-22,492.0425109863281
2024-10-23,484.5025329589844
2024-10-24,488.4312744140625
2024-10-25,491.4075927734375
2024-10-28,491.4869079589844
2024-10-29,496.2093505859375
2024-10-30,492.459228515625
2024-10-31,480.0281982421875
2024-11-01,483.57989501953125
2024-11-04,482.171142578125
2024-11-05,488.3221740722656
2024-11-06,501.5865478515625
2024-11-07,509.4836120605469
2024-11-08,510.0790100097656
2024-11-11,509.7813415527344
2024-11-12,508.85858154296875
2024-11-13,508.203857421875
2024-11-14,504.6720275878906
2024-11-15,492.647705078125
2024-11-18,496.0704345703125
2024-11-19,499.4833068847656
2024-11-20,499.1955871582031
2024-11-21,500.9913024902344
2024-11-22,501.7948913574219
2024-11-25,502.58856201171875
2024-11-26,505.2870788574219
2024-11-27,501.3087158203125
2024-11-29,505.71368408203125
2024-12-02,511.2198486328125
2024-12-03,512.787353515625
2024-12-04,519.1268920898438
2024-12-05,517.6884155273438
2024-12-06,522.3214111328125
2024-12-09,518.2538452148438
2024-12-10,516.4879150390625
2024-12-11,525.7341918945312
2024-12-12,522.34130859375
2024-12-13,526.3394775390625
2024-12-16,533.9190673828125
2024-12-17,531.5678100585938
2024-12-18,512.3905029296875
2024-12-19,510.108642578125
2024-12-20,514.5631713867188
2024-12-23,519.5764770507812
2024-12-24,526.6217041015625
2024-12-26,526.2640380859375
2024-12-27,519.2683715820312
2024-12-30,512.3621826171875
2024-12-31,508.0097961425781
2025-01-02,507.0160827636719
2025-01-03,515.3134765625
2025-01-06,521.2359008789062
2025-01-07,511.9348449707031
2025-01-08,512.0243530273438
2025-01-10,503.9952087402344
2025-01-13,502.37548828125
2025-01-14,501.8985290527344
2025-01-15,513.4453125
2025-01-16,509.84814453125
2025-01-17,518.4535522460938
2025-01-21,521.4943237304688
2025-01-22,528.1619873046875
2025-01-23,529.284912109375
2025-01-24,526.2938232421875
2025-01-27,510.97100830078125
2025-01-28,518.523193359375
2025-01-29,517.5493774414062
2025-01-30,519.7552490234375
2025-01-31,519.0000610351562
2025-02-03,514.846435546875
2025-02-04,521.1663818359375
2025-02-05,523.5313720703125
2025-02-06,526.2640380859375
2025-02-07,519.6261596679688
2025-02-10,525.9161987304688
2025-02-11,524.6641845703125
2025-02-12,524.9722900390625
2025-02-13,532.5244140625
2025-02-14,534.7601928710938
2025-02-18,535.9724731445312
2025-02-19,536.12158203125
2025-02-20,533.845947265625
2025-02-21,522.7662353515625
2025-02-24,516.5953369140625
2025-02-25,510.08660888671875
2025-02-26,511.31878662109375
2025-02-27,497.1187744140625
2025-02-28,504.96905517578125
2025-03-03,493.9190979003906
2025-03-04,492.42852783203125
2025-03-05,498.8478088378906
2025-03-06,485.1248474121094
2025-03-07,488.69219970703125
2025-03-10,469.7522888183594
2025-03-11,468.62939453125
2025-03-12,473.9159240722656
2025-03-13,465.3899230957031
2025-03-14,476.6386413574219
2025-03-17,479.7290344238281
2025-03-18,471.5509033203125
2025-03-19,477.86090087890625
2025-03-20,476.24114990234375
2025-03-21,477.8111877441406
2025-03-24,488.29644775390625
2025-03-25,491.0829162597656
2025-03-26,482.04669189453125
2025-03-27,479.3000183105469
2025-03-28,466.6810607910156
2025-03-31,466.6611633300781
2025-04-01,470.4230041503906
2025-04-02,473.8563232421875
2025-04-03,448.4891357421875
2025-04-04,420.63397216796875
2025-04-07,421.6490478515625
2025-04-08,414.0557861328125
2025-04-09,463.7552185058594
2025-04-10,444.03070068359375
2025-04-11,452.2110900878906
2025-04-14,455.27630615234375
2025-04-15,455.7838134765625
2025-04-16,442.04034423828125
2025-04-17,441.9607238769531
2025-04-21,431.02362060546875
2025-04-22,442.3388671875
2025-04-23,452.3703308105469
2025-04-24,465.0987548828125
2025-04-25,470.28363037109375
2025-04-28,470.1343688964844
2025-04-29,473.2393493652344
2025-04-30,473.1795959472656
2025-05-01,479.3596496582031
2025-05-02,486.4752502441406
2025-05-05,483.5892028808594
2025-05-06,479.09100341796875
2025-05-07,480.97186279296875
2025-05-08,485.9378356933594
2025-05-09,485.6194152832031
2025-05-12,505.4036560058594
2025-05-13,513.1063842773438
2025-05-14,516.1814575195312
2025-05-15,516.7486572265625
2025-05-16,518.9978637695312
2025-05-19,519.4954223632812
2025-05-20,517.7637939453125
2025-05-21,510.5686340332031
2025-05-22,511.5240478515625
2025-05-23,506.78692626953125
2025-05-27,518.7091674804688
2025-05-28,516.4103393554688
2025-05-29,517.4254150390625
2025-05-30,516.609375
2025-06-02,520.689697265625
2025-06-03,524.7599487304688
2025-06-04,526.222900390625
2025-06-05,522.261962890625
2025-06-06,527.3673095703125
2025-06-09,528.1434936523438
2025-06-10,531.63671875
2025-06-11,529.8452758789062
2025-06-12,531.0892333984375
2025-06-13,524.4215698242188
2025-06-16,531.7162475585938
2025-06-17,526.5313720703125
2025-06-18,526.4417724609375
2025-06-20,524.292236328125
2025-06-23,529.6832275390625
2025-06-24,537.7831420898438
2025-06-25,539.157958984375
2025-06-26,544.19921875
2025-06-27,546.0623779296875
2025-06-30,549.5992431640625
2025-07-01,544.9664306640625
2025-07-02,548.7623291015625
2025-07-03,554.1622924804688
2025-07-07,549.98779296875
2025-07-08,550.2966918945312
2025-07-09,554.192138671875
2025-07-10,553.3951416015625
2025-07-11,552.1497802734375
2025-07-14,554.15234375
2025-07-15,554.660400390625
2025-07-16,555.2283935546875
2025-07-17,559.7216186523438
2025-07-18,559.1836547851562
2025-07-21,562.0828857421875
2025-07-22,559.1737060546875
2025-07-23,561.7241821289062
2025-07-24,562.9197387695312
2025-07-25,564.2747802734375
2025-07-28,566.0382080078125
2025-07-29,565.1614990234375
2025-07-30,565.9186401367188
2025-07-31,562.9197387695312
2025-08-01,551.8309326171875
2025-08-04,562.0131225585938
2025-08-05,558.1973266601562
2025-08-06,565.2213134765625
2025-08-07,567.1340942382812
2025-08-08,572.4244995117188
2025-08-11,570.730712890625
2025-08-12,577.9041137695312
2025-08-13,578.193115234375
2025-08-14,577.7446899414062
2025-08-15,575.2042236328125
2025-08-18,574.9750366210938
2025-08-19,567.1739501953125
2025-08-20,563.8064575195312
2025-08-21,561.1962280273438
2025-08-22,569.85400390625
2025-08-25,568.210205078125
2025-08-26,570.4915771484375
2025-08-27,571.368408203125
2025-08-28,574.9451293945312
2025-08-29,568.2898559570312
2025-09-02,563.5275268554688
2025-09-03,567.9610595703125
2025-09-04,573.1019287109375
2025-09-05,573.9288940429688
2025-09-08,576.728515625
2025-09-09,578.3624267578125
2025-09-10,578.5517578125
2025-09-11,581.9192504882812
2025-09-12,584.4896850585938
2025-09-15,589.4910888671875
2025-09-16,588.992919921875
2025-09-17,587.8173828125
2025-09-18,593.11767578125
2025-09-19,597.1327514648438
2025-09-22,600.667724609375
2025-09-23,596.6779174804688
2025-09-24,594.583251953125
2025-09-25,592.0198364257812
2025-09-26,594.4535522460938
2025-09-29,597.20654296875
2025-09-30,598.8424072265625
2025-10-01,601.7150268554688
2025-10-02,604.188720703125
2025-10-03,601.645263671875
2025-10-06,606.1636962890625
2025-10-07,602.9718627929688
2025-10-08,609.8842163085938
2025-10-09,609.1461181640625
2025-10-10,588.0000610351562
2025-10-13,600.4782104492188
2025-10-14,596.4784545898438
2025-10-15,600.6876831054688
2025-10-16,598.46337890625
2025-10-17,602.393310546875
2025-10-20,609.9839477539062
2025-10-21,609.8244018554688
2025-10-22,603.9493408203125
2025-10-23,609.0264282226562
2025-10-24,615.52978515625
2025-10-27,626.4918823242188
2025-10-28,631.3095703125
2025-10-29,634.15234375
2025-10-30,624.45703125
2025-10-31,627.4694213867188
2025-11-03,630.4716796875
2025-11-04,617.67431640625
2025-11-05,621.6941528320312
2025-11-06,610.1136474609375
2025-11-07,608.1885375976562
2025-11-10,621.6442260742188
2025-11-11,619.9884643554688
2025-11-12,619.4996948242188
2025-11-13,606.8519897460938
2025-11-14,607.310791015625
2025-11-17,602.1240234375
2025-11-18,594.7926635742188
2025-11-19,598.3436279296875
2025-11-20,584.1797485351562
2025-11-21,588.568603515625
2025-11-24,603.6201782226562
2025-11-25,607.3407592773438
2025-11-26,612.70703125
2025-11-28,617.67431640625
2025-12-01,615.599609375
2025-12-02,620.4172973632812
2025-12-03,621.9334716796875
2025-12-04,621.35498046875
2025-12-05,623.8884887695312
2025-12-08,622.6915283203125
2025-12-09,623.4595336914062
2025-12-10,626.0130615234375
2025-12-11,623.98828125
2025-12-12,612.0586547851562
2025-12-15,608.9865112304688
2025-12-16,610.1934204101562
2025-12-17,598.8822631835938
2025-12-18,607.5601196289062
2025-12-19,615.47998046875
2025-12-22,618.4302368164062
2025-12-23,621.3265380859375
2025-12-24,623.144287109375
2025-12-26,623.1043090820312
2025-12-29,620.088134765625
2025-12-30,618.64990234375
2025-12-31,613.536376953125
2026-01-02,612.347900390625
2026-01-05,617.2117309570312
2026-01-06,622.6348876953125
2026-01-07,623.2341918945312
2026-01-08,619.6885986328125
2026-01-09,625.86083984375
2026-01-12,626.3801879882812
2026-01-13,625.4513549804688
2026-01-14,618.769775390625
2026-01-15,620.9970092773438
2026-01-16,620.4776611328125
2026-01-20,607.2942504882812
2026-01-21,615.50390625
2026-01-22,619.978271484375
2026-01-23,621.935791015625
2026-01-26,624.67236328125
2026-01-27,630.335205078125
2026-01-28,632.4225463867188
2026-01-29,628.6373291015625
2026-01-30,621.0868530273438
2026-02-02,625.3515014648438
2026-02-03,615.7435913085938
2026-02-04,604.9871826171875
2026-02-05,596.2781982421875
2026-02-06,608.8822631835938
2026-02-09,613.54638671875
2026-02-10,610.699951171875
2026-02-11,612.337890625
2026-02-12,599.8836059570312
2026-02-13,601.1619873046875
2026-02-17,600.542724609375
2026-02-18,605.027099609375
2026-02-19,602.7100219726562
2026-02-20,608.0433349609375
2026-02-23,600.652587890625
2026-02-24,607.1044921875
2026-02-25,615.9033813476562
2026-02-26,608.4727783203125
2026-02-27,606.5252075195312
2026-03-02,607.32421875
2026-03-03,600.8224487304688
2026-03-04,609.9808959960938
2026-03-05,608.1431274414062
2026-03-06,598.9946899414062
2026-03-09,606.99462890625
2026-03-10,607.004638671875
2026-03-11,606.9247436523438
2026-03-12,596.5078735351562
2026-03-13,592.9722900390625
2026-03-16,599.6239013671875
2026-03-17,602.5502319335938
2026-03-18,594.15087890625
2026-03-19,592.273193359375
2026-03-20,581.3269653320312
2026-03-23,588.0
2026-03-24,583.97998046875
2026-03-25,587.8200073242188
2026-03-26,573.7899780273438
2026-03-27,562.5800170898438
2026-03-30,558.280029296875
2026-03-31,577.1799926757812
2026-04-01,584.3099975585938
2026-04-02,584.97998046875
2026-04-06,588.5
2026-04-07,588.5900268554688
2026-04-08,606.0900268554688
2026-04-09,610.1900024414062
2026-04-10,611.0700073242188
2026-04-13,617.3900146484375
2026-04-14,628.5999755859375
2026-04-15,637.4000244140625
2026-04-16,640.469970703125
2026-04-17,648.8499755859375
2026-04-20,646.7899780273438
2026-04-21,644.3300170898438
2026-04-22,655.1099853515625
2026-04-23,651.4199829101562
2026-04-24,663.8800048828125
2026-04-27,664.22998046875
2026-04-28,657.5499877929688
2026-04-29,661.5700073242188
2026-04-30,667.739990234375
2026-05-01,674.1500244140625
