Price,TQQQ
Ticker,TQQQ
Date,
2011-01-03,0.3834787905216217
2011-01-04,0.38288334012031555
2011-01-05,0.39238590002059937
2011-01-06,0.39593398571014404
2011-01-07,0.3950154483318329
2011-01-10,0.39945724606513977
2011-01-11,0.40129318833351135
2011-01-12,0.40943142771720886
2011-01-13,0.41072142124176025
2011-01-14,0.41962870955467224
2011-01-18,0.42297759652137756
2011-01-19,0.40881121158599854
2011-01-20,0.3996305763721466
2011-01-21,0.39050039649009705
2011-01-24,0.4066275954246521
2011-01-25,0.4080413579940796
2011-01-26,0.414368599653244
2011-01-27,0.42235735058784485
2011-01-28,0.39050039649009705
2011-01-31,0.3962816894054413
2011-02-01,0.41828814148902893
2011-02-02,0.416402667760849
2011-02-03,0.41801562905311584
2011-02-04,0.42555853724479675
2011-02-07,0.43173614144325256
2011-02-08,0.44094154238700867
2011-02-09,0.4382614195346832
2011-02-10,0.4403955936431885
2011-02-11,0.4494265913963318
2011-02-14,0.45225536823272705
2011-02-15,0.45108914375305176
2011-02-16,0.4594256281852722
2011-02-17,0.45902833342552185
2011-02-18,0.4564236104488373
2011-02-22,0.4162292778491974
2011-02-23,0.40595772862434387
2011-02-24,0.4117380678653717
2011-02-25,0.4293791651725769
2011-02-28,0.43250495195388794
2011-03-01,0.41171327233314514
2011-03-02,0.4175192415714264
2011-03-03,0.44242969155311584
2011-03-04,0.4358796179294586
2011-03-07,0.4185120165348053
2011-03-08,0.4228784441947937
2011-03-09,0.41434380412101746
2011-03-10,0.39538803696632385
2011-03-11,0.4019877016544342
2011-03-14,0.39806807041168213
2011-03-15,0.38179147243499756
2011-03-16,0.3537552058696747
2011-03-17,0.3629852831363678
2011-03-18,0.36099985241889954
2011-03-21,0.38114649057388306
2011-03-22,0.3801041841506958
2011-03-23,0.3858606219291687
2011-03-24,0.4068504273891449
2011-03-25,0.4098277986049652
2011-03-28,0.402881383895874
2011-03-29,0.41444292664527893
2011-03-30,0.42054611444473267
2011-03-31,0.42233261466026306
2011-04-01,0.42297759652137756
2011-04-04,0.4191570580005646
2011-04-05,0.4143933057785034
2011-04-06,0.4175192415714264
2011-04-07,0.41742026805877686
2011-04-08,0.41116830706596375
2011-04-11,0.4074459671974182
2011-04-12,0.3994077146053314
2011-04-13,0.4089350700378418
2011-04-14,0.40670183300971985
2011-04-15,0.4040723443031311
2011-04-18,0.3962816894054413
2011-04-19,0.4034273028373718
2011-04-20,0.4302726686000824
2011-04-21,0.441189169883728
2011-04-25,0.444463849067688
2011-04-26,0.4521057605743408
2011-04-27,0.46148449182510376
2011-04-28,0.4607900083065033
2011-04-29,0.45855677127838135
2011-05-02,0.4560757577419281
2011-05-03,0.44922757148742676
2011-05-04,0.44659796357154846
2011-05-05,0.439899206161499
2011-05-06,0.443719744682312
2011-05-09,0.44853290915489197
2011-05-10,0.46004587411880493
2011-05-11,0.4501212239265442
2011-05-12,0.4580603837966919
2011-05-13,0.4418342709541321
2011-05-16,0.4188588559627533
2011-05-17,0.42228302359580994
2011-05-18,0.43255457282066345
2011-05-19,0.4362768828868866
2011-05-20,0.4266503155231476
2011-05-23,0.4081404507160187
2011-05-24,0.4004499316215515
2011-05-25,0.404915452003479
2011-05-26,0.41250789165496826
2011-05-27,0.41866061091423035
2011-05-31,0.4388073682785034
2011-06-01,0.41077110171318054
2011-06-02,0.4131528437137604
2011-06-03,0.3943953216075897
2011-06-06,0.3848678767681122
2011-06-07,0.3826355040073395
2011-06-08,0.37439823150634766
2011-06-09,0.3760359287261963
2011-06-10,0.358767569065094
2011-06-13,0.35901519656181335
2011-06-14,0.3723630905151367
2011-06-15,0.352018266916275
2011-06-16,0.3471059501171112
2011-06-17,0.34452587366104126
2011-06-20,0.34909042716026306
2011-06-21,0.3723630905151367
2011-06-22,0.3639771044254303
2011-06-23,0.3740503489971161
2011-06-24,0.3543504774570465
2011-06-27,0.37156936526298523
2011-06-28,0.3882424533367157
2011-06-29,0.39310532808303833
2011-06-30,0.4080413579940796
2011-07-01,0.42694762349128723
2011-07-05,0.43310046195983887
2011-07-06,0.4377155601978302
2011-07-07,0.4554307460784912
2011-07-08,0.4516599178314209
2011-07-11,0.4274440407752991
2011-07-12,0.4170229136943817
2011-07-13,0.42258119583129883
2011-07-14,0.4080413579940796
2011-07-15,0.42426854372024536
2011-07-18,0.41727161407470703
2011-07-19,0.4466969966888428
2011-07-20,0.44044509530067444
2011-07-21,0.4493771195411682
2011-07-22,0.46332043409347534
2011-07-25,0.46059176325798035
2011-07-26,0.46312233805656433
2011-07-27,0.4279899597167969
2011-07-28,0.4302726686000824
2011-07-29,0.42610445618629456
2011-08-01,0.42034804821014404
2011-08-02,0.38844063878059387
2011-08-03,0.3985139727592468
2011-08-04,0.3442773222923279
2011-08-05,0.33668482303619385
2011-08-08,0.27753570675849915
2011-08-09,0.31554633378982544
2011-08-10,0.27832937240600586
2011-08-11,0.31405729055404663
2011-08-12,0.32204684615135193
2011-08-15,0.33594071865081787
2011-08-16,0.3273070156574249
2011-08-17,0.32199734449386597
2011-08-18,0.2753024995326996
2011-08-19,0.2598699927330017
2011-08-22,0.26220232248306274
2011-08-23,0.29465553164482117
2011-08-24,0.30160295963287354
2011-08-25,0.28711265325546265
2011-08-26,0.30785486102104187
2011-08-29,0.33405524492263794
2011-08-30,0.34085309505462646
2011-08-31,0.3428386151790619
2011-09-01,0.3331626057624817
2011-09-02,0.3098393678665161
2011-09-06,0.30978983640670776
2011-09-07,0.3332120180130005
2011-09-08,0.3285970389842987
2011-09-09,0.30696213245391846
2011-09-12,0.3184741139411926
2011-09-13,0.33083030581474304
2011-09-14,0.3451213538646698
2011-09-15,0.3608016073703766
2011-09-16,0.37022992968559265
2011-09-19,0.3711722195148468
2011-09-20,0.365913063287735
2011-09-21,0.3473040759563446
2011-09-22,0.31351226568222046
2011-09-23,0.32328739762306213
2011-09-26,0.3342534303665161
2011-09-27,0.3444763422012329
2011-09-28,0.3282492756843567
2011-09-29,0.3185236155986786
2011-09-30,0.29376187920570374
2011-10-03,0.270737886428833
2011-10-04,0.28721171617507935
2011-10-05,0.30904579162597656
2011-10-06,0.3249250650405884
2011-10-07,0.3182254731655121
2011-10-10,0.35087689757347107
2011-10-11,0.3583701550960541
2011-10-12,0.36412665247917175
2011-10-13,0.3739018440246582
2011-10-14,0.39449530839920044
2011-10-17,0.37623414397239685
2011-10-18,0.3898802101612091
2011-10-19,0.36740127205848694
2011-10-20,0.36273664236068726
2011-10-21,0.3756386637687683
2011-10-24,0.39910948276519775
2011-10-25,0.3764818012714386
2011-10-26,0.3749936819076538
2011-10-27,0.40521374344825745
2011-10-28,0.4065532386302948
2011-10-31,0.3864065110683441
2011-11-01,0.35648471117019653
2011-11-02,0.3652670979499817
2011-11-03,0.3874984383583069
2011-11-04,0.3814942538738251
2011-11-07,0.3899793326854706
2011-11-08,0.40298041701316833
2011-11-09,0.36129796504974365
2011-11-10,0.35980886220932007
2011-11-11,0.38000500202178955
2011-11-14,0.3735540807247162
2011-11-15,0.3855634331703186
2011-11-16,0.3665580153465271
2011-11-17,0.3413494825363159
2011-11-18,0.3331626057624817
2011-11-21,0.31380942463874817
2011-11-22,0.31653904914855957
2011-11-23,0.29549866914749146
2011-11-25,0.2888000011444092
2011-11-28,0.31862273812294006
2011-11-29,0.3128662407398224
2011-11-30,0.3472050130367279
2011-12-01,0.3546488583087921
2011-12-02,0.35127419233322144
2011-12-05,0.3627861440181732
2011-12-06,0.36000797152519226
2011-12-07,0.36055389046669006
2011-12-08,0.342193603515625
2011-12-09,0.3584197163581848
2011-12-12,0.3466590642929077
2011-12-13,0.33494892716407776
2011-12-14,0.31936684250831604
2011-12-15,0.31688588857650757
2011-12-16,0.320855975151062
2011-12-19,0.3119736313819885
2011-12-20,0.339662104845047
2011-12-21,0.3255205750465393
2011-12-22,0.3334598243236542
2011-12-23,0.3420944809913635
2011-12-27,0.34472402930259705
2011-12-28,0.33365797996520996
2011-12-29,0.3401585519313812
2011-12-30,0.3373803496360779
2012-01-03,0.3565838038921356
2012-01-04,0.36085113883018494
2012-01-05,0.3697335422039032
2012-01-06,0.3735540807247162
2012-01-09,0.3704281449317932
2012-01-10,0.3780204951763153
2012-01-11,0.3806501626968384
2012-01-12,0.38516607880592346
2012-01-13,0.3807491958141327
2012-01-17,0.3909721076488495
2012-01-18,0.4065036475658417
2012-01-19,0.41464105248451233
2012-01-20,0.41280508041381836
2012-01-23,0.41275554895401
2012-01-24,0.4104728698730469
2012-01-25,0.4261540174484253
2012-01-26,0.4216380715370178
2012-01-27,0.4258062243461609
2012-01-30,0.42650076746940613
2012-01-31,0.4279899597167969
2012-02-01,0.43850913643836975
2012-02-02,0.443025141954422
2012-02-03,0.46064138412475586
2012-02-06,0.46019452810287476
2012-02-07,0.4621790647506714
2012-02-08,0.46987059712409973
2012-02-09,0.4802917242050171
2012-02-10,0.47001922130584717
2012-02-13,0.4826734960079193
2012-02-14,0.48689132928848267
2012-02-15,0.476023405790329
2012-02-16,0.4959224462509155
2012-02-17,0.49170464277267456
2012-02-21,0.49587282538414
2012-02-22,0.48932281136512756
2012-02-23,0.49860137701034546
2012-02-24,0.5034652948379517
2012-02-27,0.5058967471122742
2012-02-28,0.5210309624671936
2012-02-29,0.514183521270752
2012-03-01,0.526688277721405
2012-03-02,0.52510005235672
2012-03-05,0.5087242722511292
2012-03-06,0.49413591623306274
2012-03-07,0.5053507685661316
2012-03-08,0.5213786363601685
2012-03-09,0.527679979801178
2012-03-12,0.5285243988037109
2012-03-13,0.5582973957061768
2012-03-14,0.5645492672920227
2012-03-15,0.5688661336898804
2012-03-16,0.567625880241394
2012-03-19,0.5799819231033325
2012-03-20,0.5831571817398071
2012-03-21,0.5829591155052185
2012-03-22,0.5794360041618347
2012-03-23,0.5786423087120056
2012-03-26,0.6088623404502869
2012-03-27,0.6111937761306763
2012-03-28,0.6040480732917786
2012-03-29,0.5978457927703857
2012-03-30,0.5936775207519531
2012-04-02,0.6117892265319824
2012-04-03,0.6118397116661072
2012-04-04,0.5868796706199646
2012-04-05,0.5975980162620544
2012-04-09,0.5838529467582703
2012-04-10,0.5556670427322388
2012-04-11,0.5637062788009644
2012-04-12,0.5826115012168884
2012-04-13,0.5562624335289001
2012-04-16,0.5387461185455322
2012-04-17,0.5705039501190186
2012-04-18,0.5663356781005859
2012-04-19,0.5480248928070068
2012-04-20,0.5421199798583984
2012-04-23,0.5284746885299683
2012-04-24,0.5191454291343689
2012-04-25,0.5603810548782349
2012-04-26,0.5704049468040466
2012-04-27,0.5801801085472107
2012-04-30,0.5681222677230835
2012-05-01,0.5713480710983276
2012-05-02,0.5751190185546875
2012-05-03,0.557255208492279
2012-05-04,0.5163663029670715
2012-05-07,0.5171103477478027
2012-05-08,0.5114044547080994
2012-05-09,0.5085756182670593
2012-05-10,0.503365159034729
2012-05-11,0.502869725227356
2012-05-14,0.48897501826286316
2012-05-15,0.48470765352249146
2012-05-16,0.474187433719635
2012-05-17,0.4450097382068634
2012-05-18,0.42714589834213257
2012-05-21,0.4630727469921112
2012-05-22,0.46138545870780945
2012-05-23,0.463965505361557
2012-05-24,0.45562899112701416
2012-05-25,0.4530489444732666
2012-05-29,0.46992018818855286
2012-05-30,0.4585072100162506
2012-05-31,0.4519570767879486
2012-06-01,0.4164274334907532
2012-06-04,0.42535942792892456
2012-06-05,0.4312150180339813
2012-06-06,0.4606909453868866
2012-06-07,0.45552995800971985
2012-06-08,0.4689282774925232
2012-06-11,0.4464988708496094
2012-06-12,0.46059176325798035
2012-06-13,0.451559841632843
2012-06-14,0.45662176609039307
2012-06-15,0.47349289059638977
2012-06-18,0.4857003688812256
2012-06-19,0.5016787648200989
2012-06-20,0.5034652948379517
2012-06-21,0.46575191617012024
2012-06-22,0.48024216294288635
2012-06-25,0.4517589211463928
2012-06-26,0.46049177646636963
2012-06-27,0.4689282774925232
2012-06-28,0.4520561397075653
2012-06-29,0.4962196350097656
2012-07-02,0.5001897215843201
2012-07-03,0.5120990872383118
2012-07-05,0.5138852596282959
2012-07-06,0.4936394989490509
2012-07-09,0.4919523596763611
2012-07-10,0.4768674969673157
2012-07-11,0.4703174829483032
2012-07-12,0.4567207396030426
2012-07-13,0.4765693247318268
2012-07-16,0.47299644351005554
2012-07-17,0.48024216294288635
2012-07-18,0.4997926354408264
2012-07-19,0.5160691142082214
2012-07-20,0.4962196350097656
2012-07-23,0.4778602421283722
2012-07-24,0.46694281697273254
2012-07-25,0.456522673368454
2012-07-26,0.4743865430355072
2012-07-27,0.5103124380111694
2012-07-30,0.5072361826896667
2012-07-31,0.5075335502624512
2012-08-01,0.5025716423988342
2012-08-02,0.49731144309043884
2012-08-03,0.5255964398384094
2012-08-06,0.5374066829681396
2012-08-07,0.5507050156593323
2012-08-08,0.5498113036155701
2012-08-09,0.5544759035110474
2012-08-10,0.5567588806152344
2012-08-13,0.5601335763931274
2012-08-14,0.5609270930290222
2012-08-15,0.5648970603942871
2012-08-16,0.585142970085144
2012-08-17,0.5931812524795532
2012-08-20,0.5954638719558716
2012-08-21,0.5886166095733643
2012-08-22,0.5949675440788269
2012-08-23,0.5817682147026062
2012-08-24,0.5920892357826233
2012-08-27,0.5949675440788269
2012-08-28,0.5948684215545654
2012-08-29,0.5950666069984436
2012-08-30,0.5769054293632507
2012-08-31,0.58921217918396
2012-09-04,0.5867302417755127
2012-09-05,0.5840510725975037
2012-09-06,0.622657060623169
2012-09-07,0.6199769973754883
2012-09-10,0.5971512794494629
2012-09-11,0.5945712327957153
2012-09-12,0.5997312068939209
2012-09-13,0.6236488819122314
2012-09-14,0.63962721824646
2012-09-17,0.6408183574676514
2012-09-18,0.6420092582702637
2012-09-19,0.6462764143943787
2012-09-20,0.644788384437561
2012-09-21,0.644788384437561
2012-09-24,0.6328790187835693
2012-09-25,0.6074722409248352
2012-09-26,0.5914937853813171
2012-09-27,0.6166033744812012
2012-09-28,0.6018157601356506
2012-10-01,0.5992347598075867
2012-10-02,0.603105902671814
2012-10-03,0.6145187020301819
2012-10-04,0.6216644644737244
2012-10-05,0.6109458208084106
2012-10-08,0.5947693586349487
2012-10-09,0.564202606678009
2012-10-10,0.5573543310165405
2012-10-11,0.552392303943634
2012-10-12,0.5522933006286621
2012-10-15,0.5633089542388916
2012-10-16,0.5878220796585083
2012-10-17,0.5860354900360107
2012-10-18,0.5659889578819275
2012-10-19,0.52510005235672
2012-10-22,0.5333375930786133
2012-10-23,0.5175573229789734
2012-10-24,0.5123971700668335
2012-10-25,0.5123971700668335
2012-10-26,0.5177563428878784
2012-10-31,0.5077325105667114
2012-11-01,0.5292684435844421
2012-11-02,0.5099152326583862
2012-11-05,0.5224200487136841
2012-11-06,0.5255964398384094
2012-11-07,0.4878831207752228
2012-11-08,0.4650573432445526
2012-11-09,0.47011926770210266
2012-11-12,0.4708137512207031
2012-11-13,0.46059176325798035
2012-11-14,0.44411700963974
2012-11-15,0.44014686346054077
2012-11-16,0.4451097548007965
2012-11-19,0.47716474533081055
2012-11-20,0.4772648215293884
2012-11-21,0.48063844442367554
2012-11-23,0.5026706457138062
2012-11-26,0.5091216564178467
2012-11-27,0.503365159034729
2012-11-28,0.5168628096580505
2012-11-29,0.5257946848869324
2012-11-30,0.5239092707633972
2012-12-03,0.5213291645050049
2012-12-04,0.517954409122467
2012-12-05,0.5019760727882385
2012-12-06,0.5112062096595764
2012-12-07,0.5024723410606384
2012-12-10,0.5069379806518555
2012-12-11,0.5264893174171448
2012-12-12,0.5229164361953735
2012-12-13,0.5111061930656433
2012-12-14,0.49661684036254883
2012-12-17,0.5159698724746704
2012-12-18,0.5398876070976257
2012-12-19,0.5321465730667114
2012-12-20,0.5325430631637573
2012-12-21,0.5159698724746704
2012-12-24,0.5116025805473328
2012-12-26,0.4994952082633972
2012-12-27,0.49671608209609985
2012-12-28,0.48232585191726685
2012-12-31,0.5137863159179688
2013-01-02,0.561720609664917
2013-01-03,0.5535832643508911
2013-01-04,0.5481249690055847
2013-01-07,0.5487204194068909
2013-01-08,0.5455440282821655
2013-01-09,0.5511022806167603
2013-01-10,0.560827910900116
2013-01-11,0.5629115700721741
2013-01-14,0.5556670427322388
2013-01-15,0.5474295616149902
2013-01-16,0.5535832643508911
2013-01-17,0.5621178150177002
2013-01-18,0.5589423775672913
2013-01-22,0.5612252354621887
2013-01-23,0.5703554153442383
2013-01-24,0.54762864112854
2013-01-25,0.5557660460472107
2013-01-28,0.5597360134124756
2013-01-29,0.5597360134124756
2013-01-30,0.5566597580909729
2013-01-31,0.5530869364738464
2013-02-01,0.5712481141090393
2013-02-04,0.5421703457832336
2013-02-05,0.5659889578819275
2013-02-06,0.5607288479804993
2013-02-07,0.5621178150177002
2013-02-08,0.5791882872581482
2013-02-11,0.5789889097213745
2013-02-12,0.5722408890724182
2013-02-13,0.5788900852203369
2013-02-14,0.5776990056037903
2013-02-15,0.5727370977401733
2013-02-19,0.5852418541908264
2013-02-20,0.5585451126098633
2013-02-21,0.5403839349746704
2013-02-22,0.5562624335289001
2013-02-25,0.5355201959609985
2013-02-26,0.5419712066650391
2013-02-27,0.5584460496902466
2013-02-28,0.5563614964485168
2013-03-01,0.5621178150177002
2013-03-04,0.5693626403808594
2013-03-05,0.5943721532821655
2013-03-06,0.5906012058258057
2013-03-07,0.5957619547843933
2013-03-08,0.59645676612854
2013-03-11,0.6026095747947693
2013-03-12,0.5952657461166382
2013-03-13,0.5933801531791687
2013-03-14,0.5994340181350708
2013-03-15,0.5937766432762146
2013-03-18,0.5897074937820435
2013-03-19,0.5873255729675293
2013-03-20,0.5985402464866638
2013-03-21,0.5793862342834473
2013-03-22,0.5953648686408997
2013-03-25,0.5893110632896423
2013-03-26,0.5983420610427856
2013-03-27,0.6015176177024841
2013-03-28,0.6049913763999939
2013-04-01,0.5932803153991699
2013-04-02,0.6066789031028748
2013-04-03,0.5906012058258057
2013-04-04,0.5908985733985901
2013-04-05,0.576409101486206
2013-04-08,0.5852418541908264
2013-04-09,0.5967539548873901
2013-04-10,0.6316881775856018
2013-04-11,0.6305962800979614
2013-04-12,0.6299017667770386
2013-04-15,0.5915937423706055
2013-04-16,0.6163051724433899
2013-04-17,0.5802799463272095
2013-04-18,0.5551705956459045
2013-04-19,0.5781955122947693
2013-04-22,0.595960259437561
2013-04-23,0.6135259866714478
2013-04-24,0.612037718296051
2013-04-25,0.6219626665115356
2013-04-26,0.6167026162147522
2013-04-29,0.6330771446228027
2013-04-30,0.6469720602035522
2013-05-01,0.6387346982955933
2013-05-02,0.6618584990501404
2013-05-03,0.6849817037582397
2013-05-06,0.6938146948814392
2013-05-07,0.6921272873878479
2013-05-08,0.7029457688331604
2013-05-09,0.7004636526107788
2013-05-10,0.7123729586601257
2013-05-13,0.7151522040367126
2013-05-14,0.7256723642349243
2013-05-15,0.731031596660614
2013-05-16,0.7283514142036438
2013-05-17,0.7488954663276672
2013-05-20,0.7455208897590637
2013-05-21,0.7482999563217163
2013-05-22,0.7300387024879456
2013-05-23,0.7220995426177979
2013-05-24,0.7217022776603699
2013-05-28,0.7365888953208923
2013-05-29,0.7254732847213745
2013-05-30,0.7372835278511047
2013-05-31,0.7162439823150635
2013-06-03,0.7204121947288513
2013-06-04,0.7095949649810791
2013-06-05,0.6824016571044922
2013-06-06,0.690738320350647
2013-06-07,0.7196186780929565
2013-06-10,0.7199159860610962
2013-06-11,0.6990747451782227
2013-06-12,0.6748586297035217
2013-06-13,0.6990747451782227
2013-06-14,0.6867681741714478
2013-06-17,0.7058229446411133
2013-06-18,0.7224960327148438
2013-06-19,0.699769139289856
2013-06-20,0.6481630206108093
2013-06-21,0.6390319466590881
2013-06-24,0.6192824244499207
2013-06-25,0.6324819326400757
2013-06-26,0.6497501730918884
2013-06-27,0.6569949388504028
2013-06-28,0.658781111240387
2013-07-01,0.672874391078949
2013-07-02,0.6731723546981812
2013-07-03,0.6823026537895203
2013-07-05,0.6973872780799866
2013-07-08,0.6996700763702393
2013-07-09,0.7124730348587036
2013-07-10,0.7244813442230225
2013-07-11,0.7696377038955688
2013-07-12,0.7776759266853333
2013-07-15,0.7837296724319458
2013-07-16,0.7806531190872192
2013-07-17,0.7862106561660767
2013-07-18,0.7804549932479858
2013-07-19,0.7567355632781982
2013-07-22,0.7621939182281494
2013-07-23,0.7452235221862793
2013-07-24,0.7522690296173096
2013-07-25,0.765865683555603
2013-07-26,0.7785695791244507
2013-07-29,0.7749968767166138
2013-07-30,0.7865087985992432
2013-07-31,0.7914706468582153
2013-08-01,0.8155874013900757
2013-08-02,0.8291839957237244
2013-08-05,0.8309704065322876
2013-08-06,0.8161827325820923
2013-08-07,0.8115183115005493
2013-08-08,0.8223356604576111
2013-08-09,0.8135027885437012
2013-08-12,0.8185645937919617
2013-08-13,0.8321613073348999
2013-08-14,0.822931170463562
2013-08-15,0.7816460728645325
2013-08-16,0.7788669466972351
2013-08-19,0.7757903337478638
2013-08-20,0.7864096760749817
2013-08-21,0.7785695791244507
2013-08-22,0.8007997870445251
2013-08-23,0.8176711201667786
2013-08-26,0.8183656930923462
2013-08-27,0.7668583989143372
2013-08-28,0.7767830491065979
2013-08-29,0.7928606867790222
2013-08-30,0.7780731916427612
2013-09-03,0.7908751368522644
2013-09-04,0.8166792988777161
2013-09-05,0.8202520608901978
2013-09-06,0.8232294917106628
2013-09-09,0.8522079586982727
2013-09-10,0.8651100397109985
2013-09-11,0.860743522644043
2013-09-12,0.8568726181983948
2013-09-13,0.8596518039703369
2013-09-16,0.8524069786071777
2013-09-17,0.869476318359375
2013-09-18,0.9014332890510559
2013-09-19,0.9069907069206238
2013-09-20,0.8970668315887451
2013-09-23,0.8920049667358398
2013-09-24,0.8922030925750732
2013-09-25,0.8837676048278809
2013-09-26,0.9040133357048035
2013-09-27,0.8997460603713989
2013-09-30,0.8940896391868591
2013-10-01,0.9208855032920837
2013-10-02,0.9191981554031372
2013-10-03,0.8872413635253906
2013-10-04,0.910067081451416
2013-10-07,0.8875395059585571
2013-10-08,0.8373212218284607
2013-10-09,0.828092098236084
2013-10-10,0.8806911110877991
2013-10-11,0.900539755821228
2013-10-14,0.9191981554031372
2013-10-15,0.9093723893165588
2013-10-16,0.9404357075691223
2013-10-17,0.9556205868721008
2013-10-18,1.0028603076934814
2013-10-21,1.0086169242858887
2013-10-22,1.0120905637741089
2013-10-23,0.99581378698349
2013-10-24,1.0082192420959473
2013-10-25,1.0283660888671875
2013-10-28,1.030450701713562
2013-10-29,1.0354126691818237
2013-10-30,1.0321372747421265
2013-10-31,1.025488257408142
2013-11-01,1.024991512298584
2013-11-04,1.0299543142318726
2013-11-05,1.0343209505081177
2013-11-06,1.0325348377227783
2013-11-07,0.9752709269523621
2013-11-08,1.0137778520584106
2013-11-11,1.0089137554168701
2013-11-12,1.0138769149780273
2013-11-13,1.05020010471344
2013-11-14,1.0583374500274658
2013-11-15,1.0656824111938477
2013-11-18,1.0362063646316528
2013-11-19,1.0259844064712524
2013-11-20,1.018838882446289
2013-11-21,1.0500009059906006
2013-11-22,1.0665748119354248
2013-11-25,1.0736217498779297
2013-11-26,1.0913865566253662
2013-11-27,1.113220453262329
2013-11-29,1.1314804553985596
2013-12-02,1.124433994293213
2013-12-03,1.1211599111557007
2013-12-04,1.1240376234054565
2013-12-05,1.1205638647079468
2013-12-06,1.1436879634857178
2013-12-09,1.157383918762207
2013-12-10,1.155299186706543
2013-12-11,1.1121286153793335
2013-12-12,1.1030973196029663
2013-12-13,1.0978375673294067
2013-12-16,1.1166930198669434
2013-12-17,1.109647512435913
2013-12-18,1.147955298423767
2013-12-19,1.13763427734375
2013-12-20,1.1718729734420776
2013-12-23,1.209784746170044
2013-12-24,1.2114719152450562
2013-12-26,1.2232811450958252
2013-12-27,1.2143489122390747
2013-12-30,1.2079981565475464
2013-12-31,1.231717586517334
2014-01-02,1.202936053276062
2014-01-03,1.1767358779907227
2014-01-06,1.1642309427261353
2014-01-07,1.1944016218185425
2014-01-08,1.2033332586288452
2014-01-09,1.1909277439117432
2014-01-10,1.202837347984314
2014-01-13,1.1493443250656128
2014-01-14,1.2151437997817993
2014-01-15,1.2435266971588135
2014-01-16,1.2461079359054565
2014-01-17,1.223976492881775
2014-01-21,1.2513680458068848
2014-01-22,1.2629789113998413
2014-01-23,1.2477949857711792
2014-01-24,1.173857569694519
2014-01-27,1.1397180557250977
2014-01-28,1.1393204927444458
2014-01-29,1.1033947467803955
2014-01-30,1.1615519523620605
2014-01-31,1.1534136533737183
2014-02-03,1.076996088027954
2014-02-04,1.0980355739593506
2014-02-05,1.0879124402999878
2014-02-06,1.1295950412750244
2014-02-07,1.1895387172698975
2014-02-10,1.2113717794418335
2014-02-11,1.2528562545776367
2014-02-12,1.2588106393814087
2014-02-13,1.2911640405654907
2014-02-14,1.294935703277588
2014-02-18,1.315181851387024
2014-02-19,1.286400318145752
2014-02-20,1.3050590753555298
2014-02-21,1.298309564590454
2014-02-24,1.3211363554000854
2014-02-25,1.3163726329803467
2014-02-26,1.3120051622390747
2014-02-27,1.337809443473816
2014-02-28,1.3310600519180298
2014-03-03,1.301882266998291
2014-03-04,1.3542832136154175
2014-03-05,1.36539888381958
2014-03-06,1.3602374792099
2014-03-07,1.3407866954803467
2014-03-10,1.3435648679733276
2014-03-11,1.3268918991088867
2014-03-12,1.3417781591415405
2014-03-13,1.2848128080368042
2014-03-14,1.2584134340286255
2014-03-17,1.2919585704803467
2014-03-18,1.3384050130844116
2014-03-19,1.3163726329803467
2014-03-20,1.3266937732696533
2014-03-21,1.2780638933181763
2014-03-24,1.2459088563919067
2014-03-25,1.2574214935302734
2014-03-26,1.209585428237915
2014-03-27,1.1881487369537354
2014-03-28,1.195889949798584
2014-03-31,1.2197084426879883
2014-04-01,1.2858052253723145
2014-04-02,1.29592764377594
2014-04-03,1.2653610706329346
2014-04-04,1.1649255752563477
2014-04-07,1.1299922466278076
2014-04-08,1.1615519523620605
2014-04-09,1.2210984230041504
2014-04-10,1.1083564758300781
2014-04-11,1.0696511268615723
2014-04-14,1.0936691761016846
2014-04-15,1.1045856475830078
2014-04-16,1.1474590301513672
2014-04-17,1.1480544805526733
2014-04-21,1.1740567684173584
2014-04-22,1.202837347984314
2014-04-23,1.1700866222381592
2014-04-24,1.2046235799789429
2014-04-25,1.1464661359786987
2014-04-28,1.1587724685668945
2014-04-29,1.184377670288086
2014-04-30,1.1948977708816528
2014-05-01,1.2056161165237427
2014-05-02,1.199661374092102
2014-05-05,1.2167311906814575
2014-05-06,1.1696895360946655
2014-05-07,1.1591700315475464
2014-05-08,1.1552000045776367
2014-05-09,1.1686975955963135
2014-05-12,1.2256629467010498
2014-05-13,1.2282439470291138
2014-05-14,1.2099827527999878
2014-05-15,1.1819957494735718
2014-05-16,1.204027771949768
2014-05-19,1.2298310995101929
2014-05-20,1.216334581375122
2014-05-21,1.250672459602356
2014-05-22,1.2661542892456055
2014-05-23,1.2945386171340942
2014-05-27,1.3431683778762817
2014-05-28,1.3304648399353027
2014-05-29,1.3574594259262085
2014-05-30,1.3562687635421753
2014-06-02,1.3528938293457031
2014-06-03,1.3509093523025513
2014-06-04,1.3652007579803467
2014-06-05,1.4007295370101929
2014-06-06,1.4233570098876953
2014-06-09,1.4207768440246582
2014-06-10,1.42891526222229
2014-06-11,1.426731824874878
2014-06-12,1.3894156217575073
2014-06-13,1.3989429473876953
2014-06-16,1.4041038751602173
2014-06-17,1.4060885906219482
2014-06-18,1.4316935539245605
2014-06-19,1.4261362552642822
2014-06-20,1.4312971830368042
2014-06-23,1.4328842163085938
2014-06-24,1.42891526222229
2014-06-25,1.4551591873168945
2014-06-26,1.459130048751831
2014-06-27,1.4736216068267822
2014-06-30,1.4845408201217651
2014-07-01,1.5343689918518066
2014-07-02,1.5403248071670532
2014-07-03,1.5699044466018677
2014-07-07,1.5548169612884521
2014-07-08,1.5006211996078491
2014-07-09,1.5345683097839355
2014-07-10,1.520075798034668
2014-07-11,1.5464792251586914
2014-07-14,1.5760585069656372
2014-07-15,1.5595817565917969
2014-07-16,1.5772496461868286
2014-07-17,1.514318823814392
2014-07-18,1.585984706878662
2014-07-21,1.5802273750305176
2014-07-22,1.6115940809249878
2014-07-23,1.641769528388977
2014-07-24,1.636012077331543
2014-07-25,1.6159610748291016
2014-07-28,1.6179471015930176
2014-07-29,1.6098071336746216
2014-07-30,1.6290639638900757
2014-07-31,1.52980375289917
2014-08-01,1.5121349096298218
2014-08-04,1.5431040525436401
2014-08-05,1.5069730281829834
2014-08-06,1.5043926239013672
2014-08-07,1.489901065826416
2014-08-08,1.521664023399353
2014-08-11,1.5492581129074097
2014-08-12,1.5456846952438354
2014-08-13,1.5959110260009766
2014-08-14,1.6205276250839233
2014-08-15,1.6425634622573853
2014-08-18,1.682267665863037
2014-08-19,1.7112513780593872
2014-08-20,1.7112513780593872
2014-08-21,1.7209796905517578
2014-08-22,1.7277288436889648
2014-08-25,1.7469849586486816
2014-08-26,1.7529404163360596
2014-08-27,1.753139615058899
2014-08-28,1.7459930181503296
2014-08-29,1.7664403915405273
2014-09-02,1.7811312675476074
2014-09-03,1.750558614730835
2014-09-04,1.7450002431869507
2014-09-05,1.771998643875122
2014-09-08,1.7809323072433472
2014-09-09,1.7376552820205688
2014-09-10,1.7779546976089478
2014-09-11,1.7765651941299438
2014-09-12,1.7485735416412354
2014-09-15,1.6959656476974487
2014-09-16,1.7418241500854492
2014-09-17,1.7503602504730225
2014-09-18,1.7880789041519165
2014-09-19,1.7841092348098755
2014-09-22,1.735669493675232
2014-09-23,1.7205820083618164
2014-09-24,1.776366949081421
2014-09-25,1.66360604763031
2014-09-26,1.7168104648590088
2014-09-29,1.7110531330108643
2014-09-30,1.717406153678894
2014-10-01,1.6352183818817139
2014-10-02,1.6344236135482788
2014-10-03,1.6836574077606201
2014-10-06,1.6721434593200684
2014-10-07,1.6014693975448608
2014-10-08,1.693980097770691
2014-10-09,1.6096094846725464
2014-10-10,1.4891059398651123
2014-10-13,1.419425129890442
2014-10-14,1.4220069646835327
2014-10-15,1.3916327953338623
2014-10-16,1.369993805885315
2014-10-17,1.4235941171646118
2014-10-20,1.4849371910095215
2014-10-21,1.601072072982788
2014-10-22,1.5762578248977661
2014-10-23,1.6483206748962402
2014-10-24,1.6862376928329468
2014-10-27,1.6925907135009766
2014-10-28,1.7682273387908936
2014-10-29,1.7469849586486816
2014-10-30,1.7579044103622437
2014-10-31,1.8303641080856323
2014-11-03,1.8492236137390137
2014-11-04,1.8295702934265137
2014-11-05,1.8293719291687012
2014-11-06,1.8450548648834229
2014-11-07,1.8404886722564697
2014-11-10,1.8593482971191406
2014-11-11,1.8770172595977783
2014-11-12,1.8873399496078491
2014-11-13,1.9115599393844604
2014-11-14,1.9292277097702026
2014-11-17,1.9111624956130981
2014-11-18,1.9540427923202515
2014-11-19,1.9292277097702026
2014-11-20,1.9548364877700806
2014-11-21,1.9689323902130127
2014-11-24,2.013401508331299
2014-11-25,2.019951820373535
2014-11-26,2.061244010925293
2014-11-28,2.092015266418457
2014-12-01,2.0147902965545654
2014-12-02,2.036428689956665
2014-12-03,2.054891347885132
2014-12-04,2.0487377643585205
2014-12-05,2.050126791000366
2014-12-08,2.005856990814209
2014-12-09,2.0253124237060547
2014-12-10,1.9272429943084717
2014-12-11,1.95741868019104
2014-12-12,1.8926994800567627
2014-12-15,1.835923433303833
2014-12-16,1.7448018789291382
2014-12-17,1.8385037183761597
2014-12-18,1.9732991456985474
2014-12-19,1.9953346252441406
2014-12-22,2.013741970062256
2014-12-23,1.9944812059402466
2014-12-24,1.9986509084701538
2014-12-26,2.0391554832458496
2014-12-29,2.039552688598633
2014-12-30,1.9974595308303833
2014-12-31,1.9349148273468018
2015-01-02,1.919031023979187
2015-01-05,1.8326596021652222
2015-01-06,1.759988784790039
2015-01-07,1.8276952505111694
2015-01-08,1.9319359064102173
2015-01-09,1.8928215503692627
2015-01-12,1.8346449136734009
2015-01-13,1.8330559730529785
2015-01-14,1.8048615455627441
2015-01-15,1.7331836223602295
2015-01-16,1.794933557510376
2015-01-20,1.8346449136734009
2015-01-21,1.8628393411636353
2015-01-22,1.9664850234985352
2015-01-23,1.979589581489563
2015-01-26,1.9752212762832642
2015-01-27,1.8223341703414917
2015-01-28,1.7909629344940186
2015-01-29,1.8427858352661133
2015-01-30,1.800493597984314
2015-02-02,1.8477493524551392
2015-02-03,1.89818274974823
2015-02-04,1.8932181596755981
2015-02-05,1.9434531927108765
2015-02-06,1.9081096649169922
2015-02-09,1.8870632648468018
2015-02-10,1.977405309677124
2015-02-11,1.9996436834335327
2015-02-12,2.0695345401763916
2015-02-13,2.1217546463012695
2015-02-17,2.1275134086608887
2015-02-18,2.1366467475891113
2015-02-19,2.1688122749328613
2015-02-20,2.2105090618133545
2015-02-23,2.219245195388794
2015-02-24,2.2238118648529053
2015-02-25,2.205942153930664
2015-02-26,2.239497661590576
2015-02-27,2.2099132537841797
2015-03-02,2.269479513168335
2015-03-03,2.2369163036346436
2015-03-04,2.212097644805908
2015-03-05,2.2218263149261475
2015-03-06,2.14538311958313
2015-03-09,2.166031837463379
2015-03-10,2.0461056232452393
2015-03-11,2.0101678371429443
2015-03-12,2.048686981201172
2015-03-13,2.0222792625427246
2015-03-16,2.099714994430542
2015-03-17,2.1114299297332764
2015-03-18,2.1721878051757812
2015-03-19,2.182710647583008
2015-03-20,2.2279810905456543
2015-03-23,2.209317445755005
2015-03-24,2.186880111694336
2015-03-25,2.034395456314087
2015-03-26,2.017714500427246
2015-03-27,2.0371758937835693
2015-03-30,2.11044979095459
2015-03-31,2.0451183319091797
2015-04-01,2.010566234588623
2015-04-02,2.0139427185058594
2015-04-06,2.062394142150879
2015-04-07,2.052863359451294
2015-04-08,2.1017119884490967
2015-04-09,2.140831232070923
2015-04-10,2.166447401046753
2015-04-13,2.150362968444824
2015-04-14,2.1318953037261963
2015-04-15,2.1696243286132812
2015-04-16,2.162078857421875
2015-04-17,2.061004161834717
2015-04-20,2.1531429290771484
2015-04-21,2.1807446479797363
2015-04-22,2.216090679168701
2015-04-23,2.2427000999450684
2015-04-24,2.330469846725464
2015-04-27,2.3155770301818848
2015-04-28,2.300485372543335
2015-04-29,2.2566001415252686
2015-04-30,2.1505610942840576
2015-05-01,2.237536907196045
2015-05-04,2.2454800605773926
2015-05-05,2.1390445232391357
2015-05-06,2.0933713912963867
2015-05-07,2.1293134689331055
2015-05-08,2.207352876663208
2015-05-11,2.1831276416778564
2015-05-12,2.1549298763275146
2015-05-13,2.1660501956939697
2015-05-14,2.2619616985321045
2015-05-15,2.261762857437134
2015-05-18,2.289562940597534
2015-05-19,2.2830097675323486
2015-05-20,2.2867841720581055
2015-05-21,2.322725296020508
2015-05-22,2.3163702487945557
2015-05-26,2.2361464500427246
2015-05-27,2.343773603439331
2015-05-28,2.326498031616211
2015-05-29,2.287180185317993
2015-06-01,2.3072361946105957
2015-06-02,2.2861878871917725
2015-06-03,2.3062429428100586
2015-06-04,2.256004571914673
2015-06-05,2.238926887512207
2015-06-08,2.1704185009002686
2015-06-09,2.1596953868865967
2015-06-10,2.245281219482422
2015-06-11,2.2575929164886475
2015-06-12,2.200204610824585
2015-06-15,2.1698226928710938
2015-06-16,2.2029848098754883
2015-06-17,2.221452474594116
2015-06-18,2.315378189086914
2015-06-19,2.28003191947937
2015-06-22,2.3350374698638916
2015-06-23,2.3407950401306152
2015-06-24,2.3048534393310547
2015-06-25,2.289762020111084
2015-06-26,2.2472667694091797
2015-06-29,2.0884079933166504
2015-06-30,2.1122374534606934
2015-07-01,2.1555254459381104
2015-07-02,2.1636669635772705
2015-07-06,2.1453981399536133
2015-07-07,2.156320095062256
2015-07-08,2.04829478263855
2015-07-09,2.0423378944396973
2015-07-10,2.1372568607330322
2015-07-13,2.2464728355407715
2015-07-14,2.2915494441986084
2015-07-15,2.3024704456329346
2015-07-16,2.392425060272217
2015-07-17,2.501840114593506
2015-07-20,2.529839038848877
2015-07-21,2.522888660430908
2015-07-22,2.440082550048828
2015-07-23,2.4108924865722656
2015-07-24,2.342384099960327
2015-07-27,2.2822160720825195
2015-07-28,2.342384099960327
2015-07-29,2.368596315383911
2015-07-30,2.4015588760375977
2015-07-31,2.394212007522583
2015-08-03,2.3721699714660645
2015-08-04,2.3568801879882812
2015-08-05,2.4120841026306152
2015-08-06,2.2963156700134277
2015-08-07,2.287180185317993
2015-08-10,2.364426374435425
2015-08-11,2.27427339553833
2015-08-12,2.2943289279937744
2015-08-13,2.2840030193328857
2015-08-14,2.2963156700134277
2015-08-17,2.3527095317840576
2015-08-18,2.3151791095733643
2015-08-19,2.2716915607452393
2015-08-20,2.08463454246521
2015-08-21,1.8252965211868286
2015-08-24,1.609048843383789
2015-08-25,1.5878010988235474
2015-08-26,1.8169562816619873
2015-08-27,1.9589365720748901
2015-08-28,1.957348346710205
2015-08-31,1.8846702575683594
2015-09-01,1.7136977910995483
2015-09-02,1.8530970811843872
2015-09-03,1.8225159645080566
2015-09-04,1.7615538835525513
2015-09-08,1.9110808372497559
2015-09-09,1.8445580005645752
2015-09-10,1.9035340547561646
2015-09-11,1.9343137741088867
2015-09-14,1.917038083076477
2015-09-15,1.9839574098587036
2015-09-16,2.017119884490967
2015-09-17,2.0226783752441406
2015-09-18,1.9370938539505005
2015-09-21,1.9535750150680542
2015-09-22,1.867394208908081
2015-09-23,1.870373010635376
2015-09-24,1.8487277030944824
2015-09-25,1.8038501739501953
2015-09-28,1.6483664512634277
2015-09-29,1.6239421367645264
2015-09-30,1.7313700914382935
2015-10-01,1.7555965185165405
2015-10-02,1.8467421531677246
2015-10-05,1.9309377670288086
2015-10-06,1.9033361673355103
2015-10-07,1.933916449546814
2015-10-08,1.9575467109680176
2015-10-09,1.9813756942749023
2015-10-12,1.9980562925338745
2015-10-13,1.9589365720748901
2015-10-14,1.9505963325500488
2015-10-15,2.045912027359009
2015-10-16,2.0713300704956055
2015-10-19,2.1084628105163574
2015-10-20,2.073514461517334
2015-10-21,2.040153980255127
2015-10-22,2.161086082458496
2015-10-23,2.3407950401306152
2015-10-26,2.347745656967163
2015-10-27,2.3630359172821045
2015-10-28,2.4178426265716553
2015-10-29,2.408906936645508
2015-10-30,2.3759427070617676
2015-11-02,2.4569616317749023
2015-11-03,2.480393648147583
2015-11-04,2.4813859462738037
2015-11-05,2.459543466567993
2015-11-06,2.467684745788574
2015-11-09,2.3882548809051514
2015-11-10,2.3713762760162354
2015-11-11,2.360852003097534
2015-11-12,2.2923436164855957
2015-11-13,2.1575114727020264
2015-11-16,2.2474660873413086
2015-11-17,2.2552103996276855
2015-11-18,2.3844826221466064
2015-11-19,2.388056993484497
2015-11-20,2.4355156421661377
2015-11-23,2.4158565998077393
2015-11-24,2.408310651779175
2015-11-25,2.413672924041748
2015-11-27,2.4224090576171875
2015-11-30,2.4071199893951416
2015-12-01,2.478606700897217
2015-12-02,2.43353009223938
2015-12-03,2.3094213008880615
2015-12-04,2.4680817127227783
2015-12-07,2.4378981590270996
2015-12-08,2.4380979537963867
2015-12-09,2.324512481689453
2015-12-10,2.3574752807617188
2015-12-11,2.195836067199707
2015-12-14,2.2450830936431885
2015-12-15,2.2832090854644775
2015-12-16,2.384084939956665
2015-12-17,2.284797191619873
2015-12-18,2.1592986583709717
2015-12-21,2.223438024520874
2015-12-22,2.265536069869995
2015-12-23,2.317364454269409
2015-12-24,2.3125977516174316
2015-12-28,2.312002182006836
2015-12-29,2.417445659637451
2015-12-30,2.3556883335113525
2015-12-31,2.2683165073394775
2016-01-04,2.129711389541626
2016-01-05,2.110647439956665
2016-01-06,2.054053783416748
2016-01-07,1.8586567640304565
2016-01-08,1.8147714138031006
2016-01-11,1.8306574821472168
2016-01-12,1.8924150466918945
2016-01-13,1.6944355964660645
2016-01-14,1.8040484189987183
2016-01-15,1.6382392644882202
2016-01-19,1.645189642906189
2016-01-20,1.6302964687347412
2016-01-21,1.636253833770752
2016-01-22,1.7772408723831177
2016-01-25,1.6972157955169678
2016-01-26,1.745667576789856
2016-01-27,1.6157997846603394
2016-01-28,1.6795427799224854
2016-01-29,1.7889572381973267
2016-02-01,1.7990845441818237
2016-02-02,1.684903621673584
2016-02-03,1.6610749959945679
2016-02-04,1.6580963134765625
2016-02-05,1.4875211715698242
2016-02-08,1.41960871219635
2016-02-09,1.403126835823059
2016-02-10,1.419806957244873
2016-02-11,1.4164319038391113
2016-02-12,1.4767982959747314
2016-02-16,1.5750925540924072
2016-02-17,1.683911681175232
2016-02-18,1.6267220973968506
2016-02-19,1.6436004638671875
2016-02-22,1.7212430238723755
2016-02-23,1.635459065437317
2016-02-24,1.684110164642334
2016-02-25,1.7305762767791748
2016-02-26,1.7266045808792114
2016-02-29,1.6809331178665161
2016-03-01,1.8417783975601196
2016-03-02,1.8437634706497192
2016-03-03,1.8334383964538574
2016-03-04,1.8366150856018066
2016-03-07,1.8024606704711914
2016-03-08,1.7548025846481323
2016-03-09,1.7883614301681519
2016-03-10,1.781610369682312
2016-03-11,1.8739473819732666
2016-03-14,1.884868860244751
2016-03-15,1.8836771249771118
2016-03-16,1.9317327737808228
2016-03-17,1.9261716604232788
2016-03-18,1.9372919797897339
2016-03-21,1.9603275060653687
2016-03-22,1.9778012037277222
2016-03-23,1.930739402770996
2016-03-24,1.9301437139511108
2016-03-28,1.9231934547424316
2016-03-29,2.0151333808898926
2016-03-30,2.045316219329834
2016-03-31,2.0334019660949707
2016-04-01,2.101116418838501
2016-04-04,2.0751030445098877
2016-04-05,2.019303798675537
2016-04-06,2.116009473800659
2016-04-07,2.024665117263794
2016-04-08,2.01990008354187
2016-04-11,1.9982545375823975
2016-04-12,2.0449204444885254
2016-04-13,2.124746799468994
2016-04-14,2.126136302947998
2016-04-15,2.1098532676696777
2016-04-18,2.1410298347473145
2016-04-19,2.1040947437286377
2016-04-20,2.1092581748962402
2016-04-21,2.1098532676696777
2016-04-22,2.014338731765747
2016-04-25,2.0127506256103516
2016-04-26,1.9851484298706055
2016-04-27,1.937490701675415
2016-04-28,1.8687840700149536
2016-04-29,1.8389979600906372
2016-05-02,1.8876490592956543
2016-05-03,1.837409257888794
2016-05-04,1.801069974899292
2016-05-05,1.8000774383544922
2016-05-06,1.8260903358459473
2016-05-09,1.8421748876571655
2016-05-10,1.919420599937439
2016-05-11,1.866997241973877
2016-05-12,1.840785026550293
2016-05-13,1.8185451030731201
2016-05-16,1.888641357421875
2016-05-17,1.816162347793579
2016-05-18,1.8368134498596191
2016-05-19,1.8078219890594482
2016-05-20,1.8681886196136475
2016-05-23,1.8590540885925293
2016-05-24,1.9728370904922485
2016-05-25,2.015331745147705
2016-05-26,2.0322105884552
2016-05-27,2.062791347503662
2016-05-31,2.0751030445098877
2016-06-01,2.075897455215454
2016-06-02,2.0876128673553467
2016-06-03,2.059018135070801
2016-06-06,2.0810604095458984
2016-06-07,2.066365957260132
2016-06-08,2.075500249862671
2016-06-09,2.066365957260132
2016-06-10,1.996864914894104
2016-06-13,1.9456324577331543
2016-06-14,1.9466255903244019
2016-06-15,1.9291507005691528
2016-06-16,1.9430510997772217
2016-06-17,1.8765285015106201
2016-06-20,1.9102866649627686
2016-06-21,1.929349660873413
2016-06-22,1.916839361190796
2016-06-23,1.9976589679718018
2016-06-24,1.7530155181884766
2016-06-27,1.6509476900100708
2016-06-28,1.7544054985046387
2016-06-29,1.8455511331558228
2016-06-30,1.912669062614441
2016-07-01,1.938881516456604
2016-07-05,1.9045275449752808
2016-07-06,1.9494049549102783
2016-07-07,1.9678727388381958
2016-07-08,2.0588202476501465
2016-07-11,2.0939676761627197
2016-07-12,2.1269304752349854
2016-07-13,2.1120376586914062
2016-07-14,2.1549298763275146
2016-07-15,2.1428167819976807
2016-07-18,2.185511350631714
2016-07-19,2.1628730297088623
2016-07-20,2.23694109916687
2016-07-21,2.223637342453003
2016-07-22,2.2494513988494873
2016-07-25,2.251436948776245
2016-07-26,2.2589824199676514
2016-07-27,2.3030664920806885
2016-07-28,2.328087091445923
2016-07-29,2.3433773517608643
2016-08-01,2.380113124847412
2016-08-02,2.326498031616211
2016-08-03,2.3485395908355713
2016-08-04,2.36958909034729
2016-08-05,2.4380979537963867
2016-08-08,2.4303534030914307
2016-08-09,2.4464375972747803
2016-08-10,2.4275729656219482
2016-08-11,2.4589474201202393
2016-08-12,2.4635143280029297
2016-08-15,2.4944920539855957
2016-08-16,2.455174207687378
2016-08-17,2.4666926860809326
2016-08-18,2.4690747261047363
2016-08-19,2.4656982421875
2016-08-22,2.4680817127227783
2016-08-23,2.4827768802642822
2016-08-24,2.434919834136963
2016-08-25,2.4234025478363037
2016-08-26,2.4351189136505127
2016-08-29,2.4418699741363525
2016-08-30,2.4198286533355713
2016-08-31,2.4134738445281982
2016-09-01,2.424196243286133
2016-09-02,2.4525933265686035
2016-09-06,2.4980664253234863
2016-09-07,2.502633810043335
2016-09-08,2.459742307662964
2016-09-09,2.273280382156372
2016-09-12,2.3898439407348633
2016-09-13,2.333448648452759
2016-09-14,2.3634331226348877
2016-09-15,2.473045825958252
2016-09-16,2.470266103744507
2016-09-19,2.4378981590270996
2016-09-20,2.451401948928833
2016-09-21,2.5226900577545166
2016-09-22,2.5816667079925537
2016-09-23,2.535200595855713
2016-09-26,2.4722516536712646
2016-09-27,2.542349338531494
2016-09-28,2.556248903274536
2016-09-29,2.50203800201416
2016-09-30,2.553468942642212
2016-10-03,2.547710657119751
2016-10-04,2.5332140922546387
2016-10-05,2.5596249103546143
2016-10-06,2.555652618408203
2016-10-07,2.538973093032837
2016-10-10,2.5844461917877197
2016-10-11,2.477613925933838
2016-10-12,2.472450017929077
2016-10-13,2.4434587955474854
2016-10-14,2.449018955230713
2016-10-17,2.4321401119232178
2016-10-18,2.4944920539855957
2016-10-19,2.495485544204712
2016-10-20,2.4849605560302734
2016-10-21,2.5119669437408447
2016-10-24,2.6035091876983643
2016-10-25,2.57749605178833
2016-10-26,2.5280518531799316
2016-10-27,2.4927046298980713
2016-10-28,2.4496142864227295
2016-10-31,2.4357142448425293
2016-11-01,2.385673999786377
2016-11-02,2.323519468307495
2016-11-03,2.2566001415252686
2016-11-04,2.2309834957122803
2016-11-07,2.390836000442505
2016-11-08,2.437700033187866
2016-11-09,2.4718544483184814
2016-11-10,2.3542985916137695
2016-11-11,2.35231351852417
2016-11-14,2.2728826999664307
2016-11-15,2.378127336502075
2016-11-16,2.4168496131896973
2016-11-17,2.4728472232818604
2016-11-18,2.4450466632843018
2016-11-21,2.518519878387451
2016-11-22,2.5411577224731445
2016-11-23,2.510576009750366
2016-11-25,2.5348024368286133
2016-11-28,2.5207035541534424
2016-11-29,2.5449304580688477
2016-11-30,2.462522268295288
2016-12-01,2.3272924423217773
2016-12-02,2.336625576019287
2016-12-05,2.3906378746032715
2016-12-06,2.4079132080078125
2016-12-07,2.49727201461792
2016-12-08,2.5125627517700195
2016-12-09,2.571340322494507
2016-12-12,2.5355966091156006
2016-12-13,2.634686231613159
2016-12-14,2.615424156188965
2016-12-15,2.631309986114502
2016-12-16,2.5993387699127197
2016-12-19,2.6311116218566895
2016-12-20,2.6628835201263428
2016-12-21,2.653549909591675
2016-12-22,2.6305158138275146
2016-12-23,2.6386570930480957
2016-12-27,2.677180290222168
2016-12-28,2.615225315093994
2016-12-29,2.6025171279907227
2016-12-30,2.5264625549316406
2017-01-03,2.5876238346099854
2017-01-04,2.6317074298858643
2017-01-05,2.6783721446990967
2017-01-06,2.7462844848632812
2017-01-09,2.774085283279419
2017-01-10,2.7899703979492188
2017-01-11,2.8114168643951416
2017-01-12,2.797119140625
2017-01-13,2.8292882442474365
2017-01-17,2.802680253982544
2017-01-18,2.8217430114746094
2017-01-19,2.814197540283203
2017-01-20,2.8324661254882812
2017-01-23,2.838819980621338
2017-01-24,2.8979954719543457
2017-01-25,2.982588768005371
2017-01-26,2.9948995113372803
2017-01-27,3.0091969966888428
2017-01-30,2.9408884048461914
2017-01-31,2.9246044158935547
2017-02-01,2.9802052974700928
2017-02-02,2.9726593494415283
2017-02-03,2.99847412109375
2017-02-06,3.009594678878784
2017-02-07,3.040572166442871
2017-02-08,3.057650089263916
2017-02-09,3.089420795440674
2017-02-10,3.1200015544891357
2017-02-13,3.1748082637786865
2017-02-14,3.2045936584472656
2017-02-15,3.259798049926758
2017-02-16,3.2570180892944336
2017-02-17,3.2979252338409424
2017-02-21,3.350348472595215
2017-02-22,3.350745439529419
2017-02-23,3.3146045207977295
2017-02-24,3.3324766159057617
2017-02-27,3.342405319213867
2017-02-28,3.3161935806274414
2017-03-01,3.423424243927002
2017-03-02,3.3694112300872803
2017-03-03,3.386885166168213
2017-03-06,3.3634538650512695
2017-03-07,3.346773862838745
2017-03-08,3.3638505935668945
2017-03-09,3.3741769790649414
2017-03-10,3.411111831665039
2017-03-13,3.430968761444092
2017-03-14,3.405552387237549
2017-03-15,3.4651243686676025
2017-03-16,3.4631383419036865
2017-03-17,3.454798460006714
2017-03-20,3.4651243686676025
2017-03-21,3.3106324672698975
2017-03-22,3.375765800476074
2017-03-23,3.348759412765503
2017-03-24,3.3670284748077393
2017-03-27,3.384899854660034
2017-03-28,3.44844388961792
2017-03-29,3.4941158294677734
2017-03-30,3.5115907192230225
2017-03-31,3.503251075744629
2017-04-03,3.495704174041748
2017-04-04,3.5115907192230225
2017-04-05,3.4714784622192383
2017-04-06,3.4742586612701416
2017-04-07,3.4702870845794678
2017-04-10,3.4742586612701416
2017-04-11,3.430572748184204
2017-04-12,3.3852972984313965
2017-04-13,3.3451852798461914
2017-04-17,3.4246153831481934
2017-04-18,3.4146859645843506
2017-04-19,3.426600933074951
2017-04-20,3.509603977203369
2017-04-21,3.508017063140869
2017-04-24,3.6355018615722656
2017-04-25,3.716122627258301
2017-04-26,3.6998395919799805
2017-04-27,3.7645740509033203
2017-04-28,3.786020278930664
2017-05-01,3.881335496902466
2017-05-02,3.9043707847595215
2017-05-03,3.865846872329712
2017-05-04,3.869818925857544
2017-05-05,3.9119174480438232
2017-05-08,3.935349225997925
2017-05-09,3.978638172149658
2017-05-10,3.9849910736083984
2017-05-11,3.9754600524902344
2017-05-12,4.001276016235352
2017-05-15,4.038607120513916
2017-05-16,4.089442253112793
2017-05-17,3.780062675476074
2017-05-18,3.8757753372192383
2017-05-19,3.9226396083831787
2017-05-22,4.024309158325195
2017-05-23,4.034239768981934
2017-05-24,4.089839935302734
2017-05-25,4.1974663734436035
2017-05-26,4.215338230133057
2017-05-30,4.224076271057129
2017-05-31,4.218912124633789
2017-06-01,4.269351005554199
2017-06-02,4.415103912353516
2017-06-05,4.411530017852783
2017-06-06,4.361488342285156
2017-06-07,4.409146785736084
2017-06-08,4.421060562133789
2017-06-09,4.101356506347656
2017-06-12,4.027089595794678
2017-06-13,4.121214389801025
2017-06-14,4.066009521484375
2017-06-15,4.011203765869141
2017-06-16,3.9631495475769043
2017-06-19,4.154972076416016
2017-06-20,4.060847282409668
2017-06-21,4.178801536560059
2017-06-22,4.174035549163818
2017-06-23,4.220898151397705
2017-06-26,4.164900779724121
2017-06-27,3.935746431350708
2017-06-28,4.100959300994873
2017-06-29,3.8920581340789795
2017-06-30,3.878556251525879
2017-07-03,3.7729146480560303
2017-07-05,3.880542755126953
2017-07-06,3.7780776023864746
2017-07-07,3.8912649154663086
2017-07-10,3.9726803302764893
2017-07-11,4.005247116088867
2017-07-12,4.147823333740234
2017-07-13,4.17522668838501
2017-07-14,4.273322105407715
2017-07-17,4.275705814361572
2017-07-18,4.360694885253906
2017-07-19,4.440522193908691
2017-07-20,4.457203388214111
2017-07-21,4.450450420379639
2017-07-24,4.508434772491455
2017-07-25,4.478249549865723
2017-07-26,4.518362998962402
2017-07-27,4.437741756439209
2017-07-28,4.42344331741333
2017-07-31,4.3658576011657715
2017-08-01,4.394453048706055
2017-08-02,4.4266228675842285
2017-08-03,4.380552291870117
2017-08-04,4.397629737854004
2017-08-07,4.4754719734191895
2017-08-08,4.4587907791137695
2017-08-09,4.441314697265625
2017-08-10,4.152985572814941
2017-08-11,4.2479047775268555
2017-08-14,4.413118362426758
2017-08-15,4.421060562133789
2017-08-16,4.444095611572266
2017-08-17,4.1708574295043945
2017-08-18,4.156163215637207
2017-08-21,4.148617744445801
2017-08-22,4.333291530609131
2017-08-23,4.284839630126953
2017-08-24,4.249096870422363
2017-08-25,4.220500946044922
2017-08-28,4.257436275482178
2017-08-29,4.309860706329346
2017-08-30,4.459187030792236
2017-08-31,4.585878372192383
2017-09-01,4.582701206207275
2017-09-05,4.459982395172119
2017-09-06,4.49850606918335
2017-09-07,4.526306629180908
2017-09-08,4.414706707000732
2017-09-11,4.555298328399658
2017-09-12,4.5938215255737305
2017-09-13,4.612883567810059
2017-09-14,4.535044193267822
2017-09-15,4.571580410003662
2017-09-18,4.560460090637207
2017-09-19,4.579920291900635
2017-09-20,4.541795253753662
2017-09-21,4.4544219970703125
2017-09-22,4.443301677703857
2017-09-25,4.303902626037598
2017-09-26,4.333291530609131
2017-09-27,4.45084810256958
2017-09-28,4.443301677703857
2017-09-29,4.537425994873047
2017-10-02,4.55013370513916
2017-10-03,4.578729629516602
2017-10-04,4.590643882751465
2017-10-05,4.722895622253418
2017-10-06,4.739972114562988
2017-10-09,4.728057384490967
2017-10-10,4.737985610961914
2017-10-11,4.779290676116943
2017-10-12,4.753475189208984
2017-10-13,4.806694030761719
2017-10-16,4.85633659362793
2017-10-17,4.873414993286133
2017-10-18,4.854746341705322
2017-10-19,4.801133155822754
2017-10-20,4.8360819816589355
2017-10-23,4.745929718017578
2017-10-24,4.770155429840088
2017-10-25,4.7121710777282715
2017-10-26,4.668484687805176
2017-10-27,5.070797443389893
2017-10-30,5.10693883895874
2017-10-31,5.160950660705566
2017-11-01,5.154197692871094
2017-11-02,5.127987384796143
2017-11-03,5.270960807800293
2017-11-06,5.324573993682861
2017-11-07,5.333313465118408
2017-11-08,5.400032997131348
2017-11-09,5.313454627990723
2017-11-10,5.311867713928223
2017-11-13,5.327752590179443
2017-11-14,5.274137020111084
2017-11-15,5.196693420410156
2017-11-16,5.39129638671875
2017-11-17,5.330929756164551
2017-11-20,5.3178253173828125
2017-11-21,5.485420227050781
2017-11-22,5.507264137268066
2017-11-24,5.56921911239624
2017-11-27,5.560084342956543
2017-11-28,5.600989818572998
2017-11-29,5.313057899475098
2017-11-30,5.444911956787109
2017-12-01,5.372232437133789
2017-12-04,5.186765670776367
2017-12-05,5.194310188293457
2017-12-06,5.2630181312561035
2017-12-07,5.315043926239014
2017-12-08,5.385339736938477
2017-12-11,5.508852005004883
2017-12-12,5.488201141357422
2017-12-13,5.515604496002197
2017-12-14,5.50766134262085
2017-12-15,5.686775207519531
2017-12-18,5.832926273345947
2017-12-19,5.738007545471191
2017-12-20,5.714178085327148
2017-12-21,5.711397647857666
2017-12-22,5.69233512878418
2017-12-26,5.600197792053223
2017-12-27,5.600197792053223
2017-12-28,5.615289688110352
2017-12-29,5.509248733520508
2018-01-02,5.792019367218018
2018-01-03,5.961602210998535
2018-01-04,5.996551036834717
2018-01-05,6.1776509284973145
2018-01-08,6.246356964111328
2018-01-09,6.251122951507568
2018-01-10,6.206643104553223
2018-01-11,6.3309502601623535
2018-01-12,6.465187072753906
2018-01-16,6.4151458740234375
2018-01-17,6.617294788360596
2018-01-18,6.623650074005127
2018-01-19,6.687192440032959
2018-01-22,6.896093845367432
2018-01-23,7.070838928222656
2018-01-24,6.927468299865723
2018-01-25,6.918731689453125
2018-01-26,7.227713108062744
2018-01-29,7.131999969482422
2018-01-30,6.949708461761475
2018-01-31,7.035491943359375
2018-02-01,6.859556674957275
2018-02-02,6.440562725067139
2018-02-05,5.69710111618042
2018-02-06,6.136348724365234
2018-02-07,5.893689155578613
2018-02-08,5.163331985473633
2018-02-09,5.406386852264404
2018-02-12,5.709014892578125
2018-02-13,5.778515815734863
2018-02-14,6.11688756942749
2018-02-15,6.436591625213623
2018-02-16,6.3647074699401855
2018-02-20,6.396480083465576
2018-02-21,6.338893413543701
2018-02-22,6.340085506439209
2018-02-23,6.717773914337158
2018-02-26,6.987437725067139
2018-02-27,6.737233638763428
2018-02-28,6.601806640625
2018-03-01,6.284087657928467
2018-03-02,6.456846237182617
2018-03-05,6.659393310546875
2018-03-06,6.743587493896484
2018-03-07,6.794025897979736
2018-03-08,6.895299911499023
2018-03-09,7.296817302703857
2018-03-12,7.406032562255859
2018-03-13,7.137163162231445
2018-03-14,7.112937927246094
2018-03-15,7.081165790557861
2018-03-16,7.034300804138184
2018-03-19,6.592672348022461
2018-03-20,6.6411237716674805
2018-03-21,6.545013904571533
2018-03-22,6.0668463706970215
2018-03-23,5.576765060424805
2018-03-26,6.204260349273682
2018-03-27,5.609330654144287
2018-03-28,5.415919780731201
2018-03-29,5.7157673835754395
2018-04-02,5.208210468292236
2018-04-03,5.382956027984619
2018-04-04,5.637528419494629
2018-04-05,5.72609281539917
2018-04-06,5.298760890960693
2018-04-09,5.404799938201904
2018-04-10,5.76183557510376
2018-04-11,5.664931297302246
2018-04-12,5.863506317138672
2018-04-13,5.776530742645264
2018-04-16,5.904016017913818
2018-04-17,6.281703472137451
2018-04-18,6.3253912925720215
2018-04-19,6.153425216674805
2018-04-20,5.858343124389648
2018-04-23,5.8122735023498535
2018-04-24,5.441734790802002
2018-04-25,5.4631805419921875
2018-04-26,5.801948547363281
2018-04-27,5.815452575683594
2018-04-30,5.691540718078613
2018-05-01,5.876611709594727
2018-05-02,5.774147987365723
2018-05-03,5.774545192718506
2018-05-04,6.09941291809082
2018-05-07,6.244372844696045
2018-05-08,6.223720550537109
2018-05-09,6.432223796844482
2018-05-10,6.632386207580566
2018-05-11,6.612529277801514
2018-05-14,6.641917705535889
2018-05-15,6.427060604095459
2018-05-16,6.545409679412842
2018-05-17,6.471539497375488
2018-05-18,6.367884635925293
2018-05-21,6.479086875915527
2018-05-22,6.445329189300537
2018-05-23,6.607365608215332
2018-05-24,6.601806640625
2018-05-25,6.618486404418945
2018-05-29,6.533893585205078
2018-05-30,6.673292636871338
2018-05-31,6.658995151519775
2018-06-01,6.968770980834961
2018-06-04,7.147489070892334
2018-06-05,7.221359729766846
2018-06-06,7.3405022621154785
2018-06-07,7.170125961303711
2018-06-08,7.165359973907471
2018-06-11,7.221359729766846
2018-06-12,7.335737228393555
2018-06-13,7.327397346496582
2018-06-14,7.550197601318359
2018-06-15,7.4751362800598145
2018-06-18,7.458455562591553
2018-06-19,7.391735076904297
2018-06-20,7.5466227531433105
2018-06-21,7.351225852966309
2018-06-22,7.277355670928955
2018-06-25,6.812692165374756
2018-06-26,6.887753486633301
2018-06-27,6.611337661743164
2018-06-28,6.773374557495117
2018-06-29,6.804352283477783
2018-07-02,6.956857204437256
2018-07-03,6.717376708984375
2018-07-05,6.964005470275879
2018-07-06,7.277355670928955
2018-07-09,7.479902267456055
2018-07-10,7.497773170471191
2018-07-11,7.388160705566406
2018-07-12,7.752743721008301
2018-07-13,7.775381565093994
2018-07-16,7.722957611083984
2018-07-17,7.865928649902344
2018-07-18,7.815890789031982
2018-07-19,7.700318813323975
2018-07-20,7.6895976066589355
2018-07-23,7.75631856918335
2018-07-24,7.8552093505859375
2018-07-25,8.182855606079102
2018-07-26,7.825420379638672
2018-07-27,7.498965740203857
2018-07-30,7.176083564758301
2018-07-31,7.319057464599609
2018-08-01,7.419139862060547
2018-08-02,7.7146172523498535
2018-08-03,7.783722400665283
2018-08-06,7.926694393157959
2018-08-07,8.00413703918457
2018-08-08,8.02558422088623
2018-08-09,8.018437385559082
2018-08-10,7.831380367279053
2018-08-13,7.808741569519043
2018-08-14,7.952906608581543
2018-08-15,7.66338586807251
2018-08-16,7.73367977142334
2018-08-17,7.732489109039307
2018-08-20,7.716999530792236
2018-08-21,7.796827793121338
2018-08-22,7.8873772621154785
2018-08-23,7.848060131072998
2018-08-24,8.066093444824219
2018-08-27,8.309148788452148
2018-08-28,8.346083641052246
2018-08-29,8.637988090515137
2018-08-30,8.589139938354492
2018-08-31,8.614161491394043
2018-09-04,8.51169490814209
2018-09-05,8.173324584960938
2018-09-06,7.950523853302002
2018-09-07,7.871888160705566
2018-09-10,7.9409918785095215
2018-09-11,8.117325782775879
2018-09-12,8.047032356262207
2018-09-13,8.285320281982422
2018-09-14,8.222174644470215
2018-09-17,7.875463485717773
2018-09-18,8.062517166137695
2018-09-19,8.044648170471191
2018-09-20,8.297235488891602
2018-09-21,8.164983749389648
2018-09-24,8.235280990600586
2018-09-25,8.268640518188477
2018-09-26,8.260298728942871
2018-09-27,8.489056587219238
2018-09-28,8.475953102111816
2018-10-01,8.524799346923828
2018-10-02,8.475953102111816
2018-10-03,8.50097370147705
2018-10-04,8.01605224609375
2018-10-05,7.7146172523498535
2018-10-08,7.576408863067627
2018-10-09,7.634789943695068
2018-10-10,6.644698619842529
2018-10-11,6.375431060791016
2018-10-12,6.913964748382568
2018-10-15,6.653038024902344
2018-10-16,7.226124286651611
2018-10-17,7.249952793121338
2018-10-18,6.747162342071533
2018-10-19,6.719759941101074
2018-10-22,6.821032524108887
2018-10-23,6.745970726013184
2018-10-24,5.828557968139648
2018-10-25,6.426663398742676
2018-10-26,5.9274468421936035
2018-10-29,5.610522270202637
2018-10-30,5.827366352081299
2018-10-31,6.22054386138916
2018-11-01,6.492193222045898
2018-11-02,6.201480388641357
2018-11-05,6.140715599060059
2018-11-06,6.2705841064453125
2018-11-07,6.847245216369629
2018-11-08,6.730482578277588
2018-11-09,6.388537406921387
2018-11-12,5.827366352081299
2018-11-13,5.824982166290283
2018-11-14,5.677244186401367
2018-11-15,5.981061935424805
2018-11-16,5.915534496307373
2018-11-19,5.348404884338379
2018-11-20,5.051734924316406
2018-11-21,5.164920806884766
2018-11-23,5.05054235458374
2018-11-26,5.39725399017334
2018-11-27,5.453251838684082
2018-11-28,5.970339298248291
2018-11-29,5.915534496307373
2018-11-30,6.039443492889404
2018-12-03,6.34921932220459
2018-12-04,5.6510329246521
2018-12-06,5.733240604400635
2018-12-07,5.172070026397705
2018-12-10,5.334106922149658
2018-12-11,5.39129638671875
2018-12-12,5.527121543884277
2018-12-13,5.528313636779785
2018-12-14,5.111305236816406
2018-12-17,4.781275749206543
2018-12-18,4.86110258102417
2018-12-19,4.509625434875488
2018-12-20,4.328526973724365
2018-12-21,3.9103283882141113
2018-12-24,3.6208066940307617
2018-12-26,4.2783002853393555
2018-12-27,4.339145660400391
2018-12-28,4.3212504386901855
2018-12-31,4.41908073425293
2019-01-02,4.482312202453613
2019-01-03,4.048040390014648
2019-01-04,4.565826416015625
2019-01-07,4.7113800048828125
2019-01-08,4.847386837005615
2019-01-09,4.961922645568848
2019-01-10,5.009643077850342
2019-01-11,4.949990272521973
2019-01-14,4.821139812469482
2019-01-15,5.088384628295898
2019-01-16,5.095543384552002
2019-01-17,5.214849472045898
2019-01-18,5.358016014099121
2019-01-22,5.062138080596924
2019-01-23,5.066910743713379
2019-01-24,5.156389236450195
2019-01-25,5.3401198387146
2019-01-28,5.143266201019287
2019-01-29,4.997713565826416
2019-01-30,5.3723320960998535
2019-01-31,5.608556747436523
2019-02-01,5.536973476409912
2019-02-04,5.73979377746582
2019-02-05,5.891312122344971
2019-02-06,5.844782829284668
2019-02-07,5.606171607971191
2019-02-08,5.634804725646973
2019-02-11,5.621681213378906
2019-02-12,5.86506462097168
2019-02-13,5.876995086669922
2019-02-14,5.898470878601074
2019-02-15,5.968860149383545
2019-02-19,6.004652500152588
2019-02-20,5.999879360198975
2019-02-21,5.931876182556152
2019-02-22,6.060726165771484
2019-02-25,6.127537250518799
2019-02-26,6.146625995635986
2019-02-27,6.127537250518799
2019-02-28,6.089360237121582
2019-03-01,6.211050987243652
2019-03-04,6.212244510650635
2019-03-05,6.227754592895508
2019-03-06,6.120378494262695
2019-03-07,5.897276878356934
2019-03-08,5.863872051239014
2019-03-11,6.230140209197998
2019-03-12,6.331548690795898
2019-03-13,6.468751907348633
2019-03-14,6.440117835998535
2019-03-15,6.599987030029297
2019-03-18,6.659640789031982
2019-03-19,6.726451873779297
2019-03-20,6.804028034210205
2019-03-21,7.119106769561768
2019-03-22,6.653648853302002
2019-03-25,6.611876964569092
2019-03-26,6.70258092880249
2019-03-27,6.571300029754639
2019-03-28,6.613070011138916
2019-03-29,6.762256145477295
2019-04-01,7.028400897979736
2019-04-02,7.105978012084961
2019-04-03,7.228905200958252
2019-04-04,7.218164443969727
2019-04-05,7.326770782470703
2019-04-08,7.384057998657227
2019-04-09,7.3029022216796875
2019-04-10,7.421057224273682
2019-04-11,7.364962100982666
2019-04-12,7.455667495727539
2019-04-15,7.461634635925293
2019-04-16,7.5344367027282715
2019-04-17,7.609625339508057
2019-04-18,7.633496284484863
2019-04-22,7.697943210601807
2019-04-23,7.990345001220703
2019-04-24,7.912770748138428
2019-04-25,8.00108814239502
2019-04-26,8.029730796813965
2019-04-29,8.072698593139648
2019-04-30,7.887704372406006
2019-05-01,7.797004699707031
2019-05-02,7.7015252113342285
2019-05-03,8.06434154510498
2019-05-06,7.919931888580322
2019-05-07,7.45924711227417
2019-05-08,7.393606662750244
2019-05-09,7.276646614074707
2019-05-10,7.296934127807617
2019-05-13,6.542654991149902
2019-05-14,6.747933864593506
2019-05-15,7.028400897979736
2019-05-16,7.248002052307129
2019-05-17,7.022434711456299
2019-05-20,6.6703572273254395
2019-05-21,6.8708624839782715
2019-05-22,6.781351089477539
2019-05-23,6.461499214172363
2019-05-24,6.451951026916504
2019-05-28,6.382729530334473
2019-05-29,6.222802639007568
2019-05-30,6.2967987060546875
2019-05-31,5.993655681610107
2019-06-03,5.6105475425720215
2019-06-04,6.065263271331787
2019-06-05,6.19893217086792
2019-06-06,6.3421502113342285
2019-06-07,6.7037739753723145
2019-06-10,6.948439121246338
2019-06-11,6.974695682525635
2019-06-12,6.856540679931641
2019-06-13,6.968727111816406
2019-06-14,6.878023147583008
2019-06-17,7.003337860107422
2019-06-18,7.306482315063477
2019-06-19,7.392413139343262
2019-06-20,7.595305442810059
2019-06-21,7.560693264007568
2019-06-24,7.55830717086792
2019-06-25,7.171618938446045
2019-06-26,7.262322425842285
2019-06-27,7.34109354019165
2019-06-28,7.372124195098877
2019-07-01,7.665719985961914
2019-07-02,7.758811950683594
2019-07-03,7.930670738220215
2019-07-05,7.879349231719971
2019-07-08,7.713459014892578
2019-07-09,7.829226016998291
2019-07-10,8.060761451721191
2019-07-11,8.039277076721191
2019-07-12,8.174142837524414
2019-07-15,8.243363380432129
2019-07-16,8.1264009475708
2019-07-17,8.00586223602295
2019-07-18,8.040472984313965
2019-07-19,7.845935821533203
2019-07-22,8.030924797058105
2019-07-23,8.186077117919922
2019-07-24,8.360325813293457
2019-07-25,8.121628761291504
2019-07-26,8.362709045410156
2019-07-29,8.285137176513672
2019-07-30,8.174142837524414
2019-07-31,7.829226016998291
2019-08-01,7.719425678253174
2019-08-02,7.366156578063965
2019-08-05,6.592780590057373
2019-08-06,6.863700866699219
2019-08-07,6.963953971862793
2019-08-08,7.424636363983154
2019-08-09,7.205035209655762
2019-08-12,6.963953971862793
2019-08-13,7.421057224273682
2019-08-14,6.756289005279541
2019-08-15,6.727644920349121
2019-08-16,7.037949085235596
2019-08-19,7.367349147796631
2019-08-20,7.215777397155762
2019-08-21,7.39957332611084
2019-08-22,7.327965259552002
2019-08-23,6.657229900360107
2019-08-26,6.926955699920654
2019-08-27,6.885183334350586
2019-08-28,6.954405784606934
2019-08-29,7.2706780433654785
2019-08-30,7.219359874725342
2019-09-03,7.009305477142334
2019-09-04,7.30409574508667
2019-09-05,7.707490921020508
2019-09-06,7.686008453369141
2019-09-09,7.637075901031494
2019-09-10,7.573822498321533
2019-09-11,7.777905464172363
2019-09-12,7.874578475952148
2019-09-13,7.7910356521606445
2019-09-16,7.683621406555176
2019-09-17,7.785068511962891
2019-09-18,7.780294418334961
2019-09-19,7.814905643463135
2019-09-20,7.5690484046936035
2019-09-23,7.576209545135498
2019-09-24,7.276646614074707
2019-09-25,7.509373664855957
2019-09-26,7.434184551239014
2019-09-27,7.164458274841309
2019-09-30,7.355415344238281
2019-10-01,7.177587032318115
2019-10-02,6.809994220733643
2019-10-03,7.034368515014648
2019-10-04,7.330352783203125
2019-10-07,7.262322425842285
2019-10-08,6.931730270385742
2019-10-09,7.141782760620117
2019-10-10,7.298128128051758
2019-10-11,7.57143497467041
2019-10-14,7.579789638519287
2019-10-15,7.867417335510254
2019-10-16,7.808936595916748
2019-10-17,7.862643241882324
2019-10-18,7.637075901031494
2019-10-21,7.838772773742676
2019-10-22,7.657365798950195
2019-10-23,7.693169593811035
2019-10-24,7.913964748382568
2019-10-25,8.09417724609375
2019-10-28,8.341229438781738
2019-10-29,8.149079322814941
2019-10-30,8.263655662536621
2019-10-31,8.269621849060059
2019-11-01,8.493993759155273
2019-11-04,8.645566940307617
2019-11-05,8.656307220458984
2019-11-06,8.60140609741211
2019-11-07,8.688531875610352
2019-11-08,8.791171073913574
2019-11-11,8.754173278808594
2019-11-12,8.82578182220459
2019-11-13,8.812655448913574
2019-11-14,8.81026554107666
2019-11-15,8.976160049438477
2019-11-18,9.022706031799316
2019-11-19,9.059703826904297
2019-11-20,8.900972366333008
2019-11-21,8.831748008728027
2019-11-22,8.855619430541992
2019-11-25,9.162344932556152
2019-11-26,9.217243194580078
2019-11-27,9.403427124023438
2019-11-29,9.27811050415039
2019-12-02,8.979740142822266
2019-12-03,8.778042793273926
2019-12-04,8.90813159942627
2019-12-05,8.95467758178711
2019-12-06,9.23156452178955
2019-12-09,9.118184089660645
2019-12-10,9.097895622253418
2019-12-11,9.235145568847656
2019-12-12,9.446392059326172
2019-12-13,9.5311279296875
2019-12-16,9.804434776306152
2019-12-17,9.817564964294434
2019-12-18,9.840239524841309
2019-12-19,10.040741920471191
2019-12-20,10.160093307495117
2019-12-23,10.235281944274902
2019-12-24,10.248533248901367
2019-12-26,10.514777183532715
2019-12-27,10.483734130859375
2019-12-30,10.274799346923828
2019-12-31,10.33330249786377
2020-01-02,10.845488548278809
2020-01-03,10.5505952835083
2020-01-06,10.751172065734863
2020-01-07,10.738038063049316
2020-01-08,10.985176086425781
2020-01-09,11.262165069580078
2020-01-10,11.170232772827148
2020-01-13,11.560643196105957
2020-01-14,11.425729751586914
2020-01-15,11.432892799377441
2020-01-16,11.751668930053711
2020-01-17,11.927173614501953
2020-01-21,11.921201705932617
2020-01-22,12.002388954162598
2020-01-23,12.113423347473145
2020-01-24,11.799426078796387
2020-01-27,11.0699462890625
2020-01-28,11.584521293640137
2020-01-29,11.62630844116211
2020-01-30,11.757637977600098
2020-01-31,11.179784774780273
2020-02-03,11.693167686462402
2020-02-04,12.49189281463623
2020-02-05,12.636354446411133
2020-02-06,12.944384574890137
2020-02-07,12.777237892150879
2020-02-10,13.238088607788086
2020-02-11,13.247639656066895
2020-02-12,13.635659217834473
2020-02-13,13.583128929138184
2020-02-14,13.67505931854248
2020-02-18,13.698938369750977
2020-02-19,14.095315933227539
2020-02-20,13.694161415100098
2020-02-21,12.910956382751465
2020-02-24,11.423341751098633
2020-02-25,10.499255180358887
2020-02-26,10.643717765808105
2020-02-27,9.05223560333252
2020-02-28,9.19311809539795
2020-03-02,10.447917938232422
2020-03-03,9.464134216308594
2020-03-04,10.612676620483398
2020-03-05,9.681425094604492
2020-03-06,9.174015045166016
2020-03-09,7.310318470001221
2020-03-10,8.448116302490234
2020-03-11,7.361656665802002
2020-03-12,5.34394645690918
2020-03-13,6.786191940307617
2020-03-16,4.447319030761719
2020-03-17,5.172022819519043
2020-03-18,4.693264961242676
2020-03-19,4.801910877227783
2020-03-20,4.239578723907471
2020-03-23,4.252711296081543
2020-03-24,5.200676441192627
2020-03-25,5.080091953277588
2020-03-26,5.907472610473633
2020-03-27,5.293802738189697
2020-03-30,5.850165367126465
2020-03-31,5.687793254852295
2020-04-01,4.982192039489746
2020-04-02,5.2770891189575195
2020-04-03,5.064571857452393
2020-04-06,6.124764919281006
2020-04-07,6.112825870513916
2020-04-08,6.50323486328125
2020-04-09,6.527112007141113
2020-04-13,6.753955364227295
2020-04-14,7.630286693572998
2020-04-15,7.377177715301514
2020-04-16,7.772363185882568
2020-04-17,7.966969966888428
2020-04-20,7.709084987640381
2020-04-21,6.856632709503174
2020-04-22,7.463139533996582
2020-04-23,7.414188385009766
2020-04-24,7.772363185882568
2020-04-27,7.923989772796631
2020-04-28,7.49537467956543
2020-04-29,8.274998664855957
2020-04-30,8.329917907714844
2020-05-01,7.582530975341797
2020-05-04,7.849966049194336
2020-05-05,8.100688934326172
2020-05-06,8.260673522949219
2020-05-07,8.583026885986328
2020-05-08,8.929262161254883
2020-05-11,9.151330947875977
2020-05-12,8.606904029846191
2020-05-13,8.280969619750977
2020-05-14,8.55556869506836
2020-05-15,8.70241928100586
2020-05-18,9.20624828338623
2020-05-19,9.135807991027832
2020-05-20,9.670681953430176
2020-05-21,9.373395919799805
2020-05-22,9.45816421508789
2020-05-26,9.418764114379883
2020-05-27,9.551289558410645
2020-05-28,9.490399360656738
2020-05-29,9.882003784179688
2020-06-01,10.003783226013184
2020-06-02,10.203165054321289
2020-06-03,10.34166145324707
2020-06-04,10.13153076171875
2020-06-05,10.732067108154297
2020-06-08,10.970849990844727
2020-06-09,11.215604782104492
2020-06-10,11.620338439941406
2020-06-11,9.909462928771973
2020-06-12,10.12436580657959
2020-06-15,10.481346130371094
2020-06-16,11.035322189331055
2020-06-17,11.142772674560547
2020-06-18,11.228736877441406
2020-06-19,11.213214874267578
2020-06-22,11.611980438232422
2020-06-23,11.915234565734863
2020-06-24,11.213214874267578
2020-06-25,11.510499000549316
2020-06-26,10.683117866516113
2020-06-29,11.024576187133789
2020-06-30,11.658541679382324
2020-07-01,12.075217247009277
2020-07-02,12.3319091796875
2020-07-06,13.238088607788086
2020-07-07,12.977816581726074
2020-07-08,13.476869583129883
2020-07-09,13.813551902770996
2020-07-10,14.106060981750488
2020-07-13,13.234503746032715
2020-07-14,13.51507568359375
2020-07-15,13.581933975219727
2020-07-16,13.290619850158691
2020-07-17,13.352703094482422
2020-07-20,14.489306449890137
2020-07-21,14.026071548461914
2020-07-22,14.188440322875977
2020-07-23,13.076908111572266
2020-07-24,12.690083503723145
2020-07-27,13.371805191040039
2020-07-28,12.869169235229492
2020-07-29,13.307334899902344
2020-07-30,13.523431777954102
2020-07-31,14.252912521362305
2020-08-03,14.784202575683594
2020-08-04,14.976422309875488
2020-08-05,15.09581470489502
2020-08-06,15.673666000366211
2020-08-07,15.161478042602539
2020-08-10,14.957318305969238
2020-08-11,14.10844898223877
2020-08-12,15.163866996765137
2020-08-13,15.270123481750488
2020-08-14,15.225950241088867
2020-08-17,15.72859001159668
2020-08-18,16.190628051757812
2020-08-19,15.874245643615723
2020-08-20,16.52731704711914
2020-08-21,16.87235450744629
2020-08-24,17.185157775878906
2020-08-25,17.5863094329834
2020-08-26,18.712169647216797
2020-08-27,18.542634963989258
2020-08-28,18.829177856445312
2020-08-31,19.26494789123535
2020-09-01,20.26544761657715
2020-09-02,20.837331771850586
2020-09-03,17.63764762878418
2020-09-04,16.910558700561523
2020-09-08,14.520350456237793
2020-09-09,15.767988204956055
2020-09-10,14.855836868286133
2020-09-11,14.531092643737793
2020-09-14,15.279677391052246
2020-09-15,15.929162979125977
2020-09-16,15.163866996765137
2020-09-17,14.465428352355957
2020-09-18,13.906678199768066
2020-09-21,14.071439743041992
2020-09-22,14.84031867980957
2020-09-23,13.466124534606934
2020-09-24,13.663121223449707
2020-09-25,14.620636940002441
2020-09-28,15.48741626739502
2020-09-29,15.325044631958008
2020-09-30,15.62829875946045
2020-10-01,16.360164642333984
2020-10-02,15.011045455932617
2020-10-05,15.95781421661377
2020-10-06,15.10058879852295
2020-10-07,15.894537925720215
2020-10-08,16.128549575805664
2020-10-09,16.846088409423828
2020-10-12,18.417274475097656
2020-10-13,18.419666290283203
2020-10-14,17.964780807495117
2020-10-15,17.593477249145508
2020-10-16,17.323654174804688
2020-10-19,16.462839126586914
2020-10-20,16.56909942626953
2020-10-21,16.526119232177734
2020-10-22,16.53447914123535
2020-10-23,16.631181716918945
2020-10-26,15.873047828674316
2020-10-27,16.24793815612793
2020-10-28,14.34126091003418
2020-10-29,15.0707426071167
2020-10-30,14.022488594055176
2020-11-02,14.027263641357422
2020-11-03,14.732864379882812
2020-11-04,16.72430992126465
2020-11-05,18.014923095703125
2020-11-06,18.075815200805664
2020-11-09,16.97264289855957
2020-11-10,16.056915283203125
2020-11-11,17.136205673217773
2020-11-12,16.885488510131836
2020-11-13,17.328428268432617
2020-11-16,17.72719383239746
2020-11-17,17.563629150390625
2020-11-18,17.156505584716797
2020-11-19,17.5815372467041
2020-11-20,17.22455596923828
2020-11-23,17.228139877319336
2020-11-24,17.932544708251953
2020-11-25,18.270423889160156
2020-11-27,18.769479751586914
2020-11-30,18.866188049316406
2020-12-01,19.607606887817383
2020-12-02,19.6864070892334
2020-12-03,19.766389846801758
2020-12-04,20.008758544921875
2020-12-07,20.347829818725586
2020-12-08,20.534080505371094
2020-12-09,19.158693313598633
2020-12-10,19.39389419555664
2020-12-11,19.257789611816406
2020-12-14,19.668495178222656
2020-12-15,20.27977752685547
2020-12-16,20.620040893554688
2020-12-17,21.042686462402344
2020-12-18,20.813457489013672
2020-12-21,20.7358455657959
2020-12-22,20.8994140625
2020-12-23,20.584224700927734
2020-12-24,20.85165786743164
2020-12-28,21.477270126342773
2020-12-29,21.54054832458496
2020-12-30,21.53696632385254
2020-12-31,21.705307006835938
2021-01-04,20.756149291992188
2021-01-05,21.276691436767578
2021-01-06,20.396778106689453
2021-01-07,21.87006378173828
2021-01-08,22.717742919921875
2021-01-11,21.713661193847656
2021-01-12,21.619348526000977
2021-01-13,22.039600372314453
2021-01-14,21.70410919189453
2021-01-15,21.17640495300293
2021-01-19,22.09452247619629
2021-01-20,23.634666442871094
2021-01-21,24.222068786621094
2021-01-22,24.002389907836914
2021-01-25,24.668594360351562
2021-01-26,24.694860458374023
2021-01-27,22.703414916992188
2021-01-28,23.0377140045166
2021-01-29,21.602630615234375
2021-02-01,23.190532684326172
2021-02-02,24.312808990478516
2021-02-03,24.03343391418457
2021-02-04,24.88349723815918
2021-02-05,25.143768310546875
2021-02-08,25.63566017150879
2021-02-09,25.623720169067383
2021-02-10,25.442249298095703
2021-02-11,25.85295295715332
2021-02-12,26.292312622070312
2021-02-16,26.072633743286133
2021-02-17,25.709686279296875
2021-02-18,25.36345100402832
2021-02-19,25.029157638549805
2021-02-22,23.09024429321289
2021-02-23,22.884891510009766
2021-02-24,23.436481475830078
2021-02-25,20.988956451416016
2021-02-26,21.304155349731445
2021-03-01,23.161880493164062
2021-03-02,22.05154037475586
2021-03-03,20.138893127441406
2021-03-04,19.143169403076172
2021-03-05,20.000402450561523
2021-03-08,18.290719985961914
2021-03-09,20.444536209106445
2021-03-10,20.27022361755371
2021-03-11,21.676654815673828
2021-03-12,21.13700294494629
2021-03-15,21.81275749206543
2021-03-16,22.17093276977539
2021-03-17,22.45030403137207
2021-03-18,20.389619827270508
2021-03-19,20.649890899658203
2021-03-22,21.750675201416016
2021-03-23,21.466522216796875
2021-03-24,20.3824520111084
2021-03-25,20.272613525390625
2021-03-26,21.168041229248047
2021-03-29,21.156108856201172
2021-03-30,20.855239868164062
2021-03-31,21.791269302368164
2021-04-01,22.89922332763672
2021-04-05,24.27460289001465
2021-04-06,24.217294692993164
2021-04-07,24.396377563476562
2021-04-08,25.158098220825195
2021-04-09,25.61417007446289
2021-04-12,25.513883590698242
2021-04-13,26.387828826904297
2021-04-14,25.461353302001953
2021-04-15,26.586013793945312
2021-04-16,26.698238372802734
2021-04-19,25.96995735168457
2021-04-20,25.401657104492188
2021-04-21,26.043981552124023
2021-04-22,25.096010208129883
2021-04-23,26.04159164428711
2021-04-26,26.557361602783203
2021-04-27,26.208742141723633
2021-04-28,25.938915252685547
2021-04-29,26.199188232421875
2021-04-30,25.707298278808594
2021-05-03,25.287036895751953
2021-05-04,23.95463752746582
2021-05-05,23.675264358520508
2021-05-06,24.193416595458984
2021-05-07,24.78559684753418
2021-05-10,22.923095703125
2021-05-11,22.808481216430664
2021-05-12,21.07253074645996
2021-05-13,21.51667022705078
2021-05-14,22.915937423706055
2021-05-17,22.529104232788086
2021-05-18,22.056316375732422
2021-05-19,22.137500762939453
2021-05-20,23.41737174987793
2021-05-21,23.030546188354492
2021-05-24,24.183866500854492
2021-05-25,24.30086898803711
2021-05-26,24.54681968688965
2021-05-27,24.260276794433594
2021-05-28,24.49666404724121
2021-06-01,24.257888793945312
2021-06-02,24.384441375732422
2021-06-03,23.61795425415039
2021-06-04,24.82857894897461
2021-06-07,25.04825782775879
2021-06-08,25.07691192626953
2021-06-09,25.105567932128906
2021-06-10,25.87444305419922
2021-06-11,26.079795837402344
2021-06-14,26.810474395751953
2021-06-15,26.31380271911621
2021-06-16,26.032039642333984
2021-06-17,27.00388526916504
2021-06-18,26.359174728393555
2021-06-21,26.84151268005371
2021-06-22,27.591291427612305
2021-06-23,27.639047622680664
2021-06-24,28.147647857666016
2021-06-25,28.059303283691406
2021-06-28,29.05263328552246
2021-06-29,29.37976837158203
2021-06-30,29.250825881958008
2021-07-01,29.265151977539062
2021-07-02,30.258485794067383
2021-07-06,30.66441535949707
2021-07-07,30.860219955444336
2021-07-08,30.325345993041992
2021-07-09,30.838726043701172
2021-07-12,31.225553512573242
2021-07-13,31.20883560180664
2021-07-14,31.37837791442871
2021-07-15,30.72888946533203
2021-07-16,29.974334716796875
2021-07-19,29.255599975585938
2021-07-20,30.220285415649414
2021-07-21,30.91036605834961
2021-07-22,31.559844970703125
2021-07-23,32.60810852050781
2021-07-26,32.74420928955078
2021-07-27,31.674463272094727
2021-07-28,32.02070617675781
2021-07-29,32.17829895019531
2021-07-30,31.695959091186523
2021-08-02,31.686403274536133
2021-08-03,32.23798751831055
2021-08-04,32.397972106933594
2021-08-05,33.006874084472656
2021-08-06,32.577064514160156
2021-08-09,32.751373291015625
2021-08-10,32.26186752319336
2021-08-11,32.08755874633789
2021-08-12,32.42184829711914
2021-08-13,32.74660110473633
2021-08-16,32.80390548706055
2021-08-17,31.94190216064453
2021-08-18,31.01303482055664
2021-08-19,31.454790115356445
2021-08-20,32.426631927490234
2021-08-23,33.87125778198242
2021-08-24,34.20556640625
2021-08-25,34.2437629699707
2021-08-26,33.66352462768555
2021-08-27,34.647308349609375
2021-08-30,35.79584884643555
2021-08-31,35.6955680847168
2021-09-01,35.891357421875
2021-09-02,35.841209411621094
2021-09-03,36.163570404052734
2021-09-07,36.31162643432617
2021-09-08,35.939109802246094
2021-09-09,35.55467224121094
2021-09-10,34.754756927490234
2021-09-13,34.67596435546875
2021-09-14,34.37748336791992
2021-09-15,35.139198303222656
2021-09-16,35.20843505859375
2021-09-17,33.96438217163086
2021-09-20,31.875043869018555
2021-09-21,31.91562843322754
2021-09-22,32.84926986694336
2021-09-23,33.76142501831055
2021-09-24,33.85694122314453
2021-09-27,33.0402946472168
2021-09-28,30.284751892089844
2021-09-29,30.08417510986328
2021-09-30,29.745105743408203
2021-10-01,30.287139892578125
2021-10-04,28.424638748168945
2021-10-05,29.518260955810547
2021-10-06,30.100889205932617
2021-10-07,30.91514015197754
2021-10-08,30.439964294433594
2021-10-11,29.764209747314453
2021-10-12,29.460952758789062
2021-10-13,30.151031494140625
2021-10-14,31.81534767150879
2021-10-15,32.40513229370117
2021-10-18,33.376983642578125
2021-10-19,34.110050201416016
2021-10-20,34.00259017944336
2021-10-21,34.61148452758789
2021-10-22,33.73515701293945
2021-10-25,34.74760055541992
2021-10-26,35.07233810424805
2021-10-27,35.34932327270508
2021-10-28,36.509803771972656
2021-10-29,37.04945373535156
2021-11-01,37.41478729248047
2021-11-02,37.91384506225586
2021-11-03,39.117313385009766
2021-11-04,40.576263427734375
2021-11-05,40.72669982910156
2021-11-08,40.55955505371094
2021-11-09,39.723819732666016
2021-11-10,37.983089447021484
2021-11-11,38.29111862182617
2021-11-12,39.50651550292969
2021-11-15,39.49458312988281
2021-11-16,40.311222076416016
2021-11-17,40.35897445678711
2021-11-18,41.593482971191406
2021-11-19,42.29789352416992
2021-11-22,40.83176803588867
2021-11-23,40.27539825439453
2021-11-24,40.64790344238281
2021-11-26,38.405731201171875
2021-11-29,40.791175842285156
2021-11-30,39.03851318359375
2021-12-01,37.035125732421875
2021-12-02,37.73237609863281
2021-12-03,35.83644104003906
2021-12-06,36.674564361572266
2021-12-07,39.98170471191406
2021-12-08,40.53805923461914
2021-12-09,38.78778839111328
2021-12-10,39.98885726928711
2021-12-13,38.26963424682617
2021-12-14,37.13064193725586
2021-12-15,39.58770751953125
2021-12-16,36.56711196899414
2021-12-17,36.00836181640625
2021-12-20,34.931453704833984
2021-12-21,37.26675033569336
2021-12-22,38.59675598144531
2021-12-23,39.51367950439453
2021-12-27,41.40245056152344
2021-12-28,40.915348052978516
2021-12-29,40.850860595703125
2021-12-30,40.468814849853516
2021-12-31,39.716651916503906
2022-01-03,40.86281204223633
2022-01-04,39.27490234375
2022-01-05,35.662139892578125
2022-01-06,35.564231872558594
2022-01-07,34.4013557434082
2022-01-10,34.52791976928711
2022-01-11,36.046573638916016
2022-01-12,36.457275390625
2022-01-13,33.81156539916992
2022-01-14,34.32255554199219
2022-01-18,31.848779678344727
2022-01-19,30.740825653076172
2022-01-20,29.551692962646484
2022-01-21,27.063575744628906
2022-01-24,27.455184936523438
2022-01-25,25.430309295654297
2022-01-26,25.382553100585938
2022-01-27,24.623226165771484
2022-01-28,26.920310974121094
2022-01-31,29.527814865112305
2022-02-01,30.091339111328125
2022-02-02,30.802907943725586
2022-02-03,27.09701156616211
2022-02-04,28.033039093017578
2022-02-07,27.397876739501953
2022-02-08,28.32912254333496
2022-02-09,30.086566925048828
2022-02-10,28.09033966064453
2022-02-11,25.44463539123535
2022-02-14,25.516273498535156
2022-02-15,27.36444664001465
2022-02-16,27.35966682434082
2022-02-17,24.933643341064453
2022-02-18,24.088354110717773
2022-02-22,23.343351364135742
2022-02-23,21.557262420654297
2022-02-24,23.668092727661133
2022-02-25,24.79037094116211
2022-02-28,25.05303382873535
2022-03-01,23.897327423095703
2022-03-02,25.038705825805664
2022-03-03,23.992841720581055
2022-03-04,22.966075897216797
2022-03-07,20.401559829711914
2022-03-08,20.119792938232422
2022-03-09,22.273609161376953
2022-03-10,21.557262420654297
2022-03-11,20.220077514648438
2022-03-14,19.035720825195312
2022-03-15,20.79793357849121
2022-03-16,23.133222579956055
2022-03-17,23.906879425048828
2022-03-18,25.392101287841797
2022-03-21,25.210636138916016
2022-03-22,26.700632095336914
2022-03-23,25.573577880859375
2022-03-24,27.230724334716797
2022-03-25,27.187746047973633
2022-03-28,28.424638748168945
2022-03-29,29.881208419799805
2022-03-30,28.983386993408203
2022-03-31,27.78470230102539
2022-04-01,27.665311813354492
2022-04-04,29.39409637451172
2022-04-05,27.450407028198242
2022-04-06,25.64521598815918
2022-04-07,25.812362670898438
2022-04-08,24.75694465637207
2022-04-11,22.99950408935547
2022-04-12,22.703414916992188
2022-04-13,24.064476013183594
2022-04-14,22.445531845092773
2022-04-18,22.507614135742188
2022-04-19,23.95463752746582
2022-04-20,22.87533950805664
2022-04-21,21.533384323120117
2022-04-22,19.823701858520508
2022-04-25,20.55915069580078
2022-04-26,18.247737884521484
2022-04-27,18.16655158996582
2022-04-28,20.08636474609375
2022-04-29,17.445430755615234
2022-05-02,18.266841888427734
2022-05-03,18.309818267822266
2022-05-04,20.124568939208984
2022-05-05,17.125465393066406
2022-05-06,16.52850341796875
2022-05-09,14.575268745422363
2022-05-10,15.076711654663086
2022-05-11,13.734755516052246
2022-05-12,13.624916076660156
2022-05-13,15.105364799499512
2022-05-16,14.637350082397461
2022-05-17,15.740525245666504
2022-05-18,13.443440437316895
2022-05-19,13.17123031616211
2022-05-20,13.05661392211914
2022-05-23,13.701326370239258
2022-05-24,12.846485137939453
2022-05-25,13.36225414276123
2022-05-26,14.479756355285645
2022-05-27,15.898122787475586
2022-05-31,15.783506393432617
2022-06-01,15.415781021118164
2022-06-02,16.66700553894043
2022-06-03,15.348922729492188
2022-06-06,15.539948463439941
2022-06-07,15.917223930358887
2022-06-08,15.592480659484863
2022-06-09,14.32215690612793
2022-06-10,12.793952941894531
2022-06-13,11.022187232971191
2022-06-14,11.09382438659668
2022-06-15,11.891355514526367
2022-06-16,10.439558982849121
2022-06-17,10.826388359069824
2022-06-21,11.643022537231445
2022-06-22,11.600042343139648
2022-06-23,12.096708297729492
2022-06-24,13.36225414276123
2022-06-27,13.0470609664917
2022-06-28,11.857926368713379
2022-06-29,11.881802558898926
2022-06-30,11.4615478515625
2022-07-01,11.647798538208008
2022-07-05,12.249529838562012
2022-07-06,12.483534812927246
2022-07-07,13.257190704345703
2022-07-08,13.319273948669434
2022-07-11,12.469208717346191
2022-07-12,12.10626220703125
2022-07-13,12.029850959777832
2022-07-14,12.154017448425293
2022-07-15,12.793952941894531
2022-07-18,12.49786376953125
2022-07-19,13.591485977172852
2022-07-20,14.274402618408203
2022-07-21,14.880908966064453
2022-07-22,14.1024808883667
2022-07-25,13.892351150512695
2022-07-26,13.051837921142578
2022-07-27,14.68033218383789
2022-07-28,15.10058879852295
2022-07-29,15.931550025939941
2022-08-01,15.907673835754395
2022-08-02,15.75963020324707
2022-08-03,17.02039909362793
2022-08-04,17.263959884643555
2022-08-05,16.853252410888672
2022-08-08,16.681325912475586
2022-08-09,16.108251571655273
2022-08-10,17.43110466003418
2022-08-11,17.168445587158203
2022-08-12,18.13789939880371
2022-08-15,18.57248306274414
2022-08-16,18.453088760375977
2022-08-17,17.81315803527832
2022-08-18,17.932544708251953
2022-08-19,16.88190269470215
2022-08-22,15.554275512695312
2022-08-23,15.501744270324707
2022-08-24,15.621133804321289
2022-08-25,16.44254493713379
2022-08-26,14.441550254821777
2022-08-29,13.997413635253906
2022-08-30,13.529401779174805
2022-08-31,13.281067848205566
2022-09-01,13.295397758483887
2022-09-02,12.74142074584961
2022-09-06,12.450104713439941
2022-09-07,13.185556411743164
2022-09-08,13.400461196899414
2022-09-09,14.25052261352539
2022-09-12,14.771071434020996
2022-09-13,12.3402681350708
2022-09-14,12.617256164550781
2022-09-15,11.98209285736084
2022-09-16,11.748086929321289
2022-09-19,12.029850959777832
2022-09-20,11.743311882019043
2022-09-21,11.09859848022461
2022-09-22,10.68789291381836
2022-09-23,10.176899909973145
2022-09-26,10.038406372070312
2022-09-27,10.047958374023438
2022-09-28,10.635361671447754
2022-09-29,9.73753833770752
2022-09-30,9.226544380187988
2022-10-03,9.866483688354492
2022-10-04,10.783404350280762
2022-10-05,10.783404350280762
2022-10-06,10.511194229125977
2022-10-07,9.312509536743164
2022-10-10,9.021195411682129
2022-10-11,8.663021087646484
2022-10-12,8.643916130065918
2022-10-13,9.221769332885742
2022-10-14,8.390807151794434
2022-10-17,9.216994285583496
2022-10-18,9.44622802734375
2022-10-19,9.331609725952148
2022-10-20,9.174015045166016
2022-10-21,9.823502540588379
2022-10-24,10.157795906066895
2022-10-25,10.769078254699707
2022-10-26,10.057510375976562
2022-10-27,9.503532409667969
2022-10-28,10.36314868927002
2022-10-31,10.004976272583008
2022-11-01,9.694558143615723
2022-11-02,8.691673278808594
2022-11-03,8.190229415893555
2022-11-04,8.572283744812012
2022-11-07,8.844494819641113
2022-11-08,9.0355224609375
2022-11-09,8.405136108398438
2022-11-10,10.243757247924805
2022-11-11,10.826388359069824
2022-11-14,10.539847373962402
2022-11-15,10.96488094329834
2022-11-16,10.520744323730469
2022-11-17,10.439558982849121
2022-11-18,10.430010795593262
2022-11-21,10.114814758300781
2022-11-22,10.539847373962402
2022-11-23,10.855040550231934
2022-11-25,10.630585670471191
2022-11-28,10.162571907043457
2022-11-29,9.91901683807373
2022-11-30,11.251419067382812
2022-12-01,11.31350326538086
2022-12-02,11.179784774780273
2022-12-05,10.61625862121582
2022-12-06,9.942893028259277
2022-12-07,9.823502540588379
2022-12-08,10.172123908996582
2022-12-09,9.976322174072266
2022-12-12,10.339273452758789
2022-12-13,10.664013862609863
2022-12-14,10.410905838012695
2022-12-15,9.379364967346191
2022-12-16,9.102378845214844
2022-12-19,8.725103378295898
2022-12-20,8.68690013885498
2022-12-21,9.064173698425293
2022-12-22,8.419957160949707
2022-12-23,8.443960189819336
2022-12-27,8.083925247192383
2022-12-28,7.757495880126953
2022-12-29,8.304744720458984
2022-12-30,8.304744720458984
2023-01-03,8.117528915405273
2023-01-04,8.242339134216309
2023-01-05,7.8535051345825195
2023-01-06,8.467960357666016
2023-01-09,8.645576477050781
2023-01-10,8.875996589660645
2023-01-11,9.317635536193848
2023-01-12,9.461648941040039
2023-01-13,9.6488676071167
2023-01-17,9.701671600341797
2023-01-18,9.341638565063477
2023-01-19,9.048811912536621
2023-01-20,9.788077354431152
2023-01-23,10.431336402893066
2023-01-24,10.36893081665039
2023-01-25,10.29212474822998
2023-01-26,10.887378692626953
2023-01-27,11.199405670166016
2023-01-30,10.52734661102295
2023-01-31,10.997787475585938
2023-02-01,11.708250999450684
2023-02-02,12.917960166931152
2023-02-03,12.250699996948242
2023-02-06,11.938673973083496
2023-02-07,12.677937507629395
2023-02-08,11.99627685546875
2023-02-09,11.674647331237793
2023-02-10,11.4346284866333
2023-02-13,11.977075576782227
2023-02-14,12.236299514770508
2023-02-15,12.509922981262207
2023-02-16,11.794658660888672
2023-02-17,11.540238380432129
2023-02-21,10.728963851928711
2023-02-22,10.738565444946289
2023-02-23,11.007390022277832
2023-02-24,10.450539588928223
2023-02-27,10.676158905029297
2023-02-28,10.623353004455566
2023-03-01,10.364131927490234
2023-03-02,10.613755226135254
2023-03-03,11.261813163757324
2023-03-06,11.309816360473633
2023-03-07,10.887378692626953
2023-03-08,11.036191940307617
2023-03-09,10.455337524414062
2023-03-10,10.023299217224121
2023-03-13,10.239319801330566
2023-03-14,10.935382843017578
2023-03-15,11.093795776367188
2023-03-16,11.972274780273438
2023-03-17,11.794658660888672
2023-03-20,11.919471740722656
2023-03-21,12.423513412475586
2023-03-22,11.916533470153809
2023-03-23,12.341432571411133
2023-03-24,12.466972351074219
2023-03-27,12.211065292358398
2023-03-28,12.008273124694824
2023-03-29,12.664936065673828
2023-03-30,13.007753372192383
2023-03-31,13.645105361938477
2023-04-03,13.548537254333496
2023-04-04,13.41334056854248
2023-04-05,12.983612060546875
2023-04-06,13.244346618652344
2023-04-10,13.215374946594238
2023-04-11,12.959468841552734
2023-04-12,12.616652488708496
2023-04-13,13.340914726257324
2023-04-14,13.263659477233887
2023-04-17,13.278144836425781
2023-04-18,13.287801742553711
2023-04-19,13.258831024169922
2023-04-20,12.949810981750488
2023-04-21,12.973957061767578
2023-04-24,12.896698951721191
2023-04-25,12.167609214782715
2023-04-26,12.370402336120605
2023-04-27,13.369885444641113
2023-04-28,13.640275001525879
2023-05-01,13.60165023803711
2023-05-02,13.239517211914062
2023-05-03,12.97878360748291
2023-05-04,12.833931922912598
2023-05-05,13.620963096618652
2023-05-08,13.73201847076416
2023-05-09,13.46645450592041
2023-05-10,13.901012420654297
2023-05-11,14.01689338684082
2023-05-12,13.872040748596191
2023-05-15,14.084490776062012
2023-05-16,14.137603759765625
2023-05-17,14.644587516784668
2023-05-18,15.431618690490723
2023-05-19,15.325393676757812
2023-05-22,15.48473072052002
2023-05-23,14.886009216308594
2023-05-24,14.644587516784668
2023-05-25,15.702009201049805
2023-05-26,16.889799118041992
2023-05-30,17.126392364501953
2023-05-31,16.778751373291016
2023-06-01,17.387128829956055
2023-06-02,17.778228759765625
2023-06-05,17.81685447692871
2023-06-06,17.797544479370117
2023-06-07,16.889799118041992
2023-06-08,17.469213485717773
2023-06-09,17.68166160583496
2023-06-12,18.58457374572754
2023-06-13,18.999813079833984
2023-06-14,19.405406951904297
2023-06-15,20.086212158203125
2023-06-16,19.699939727783203
2023-06-20,19.603368759155273
2023-06-21,18.81772232055664
2023-06-22,19.442556381225586
2023-06-23,18.86616325378418
2023-06-26,18.120237350463867
2023-06-27,19.016315460205078
2023-06-28,19.1325626373291
2023-06-29,19.001785278320312
2023-06-30,19.859115600585938
2023-07-03,19.994739532470703
2023-07-05,19.980207443237305
2023-07-06,19.5103702545166
2023-07-07,19.311779022216797
2023-07-10,19.326313018798828
2023-07-11,19.60240364074707
2023-07-12,20.328956604003906
2023-07-13,21.341283798217773
2023-07-14,21.321908950805664
2023-07-17,21.912843704223633
2023-07-18,22.435956954956055
2023-07-19,22.435956954956055
2023-07-20,20.86176300048828
2023-07-21,20.67770004272461
2023-07-24,20.76004409790039
2023-07-25,21.17660140991211
2023-07-26,20.95863151550293
2023-07-27,20.779417037963867
2023-07-28,21.903148651123047
2023-07-31,21.946746826171875
2023-08-01,21.77721405029297
2023-08-02,20.353174209594727
2023-08-03,20.207862854003906
2023-08-04,19.926929473876953
2023-08-07,20.420982360839844
2023-08-08,19.897865295410156
2023-08-09,19.234283447265625
2023-08-10,19.32146644592285
2023-08-11,18.933975219726562
2023-08-14,19.563655853271484
2023-08-15,18.963035583496094
2023-08-16,18.333354949951172
2023-08-17,17.713361740112305
2023-08-18,17.631019592285156
2023-08-21,18.48350715637207
2023-08-22,18.401168823242188
2023-08-23,19.268184661865234
2023-08-24,17.9991397857666
2023-08-25,18.425386428833008
2023-08-28,18.837099075317383
2023-08-29,20.038331985473633
2023-08-30,20.3725528717041
2023-08-31,20.55660629272461
2023-09-01,20.48395347595215
2023-09-05,20.537235260009766
2023-09-06,19.994739532470703
2023-09-07,19.55881118774414
2023-09-08,19.616931915283203
2023-09-11,20.285362243652344
2023-09-12,19.636306762695312
2023-09-13,19.83005714416504
2023-09-14,20.2950496673584
2023-09-15,19.253658294677734
2023-09-18,19.29724884033203
2023-09-19,19.180999755859375
2023-09-20,18.34932518005371
2023-09-21,17.304262161254883
2023-09-22,17.31884765625
2023-09-25,17.54730224609375
2023-09-26,16.764724731445312
2023-09-27,16.866798400878906
2023-09-28,17.275102615356445
2023-09-29,17.31398582458496
2023-10-02,17.72715187072754
2023-10-03,16.789024353027344
2023-10-04,17.469532012939453
2023-10-05,17.284826278686523
2023-10-06,18.154895782470703
2023-10-09,18.422239303588867
2023-10-10,18.723600387573242
2023-10-11,19.1221866607666
2023-10-12,18.89859390258789
2023-10-13,18.184064865112305
2023-10-16,18.7965145111084
2023-10-17,18.616666793823242
2023-10-18,17.829227447509766
2023-10-19,17.352872848510742
2023-10-20,16.570295333862305
2023-10-23,16.71611213684082
2023-10-24,17.187610626220703
2023-10-25,15.928675651550293
2023-10-26,15.000272750854492
2023-10-27,15.214143753051758
2023-10-30,15.70508098602295
2023-10-31,15.933533668518066
2023-11-01,16.755002975463867
2023-11-02,17.64451789855957
2023-11-03,18.266695022583008
2023-11-06,18.475706100463867
2023-11-07,18.995807647705078
2023-11-08,19.02983283996582
2023-11-09,18.577781677246094
2023-11-10,19.81727409362793
2023-11-13,19.637426376342773
2023-11-14,20.87205696105957
2023-11-15,20.93038558959961
2023-11-16,20.964412689208984
2023-11-17,20.978992462158203
2023-11-20,21.727550506591797
2023-11-21,21.33382797241211
2023-11-22,21.58172607421875
2023-11-24,21.474790573120117
2023-11-27,21.411598205566406
2023-11-28,21.58172607421875
2023-11-29,21.50395393371582
2023-11-30,21.32410430908203
2023-12-01,21.50395393371582
2023-12-04,20.891498565673828
2023-12-05,21.04218101501465
2023-12-06,20.667905807495117
2023-12-07,21.533117294311523
2023-12-08,21.79073715209961
2023-12-11,22.344863891601562
2023-12-12,22.884403228759766
2023-12-13,23.6912899017334
2023-12-14,23.65240478515625
2023-12-15,23.9343318939209
2023-12-18,24.434986114501953
2023-12-19,24.799537658691406
2023-12-20,23.697654724121094
2023-12-21,24.483667373657227
2023-12-22,24.581310272216797
2023-12-26,25.03046417236328
2023-12-27,25.162281036376953
2023-12-28,25.09881591796875
2023-12-29,24.75218391418457
2024-01-02,23.497488021850586
2024-01-03,22.74564552307129
2024-01-04,22.364843368530273
2024-01-05,22.44783592224121
2024-01-08,23.80017852783203
2024-01-09,23.956401824951172
2024-01-10,24.429969787597656
2024-01-11,24.547134399414062
2024-01-12,24.576431274414062
2024-01-16,24.56178092956543
2024-01-17,24.137041091918945
2024-01-18,25.172042846679688
2024-01-19,26.62690544128418
2024-01-22,26.734310150146484
2024-01-23,27.051647186279297
2024-01-24,27.49591827392578
2024-01-25,27.57402992248535
2024-01-26,27.0662899017334
2024-01-29,27.86207389831543
2024-01-30,27.305517196655273
2024-01-31,25.699310302734375
2024-02-01,26.607379913330078
2024-02-02,27.945072174072266
2024-02-05,27.803489685058594
2024-02-06,27.642379760742188
2024-02-07,28.467453002929688
2024-02-08,28.584623336791992
2024-02-09,29.424341201782227
2024-02-12,29.077714920043945
2024-02-13,27.700963973999023
2024-02-14,28.579742431640625
2024-02-15,28.81896209716797
2024-02-16,28.02806854248047
2024-02-20,27.378747940063477
2024-02-21,27.037002563476562
2024-02-22,29.375518798828125
2024-02-23,29.107006072998047
2024-02-26,29.06795310974121
2024-02-27,29.248586654663086
2024-02-28,28.775026321411133
2024-02-29,29.46828269958496
2024-03-01,30.820619583129883
2024-03-04,30.454463958740234
2024-03-05,28.82384490966797
2024-03-06,29.355995178222656
2024-03-07,30.66439437866211
2024-03-08,29.32181739807129
2024-03-11,28.98007583618164
2024-03-12,30.210357666015625
2024-03-13,29.50733757019043
2024-03-14,29.268115997314453
2024-03-15,28.198938369750977
2024-03-18,28.994720458984375
2024-03-19,29.19488525390625
2024-03-20,30.231172561645508
2024-03-21,30.623144149780273
2024-03-22,30.686843872070312
2024-03-25,30.37326431274414
2024-03-26,30.089078903198242
2024-03-27,30.353662490844727
2024-03-28,30.16257667541504
2024-04-01,30.3487606048584
2024-04-02,29.53541374206543
2024-04-03,29.731399536132812
2024-04-04,28.33008575439453
2024-04-05,29.32962417602539
2024-04-08,29.349224090576172
2024-04-09,29.653005599975586
2024-04-10,28.87395477294922
2024-04-11,30.231172561645508
2024-04-12,28.771059036254883
2024-04-15,27.325645446777344
2024-04-16,27.33054542541504
2024-04-17,26.316307067871094
2024-04-18,25.84593391418457
2024-04-19,24.24373435974121
2024-04-22,24.94928741455078
2024-04-23,26.061525344848633
2024-04-24,26.316307067871094
2024-04-25,25.89493179321289
2024-04-26,27.085561752319336
2024-04-29,27.408939361572266
2024-04-30,25.841035842895508
2024-05-01,25.282470703125
2024-05-02,26.218313217163086
2024-05-03,27.781320571899414
2024-05-06,28.692665100097656
2024-05-07,28.692665100097656
2024-05-08,28.638769149780273
2024-05-09,28.79555892944336
2024-05-10,28.991546630859375
2024-05-13,29.182634353637695
2024-05-14,29.726497650146484
2024-05-15,31.098417282104492
2024-05-16,30.907331466674805
2024-05-17,30.838733673095703
2024-05-20,31.475696563720703
2024-05-21,31.63738441467285
2024-05-22,31.617788314819336
2024-05-23,31.14741325378418
2024-05-24,32.01955795288086
2024-05-28,32.36744689941406
2024-05-29,31.691282272338867
2024-05-30,30.672143936157227
2024-05-31,30.63784408569336
2024-06-03,30.936725616455078
2024-06-04,31.167016983032227
2024-06-05,33.048500061035156
2024-06-06,33.00930404663086
2024-06-07,32.88680648803711
2024-06-10,33.23468780517578
2024-06-11,33.92064666748047
2024-06-12,35.258270263671875
2024-06-13,35.82173538208008
2024-06-14,36.341102600097656
2024-06-17,37.65912628173828
2024-06-18,37.67872619628906
2024-06-20,36.7918701171875
2024-06-21,36.45379638671875
2024-06-24,35.21907043457031
2024-06-25,36.394996643066406
2024-06-26,36.622718811035156
2024-06-27,36.88832473754883
2024-06-28,36.30794143676758
2024-07-01,36.903076171875
2024-07-02,38.03432083129883
2024-07-03,38.96881866455078
2024-07-05,40.14924240112305
2024-07-08,40.41484069824219
2024-07-09,40.50337219238281
2024-07-10,41.77233123779297
2024-07-11,39.0278434753418
2024-07-12,39.662315368652344
2024-07-15,39.95743179321289
2024-07-16,39.986942291259766
2024-07-17,36.470252990722656
2024-07-18,35.9243049621582
2024-07-19,34.95045471191406
2024-07-22,36.47517013549805
2024-07-23,36.081687927246094
2024-07-24,32.19120407104492
2024-07-25,31.118986129760742
2024-07-26,32.00922393798828
2024-07-29,32.196128845214844
2024-07-30,30.882902145385742
2024-07-31,33.583126068115234
2024-08-01,31.163251876831055
2024-08-02,28.890932083129883
2024-08-05,26.37268829345703
2024-08-06,27.031757354736328
2024-08-07,26.161197662353516
2024-08-08,28.556474685668945
2024-08-09,28.945030212402344
2024-08-12,29.141769409179688
2024-08-13,31.261621475219727
2024-08-14,31.315723419189453
2024-08-15,33.671661376953125
2024-08-16,33.76019287109375
2024-08-19,35.06849670410156
2024-08-20,34.852081298828125
2024-08-21,35.32917404174805
2024-08-22,33.63230895996094
2024-08-23,34.68977737426758
2024-08-26,33.671661376953125
2024-08-27,33.956932067871094
2024-08-28,32.80600357055664
2024-08-29,32.63386154174805
2024-08-30,33.74543380737305
2024-09-03,30.666488647460938
2024-09-04,30.40580940246582
2024-09-05,30.504182815551758
2024-09-06,28.030202865600586
2024-09-09,29.072914123535156
2024-09-10,29.854944229125977
2024-09-11,31.75838279724121
2024-09-12,32.69780731201172
2024-09-13,33.12570571899414
2024-09-16,32.683048248291016
2024-09-17,32.702728271484375
2024-09-18,32.27482223510742
2024-09-19,34.71437454223633
2024-09-20,34.4930305480957
2024-09-23,34.74879455566406
2024-09-24,35.24064254760742
2024-09-25,35.36399841308594
2024-09-26,36.114009857177734
2024-09-27,35.49229049682617
2024-09-30,35.76860809326172
2024-10-01,34.2537841796875
2024-10-02,34.382076263427734
2024-10-03,34.303123474121094
2024-10-04,35.512027740478516
2024-10-07,34.34260177612305
2024-10-08,35.832759857177734
2024-10-09,36.696258544921875
2024-10-10,36.567962646484375
2024-10-11,36.66171646118164
2024-10-14,37.59922409057617
2024-10-15,36.099212646484375
2024-10-16,36.0794677734375
2024-10-17,36.188018798828125
2024-10-18,36.8294792175293
2024-10-21,37.03178405761719
2024-10-22,37.14033889770508
2024-10-23,35.42321014404297
2024-10-24,36.266971588134766
2024-10-25,36.87882614135742
2024-10-28,36.91336441040039
2024-10-29,37.934757232666016
2024-10-30,37.09099578857422
2024-10-31,34.268585205078125
2024-11-01,34.998863220214844
2024-11-04,34.67319869995117
2024-11-05,35.99065017700195
2024-11-06,38.91175079345703
2024-11-07,40.73249816894531
2024-11-08,40.831180572509766
2024-11-11,40.757171630859375
2024-11-12,40.53512954711914
2024-11-13,40.35749435424805
2024-11-14,39.50385665893555
2024-11-15,36.646915435791016
2024-11-18,37.387054443359375
2024-11-19,38.137062072753906
2024-11-20,38.092655181884766
2024-11-21,38.4676628112793
2024-11-22,38.610755920410156
2024-11-25,38.78839111328125
2024-11-26,39.39037322998047
2024-11-27,38.438053131103516
2024-11-29,39.41997528076172
2024-12-02,40.69795608520508
2024-12-03,41.05815887451172
2024-12-04,42.55818176269531
2024-12-05,42.20783996582031
2024-12-06,43.293392181396484
2024-12-09,42.28186798095703
2024-12-10,41.822975158691406
2024-12-11,44.058204650878906
2024-12-12,43.18482971191406
2024-12-13,44.11248016357422
2024-12-16,46.03191375732422
2024-12-17,45.41512680053711
2024-12-18,40.505516052246094
2024-12-19,39.933143615722656
2024-12-20,40.96934127807617
2024-12-23,42.1104736328125
2024-12-24,43.78380584716797
2024-12-26,43.68973922729492
2024-12-27,41.91244888305664
2024-12-30,40.229217529296875
2024-12-31,39.174720764160156
2025-01-02,38.92718505859375
2025-01-03,40.79359817504883
2025-01-06,42.184730529785156
2025-01-07,39.91237258911133
2025-01-08,39.94207763671875
2025-01-10,38.036067962646484
2025-01-13,37.640010833740234
2025-01-14,37.506343841552734
2025-01-15,40.04108428955078
2025-01-16,39.2242317199707
2025-01-17,41.159942626953125
2025-01-21,41.843135833740234
2025-01-22,43.466957092285156
2025-01-23,43.73429489135742
2025-01-24,42.947139739990234
2025-01-27,39.17967224121094
2025-01-28,40.917362213134766
2025-01-29,40.66487503051758
2025-01-30,41.17479705810547
2025-01-31,40.9520149230957
2025-02-03,39.96187973022461
2025-02-04,41.41242980957031
2025-02-05,41.952049255371094
2025-02-06,42.58079528808594
2025-02-07,40.95696258544922
2025-02-10,42.397613525390625
2025-02-11,42.09562683105469
2025-02-12,42.17978286743164
2025-02-13,43.95707321166992
2025-02-14,44.47195053100586
2025-02-18,44.74918746948242
2025-02-19,44.7541389465332
2025-02-20,44.209564208984375
2025-02-21,41.44213104248047
2025-02-24,39.95197296142578
2025-02-25,38.42716979980469
2025-02-26,38.67470932006836
2025-02-27,35.4666633605957
2025-02-28,37.090484619140625
2025-03-03,34.69435501098633
2025-03-04,34.31315612792969
2025-03-05,35.649837493896484
2025-03-06,32.694278717041016
2025-03-07,33.37252426147461
2025-03-10,29.610010147094727
2025-03-11,29.26346206665039
2025-03-12,30.263500213623047
2025-03-13,28.60997200012207
2025-03-14,30.63974952697754
2025-03-17,31.23383140563965
2025-03-18,29.659517288208008
2025-03-19,30.813026428222656
2025-03-20,30.496179580688477
2025-03-21,30.783321380615234
2025-03-24,32.73883819580078
2025-03-25,33.323020935058594
2025-03-26,31.469974517822266
2025-03-27,30.93372344970703
2025-03-28,28.470943450927734
2025-03-31,28.451080322265625
2025-04-01,29.106496810913086
2025-04-02,29.7569522857666
2025-04-03,24.97538185119629
2025-04-04,20.402355194091797
2025-04-07,20.481800079345703
2025-04-08,19.314958572387695
2025-04-09,26.12236213684082
2025-04-10,22.909822463989258
2025-04-11,24.121353149414062
2025-04-14,24.627811431884766
2025-04-15,24.722152709960938
2025-04-16,22.487773895263672
2025-04-17,22.4232234954834
2025-04-21,20.78468132019043
2025-04-22,22.373571395874023
2025-04-23,23.858192443847656
2025-04-24,25.888994216918945
2025-04-25,26.743024826049805
2025-04-28,26.723161697387695
2025-04-29,27.244516372680664
2025-04-30,27.249481201171875
2025-05-01,28.18792152404785
2025-05-02,29.508686065673828
2025-05-05,28.997262954711914
2025-05-06,28.173025131225586
2025-05-07,28.500734329223633
2025-05-08,29.34979820251465
2025-05-09,29.280282974243164
2025-05-12,32.825496673583984
2025-05-13,34.32997512817383
2025-05-14,34.93574523925781
2025-05-15,35.044979095458984
2025-05-16,35.476959228515625
2025-05-19,35.5713005065918
2025-05-20,35.19890213012695
2025-05-21,33.7341423034668
2025-05-22,33.907928466796875
2025-05-23,32.92976760864258
2025-05-27,35.22372817993164
2025-05-28,34.771888732910156
2025-05-29,34.940711975097656
2025-05-30,34.756988525390625
2025-06-02,35.55640411376953
2025-06-03,36.38560485839844
2025-06-04,36.67855453491211
2025-06-05,35.824527740478516
2025-06-06,36.847381591796875
2025-06-09,37.01123046875
2025-06-10,37.72623825073242
2025-06-11,37.33893966674805
2025-06-12,37.582237243652344
2025-06-13,36.162166595458984
2025-06-16,37.63685989379883
2025-06-17,36.52463150024414
2025-06-18,36.474979400634766
2025-06-20,35.973487854003906
2025-06-23,37.09067916870117
2025-06-24,38.778873443603516
2025-06-25,39.076629638671875
2025-06-26,40.147151947021484
2025-06-27,40.54050827026367
2025-06-30,41.32721710205078
2025-07-01,40.276611328125
2025-07-02,41.07826232910156
2025-07-03,42.22844696044922
2025-07-07,41.287384033203125
2025-07-08,41.3421516418457
2025-07-09,42.198577880859375
2025-07-10,42.00438690185547
2025-07-11,41.68571853637695
2025-07-14,42.12886428833008
2025-07-15,42.23841094970703
2025-07-16,42.35791015625
2025-07-17,43.34379196166992
2025-07-18,43.19441604614258
2025-07-21,43.85166549682617
2025-07-22,43.16951370239258
2025-07-23,43.73714065551758
2025-07-24,44.025936126708984
2025-07-25,44.2748908996582
2025-07-28,44.70808792114258
2025-07-29,44.50393295288086
2025-07-30,44.65829086303711
2025-07-31,43.9213752746582
2025-08-01,41.287384033203125
2025-08-04,43.547935485839844
2025-08-05,42.6417236328125
2025-08-06,44.23505783081055
2025-08-07,44.683189392089844
2025-08-08,45.88814926147461
2025-08-11,45.48483657836914
2025-08-12,47.16282272338867
2025-08-13,47.23252868652344
2025-08-14,47.10307312011719
2025-08-15,46.43585968017578
2025-08-18,46.3761100769043
2025-08-19,44.4840202331543
2025-08-20,43.67241668701172
2025-08-21,43.0649528503418
2025-08-22,45.001853942871094
2025-08-25,44.60850143432617
2025-08-26,45.12633514404297
2025-08-27,45.33047866821289
2025-08-28,46.15702438354492
2025-08-29,44.493980407714844
2025-09-02,43.358726501464844
2025-09-03,44.369503021240234
2025-09-04,45.569480895996094
2025-09-05,45.7188606262207
2025-09-08,46.37112808227539
2025-09-09,46.749549865722656
2025-09-10,46.799339294433594
2025-09-11,47.5860481262207
2025-09-12,48.1785774230957
2025-09-15,49.40843200683594
2025-09-16,49.27399826049805
2025-09-17,48.960304260253906
2025-09-18,50.27979278564453
2025-09-19,51.27562713623047
2025-09-22,52.142005920410156
2025-09-23,51.091400146484375
2025-09-24,50.54216766357422
2025-09-25,49.864349365234375
2025-09-26,50.46242141723633
2025-09-29,51.13525390625
2025-09-30,51.53396987915039
2025-10-01,52.26162338256836
2025-10-02,52.899566650390625
2025-10-03,52.181880950927734
2025-10-06,53.34812545776367
2025-10-07,52.48590087890625
2025-10-08,54.26517105102539
2025-10-09,54.05086135864258
2025-10-10,48.37913513183594
2025-10-13,51.44924545288086
2025-10-14,50.402610778808594
2025-10-15,51.43429183959961
2025-10-16,50.86113739013672
2025-10-17,51.82802200317383
2025-10-20,53.771759033203125
2025-10-21,53.711952209472656
2025-10-22,52.132041931152344
2025-10-23,53.437835693359375
2025-10-24,55.10247039794922
2025-10-27,58.028045654296875
2025-10-28,59.35377502441406
2025-10-29,60.11133575439453
2025-10-30,57.36019515991211
2025-10-31,58.17258071899414
2025-11-03,58.97001266479492
2025-11-04,55.36164093017578
2025-11-05,56.438167572021484
2025-11-06,53.27336502075195
2025-11-07,52.72014617919922
2025-11-10,56.17401885986328
2025-11-11,55.710514068603516
2025-11-12,55.59588623046875
2025-11-13,52.161949157714844
2025-11-14,52.20181655883789
2025-11-17,50.86113739013672
2025-11-18,49.022064208984375
2025-11-19,49.864349365234375
2025-11-20,46.30083084106445
2025-11-21,47.327518463134766
2025-11-24,50.91596603393555
2025-11-25,51.84297180175781
2025-11-26,53.1986083984375
2025-11-28,54.36484909057617
2025-12-01,53.87641906738281
2025-12-02,55.12240982055664
2025-12-03,55.51115417480469
2025-12-04,55.33173370361328
2025-12-05,55.96968078613281
2025-12-08,55.62080001831055
2025-12-09,55.83012390136719
2025-12-10,56.468074798583984
2025-12-11,55.9298095703125
2025-12-12,52.65037536621094
2025-12-15,51.852943420410156
2025-12-16,52.161949157714844
2025-12-17,49.241355895996094
2025-12-18,51.34457778930664
2025-12-19,53.34812545776367
2025-12-22,54.075782775878906
2025-12-23,54.83333969116211
2025-12-24,55.26862335205078
2025-12-26,55.21870422363281
2025-12-29,54.40005874633789
2025-12-30,54.01070022583008
2025-12-31,52.63298034667969
2026-01-02,52.263587951660156
2026-01-05,53.51152420043945
2026-01-06,54.91919708251953
2026-01-07,55.07893371582031
2026-01-08,54.10055160522461
2026-01-09,55.6679573059082
2026-01-12,55.79774475097656
2026-01-13,55.50822448730469
2026-01-14,53.74114990234375
2026-01-15,54.29024124145508
2026-01-16,54.05063247680664
2026-01-20,50.646263122558594
2026-01-21,52.64296340942383
2026-01-22,53.811031341552734
2026-01-23,54.29024124145508
2026-01-26,54.98908615112305
2026-01-27,56.44667434692383
2026-01-28,56.965816497802734
2026-01-29,55.9474983215332
2026-01-30,53.910865783691406
2026-02-02,55.00904846191406
2026-02-03,52.43330764770508
2026-02-04,49.67786407470703
2026-02-05,47.561363220214844
2026-02-06,50.50649642944336
2026-02-09,51.654598236083984
2026-02-10,50.93578338623047
2026-02-11,51.31515884399414
2026-02-12,48.18033981323242
2026-02-13,48.38999557495117
2026-02-17,48.27019119262695
2026-02-18,49.308475494384766
2026-02-19,48.7494010925293
2026-02-20,49.97737121582031
2026-02-23,48.16037368774414
2026-02-24,49.69783020019531
2026-02-25,51.78438186645508
2026-02-26,49.967384338378906
2026-02-27,49.438262939453125
2026-03-02,49.61796569824219
2026-03-03,48.02060317993164
2026-03-04,50.17703628540039
2026-03-05,49.717796325683594
2026-03-06,47.46152877807617
2026-03-09,49.308475494384766
2026-03-10,49.318458557128906
2026-03-11,49.26853942871094
2026-03-12,46.75270462036133
2026-03-13,45.85418701171875
2026-03-16,47.38166046142578
2026-03-17,48.08050537109375
2026-03-18,46.023902893066406
2026-03-19,45.61458206176758
2026-03-20,43.00889205932617
2026-03-23,44.496429443359375
2026-03-24,43.547996520996094
2026-03-25,44.38999938964844
2026-03-26,41.22999954223633
2026-03-27,38.779998779296875
2026-03-30,37.88999938964844
2026-03-31,41.68000030517578
2026-04-01,43.22999954223633
2026-04-02,43.33000183105469
2026-04-06,44.099998474121094
2026-04-07,44.150001525878906
2026-04-08,48.0
2026-04-09,48.959999084472656
2026-04-10,49.16999816894531
2026-04-13,50.65999984741211
2026-04-14,53.40999984741211
2026-04-15,55.650001525878906
2026-04-16,56.43000030517578
2026-04-17,58.59000015258789
2026-04-20,58.08000183105469
2026-04-21,57.400001525878906
2026-04-22,60.209999084472656
2026-04-23,59.220001220703125
2026-04-24,62.560001373291016
2026-04-27,62.63999938964844
2026-04-28,60.7400016784668
2026-04-29,61.86000061035156
2026-04-30,63.540000915527344
2026-05-01,65.30000305175781
