{
  "intrinsic_value_pt": 2873150049.7366114,
  "intrinsic_value_per_share": 12.124837737954337,
  "v0": 1436575024.8683057,
  "v0_adjusted": 1436575024.8683057,
  "alpha": 1.0,
  "alpha_was_capped": true,
  "future_values": {
    "1年後": 18.19,
    "2年後": 27.28,
    "3年後": 40.92
  },
  "upside_percent": -66.3,
  "calculation_date": "2026-04-09",
  "formula": "Koichi式 v5.2（αキャップ＋RPO補正＋データガード）",
  "components": {
    "fcf_5yr_avg": 25921866.6,
    "diluted_shares": 236964000,
    "roe_10yr_avg": 0.4649673607112097,
    "current_price": 36.02,
    "fcf_list_raw": [
      2821333,
      2821000,
      -99736000,
      99918000,
      123785000
    ],
    "latest_revenue": 1318014000.0,
    "rpo": 0.0,
    "eps_data": {
      "ticker": "CELH"
    },
    "high_growth_rate_used": 0.5,
    "pv_high": 153874214.4418771,
    "pv_terminal": 1282700810.4264286,
    "roe_used": 0.4649673607112097,
    "fcf_floor_applied": 0.0,
    "rpo_adjustment": 0.0,
    "alpha_uncapped": 2.2974857823377417
  }
}