{
  "intrinsic_value_pt": -2374166033.8735876,
  "intrinsic_value_per_share": -5.798337430254255,
  "v0": -2438630496.7041135,
  "v0_adjusted": -2374166033.8735876,
  "alpha": 0.0,
  "alpha_was_capped": false,
  "future_values": {
    "1年後": -7.25,
    "2年後": -9.06,
    "3年後": -11.32
  },
  "upside_percent": -188.5,
  "calculation_date": "2026-04-10",
  "formula": "Koichi式 v5.2（αキャップ＋RPO補正＋データガード）",
  "components": {
    "fcf_5yr_avg": -74702271.6,
    "diluted_shares": 409456342,
    "roe_10yr_avg": 0.0,
    "current_price": 6.55,
    "fcf_list_raw": [
      -864358,
      -95348000,
      -68657000,
      -109518000,
      -99124000
    ],
    "latest_revenue": 0.0,
    "rpo": 79500000.0,
    "eps_data": {
      "ticker": "SOUN"
    },
    "high_growth_rate_used": 0.25,
    "pv_high": -299441440.98620784,
    "pv_terminal": -2139189055.7179058,
    "roe_used": 0.0,
    "fcf_floor_applied": 0.0,
    "rpo_adjustment": 64464462.83052605,
    "alpha_uncapped": 0.0
  }
}