{
  "intrinsic_value_pt": 3069586964.313037,
  "intrinsic_value_per_share": 5.784418100120793,
  "v0": 1571642053.558156,
  "v0_adjusted": 3069586964.313037,
  "alpha": 0.0,
  "alpha_was_capped": false,
  "future_values": {
    "1年後": 7.23,
    "2年後": 9.04,
    "3年後": 11.3
  },
  "upside_percent": -91.5,
  "calculation_date": "2026-04-11",
  "formula": "Koichi式 v5.2（αキャップ＋RPO補正＋データガード）",
  "components": {
    "fcf_5yr_avg": -167560600.0,
    "fcf_list_raw": [
      -97490000,
      -148950000,
      -153574000,
      -115983000,
      -321806000
    ],
    "diluted_shares": 530664781,
    "roe_10yr_avg": 0.0,
    "current_price": 68.05,
    "latest_revenue": 601799000.0,
    "rpo": 1847322000.0,
    "eps_data": {
      "ticker": "RKLB"
    },
    "high_growth_rate_used": 0.25,
    "pv_high": 192983218.1907131,
    "pv_terminal": 1378658835.3674428,
    "roe_used": 0.0,
    "fcf_floor_applied": 215704520.0,
    "rpo_adjustment": 1497944910.7548811,
    "rpo_pv": 1497944910.7548811,
    "alpha_uncapped": 0.0
  }
}